"Input Order","Search Term","Input GeneID","FlyBaseID","Input Gene Symbol","Output Species","Output GeneID","Human Species Gene ID","Output Gene Symbol","Ensembl ID (link HPA)","DIOPT Score","Weighted Score","Rank","Best Score","Best Score Reverse","Prediction Derived From","Alignment & Scores","Feedback","Gene Details"
"1","FBgn0000024","41625","FBgn0000024","Ace","Human","590","983","BCHE","ENSG00000114200","11","10.8","high","Yes","Yes","Compara, Domainoid, eggNOG, Inparanoid, OrthoDB, OrthoFinder, OrthoInspector, Panther, Phylome, SonicParanoid, orthoMCL","","Add","G2F details (BCHE)    DRscDB Data: (BCHE)                             Human Protein Atlas  (HPA)"
"1","FBgn0000024","41625","FBgn0000024","Ace","Human","43","108","ACHE","ENSG00000087085","9","8.77","moderate","No","Yes","Domainoid, eggNOG, Inparanoid, OrthoDB, OrthoFinder, OrthoInspector, Phylome, SonicParanoid, orthoMCL","","Add","G2F details (ACHE)    DRscDB Data: (ACHE)                             Human Protein Atlas  (HPA)"
"1","FBgn0000024","41625","FBgn0000024","Ace","Human","57555","14290","NLGN2","ENSG00000169992","3","2.9","low","No","No","OrthoFinder, orthoMCL, SonicParanoid","","Add","G2F details (NLGN2)    DRscDB Data: (NLGN2)                             Human Protein Atlas  (HPA)"
"1","FBgn0000024","41625","FBgn0000024","Ace","Human","1066","1863","CES1","ENSG00000198848","3","2.9","low","No","No","OrthoFinder, SonicParanoid, orthoMCL","","Add","G2F details (CES1)    DRscDB Data: (CES1)                             Human Protein Atlas  (HPA)"
"1","FBgn0000024","41625","FBgn0000024","Ace","Human","22871","14291","NLGN1","ENSG00000169760","3","2.9","low","No","No","OrthoFinder, orthoMCL, SonicParanoid","","Add","G2F details (NLGN1)    DRscDB Data: (NLGN1)                             Human Protein Atlas  (HPA)"
"1","FBgn0000024","41625","FBgn0000024","Ace","Human","23491","1865","CES3","ENSG00000172828","3","2.9","low","No","No","OrthoFinder, orthoMCL, SonicParanoid","","Add","G2F details (CES3)    DRscDB Data: (CES3)                             Human Protein Atlas  (HPA)"
"1","FBgn0000024","41625","FBgn0000024","Ace","Human","57502","14287","NLGN4X","ENSG00000146938","3","2.9","low","No","No","OrthoFinder, orthoMCL, SonicParanoid","","Add","G2F details (NLGN4X)    DRscDB Data: (NLGN4X)                             Human Protein Atlas  (HPA)"
"1","FBgn0000024","41625","FBgn0000024","Ace","Human","22829","15529","NLGN4Y","ENSG00000165246","3","2.9","low","No","No","OrthoFinder, orthoMCL, SonicParanoid","","Add","G2F details (NLGN4Y)    DRscDB Data: (NLGN4Y)                             Human Protein Atlas  (HPA)"
"1","FBgn0000024","41625","FBgn0000024","Ace","Human","8824","1864","CES2","ENSG00000172831","3","2.9","low","No","No","OrthoFinder, orthoMCL, SonicParanoid","","Add","G2F details (CES2)    DRscDB Data: (CES2)                             Human Protein Atlas  (HPA)"
"1","FBgn0000024","41625","FBgn0000024","Ace","Human","221223","26459","CES5A","ENSG00000159398","3","2.9","low","No","No","OrthoFinder, orthoMCL, SonicParanoid","","Add","G2F details (CES5A)    DRscDB Data: (CES5A)                             Human Protein Atlas  (HPA)"
"1","FBgn0000024","41625","FBgn0000024","Ace","Human","54413","14289","NLGN3","ENSG00000196338","3","2.9","low","No","No","OrthoFinder, orthoMCL, SonicParanoid","","Add","G2F details (NLGN3)    DRscDB Data: (NLGN3)                             Human Protein Atlas  (HPA)"
"1","FBgn0000024","41625","FBgn0000024","Ace","Human","283848","26741","CES4A","ENSG00000172824","3","2.9","low","No","No","OrthoFinder, orthoMCL, SonicParanoid","","Add","G2F details (CES4A)    DRscDB Data: (CES4A)                             Human Protein Atlas  (HPA)"
"1","FBgn0000024","41625","FBgn0000024","Ace","Human","1056","1848","CEL","ENSG00000170835","3","2.9","low","No","No","OrthoFinder, orthoMCL, SonicParanoid","","Add","G2F details (CEL)    DRscDB Data: (CEL)                             Human Protein Atlas  (HPA)"
"1","FBgn0000024","41625","FBgn0000024","Ace","Human","13","17","AADAC","ENSG00000114771","1","1","low","No","No","SonicParanoid","","Add","G2F details (AADAC)    DRscDB Data: (AADAC)                             Human Protein Atlas  (HPA)"
"1","FBgn0000024","41625","FBgn0000024","Ace","Human","343066","32038","AADACL4","ENSG00000204518","1","1","low","No","No","SonicParanoid","","Add","G2F details (AADACL4)    DRscDB Data: (AADACL4)                             Human Protein Atlas  (HPA)"
"1","FBgn0000024","41625","FBgn0000024","Ace","Human","107987423","-","LOC107987423","","1","1","low","No","Yes","OrthoFinder","","Add","G2F details (LOC107987423)    DRscDB Data: (LOC107987423)                             Human Protein Atlas  (HPA)"
"1","FBgn0000024","41625","FBgn0000024","Ace","Human","126767","32037","AADACL3","ENSG00000188984","1","1","low","No","No","SonicParanoid","","Add","G2F details (AADACL3)    DRscDB Data: (AADACL3)                             Human Protein Atlas  (HPA)"
"1","FBgn0000024","41625","FBgn0000024","Ace","Human","57552","29260","NCEH1","ENSG00000144959","1","1","low","No","No","SonicParanoid","","Add","G2F details (NCEH1)    DRscDB Data: (NCEH1)                             Human Protein Atlas  (HPA)"
"1","FBgn0000024","41625","FBgn0000024","Ace","Human","344752","24427","AADACL2","ENSG00000197953","1","1","low","No","No","SonicParanoid","","Add","G2F details (AADACL2)    DRscDB Data: (AADACL2)                             Human Protein Atlas  (HPA)"
"2","FBgn0010379","41957","FBgn0010379","Akt","Human","208","392","AKT2","ENSG00000105221","12","11.88","high","Yes","Yes","Domainoid, eggNOG, Inparanoid, OMA, OrthoDB, OrthoFinder, OrthoInspector, Hieranoid, Panther, Phylome, SonicParanoid, orthoMCL","","Add","G2F details (AKT2)    DRscDB Data: (AKT2)                             Human Protein Atlas  (HPA)"
"2","FBgn0010379","41957","FBgn0010379","Akt","Human","207","391","AKT1","ENSG00000142208","12","11.88","high","Yes","Yes","Domainoid, eggNOG, Inparanoid, OMA, OrthoDB, OrthoFinder, OrthoInspector, Hieranoid, Panther, Phylome, SonicParanoid, orthoMCL","","Add","G2F details (AKT1)    DRscDB Data: (AKT1)                             Human Protein Atlas  (HPA)"
"2","FBgn0010379","41957","FBgn0010379","Akt","Human","10000","393","AKT3","ENSG00000117020","12","11.88","high","Yes","Yes","Domainoid, eggNOG, Inparanoid, OMA, OrthoDB, OrthoFinder, OrthoInspector, Hieranoid, Panther, Phylome, SonicParanoid, orthoMCL","","Add","G2F details (AKT3)    DRscDB Data: (AKT3)                             Human Protein Atlas  (HPA)"
"2","FBgn0010379","41957","FBgn0010379","Akt","Human","100533105","48354","C8orf44-SGK3","ENSG00000288602","2","1.91","moderate","No","Yes","OrthoDB, orthoMCL","","Add","G2F details (C8orf44-SGK3)    DRscDB Data: (C8orf44-SGK3)                             Human Protein Atlas  (HPA)"
"2","FBgn0010379","41957","FBgn0010379","Akt","Human","23678","10812","SGK3","ENSG00000104205","2","1.91","low","No","No","OrthoDB, orthoMCL","","Add","G2F details (SGK3)    DRscDB Data: (SGK3)                             Human Protein Atlas  (HPA)"
"2","FBgn0010379","41957","FBgn0010379","Akt","Human","6446","10810","SGK1","ENSG00000118515","2","1.91","low","No","No","OrthoDB, orthoMCL","","Add","G2F details (SGK1)    DRscDB Data: (SGK1)                             Human Protein Atlas  (HPA)"
"2","FBgn0010379","41957","FBgn0010379","Akt","Human","10110","13900","SGK2","ENSG00000101049","2","1.91","low","No","No","OrthoDB, orthoMCL","","Add","G2F details (SGK2)    DRscDB Data: (SGK2)                             Human Protein Atlas  (HPA)"
"2","FBgn0010379","41957","FBgn0010379","Akt","Human","6790","11393","AURKA","ENSG00000087586","1","0.9","low","No","No","orthoMCL","","Add","G2F details (AURKA)    DRscDB Data: (AURKA)                             Human Protein Atlas  (HPA)"
"2","FBgn0010379","41957","FBgn0010379","Akt","Human","282974","21332","STK32C","ENSG00000165752","1","0.9","low","No","No","orthoMCL","","Add","G2F details (STK32C)    DRscDB Data: (STK32C)                             Human Protein Atlas  (HPA)"
"2","FBgn0010379","41957","FBgn0010379","Akt","Human","5580","9399","PRKCD","ENSG00000163932","1","0.9","low","No","No","orthoMCL","","Add","G2F details (PRKCD)    DRscDB Data: (PRKCD)                             Human Protein Atlas  (HPA)"
"2","FBgn0010379","41957","FBgn0010379","Akt","Human","124923","26314","RSKR","ENSG00000167524","1","0.9","low","No","No","orthoMCL","","Add","G2F details (RSKR)    DRscDB Data: (RSKR)                             Human Protein Atlas  (HPA)"
"2","FBgn0010379","41957","FBgn0010379","Akt","Human","9212","11390","AURKB","ENSG00000178999","1","0.9","low","No","No","orthoMCL","","Add","G2F details (AURKB)    DRscDB Data: (AURKB)                             Human Protein Atlas  (HPA)"
"2","FBgn0010379","41957","FBgn0010379","Akt","Human","84930","19042","MASTL","ENSG00000120539","1","0.9","low","No","No","orthoMCL","","Add","G2F details (MASTL)    DRscDB Data: (MASTL)                             Human Protein Atlas  (HPA)"
"2","FBgn0010379","41957","FBgn0010379","Akt","Human","5613","9441","PRKX","ENSG00000183943","1","0.9","low","No","No","orthoMCL","","Add","G2F details (PRKX)    DRscDB Data: (PRKX)                             Human Protein Atlas  (HPA)"
"2","FBgn0010379","41957","FBgn0010379","Akt","Human","11329","17847","STK38","ENSG00000112079","1","0.9","low","No","No","orthoMCL","","Add","G2F details (STK38)    DRscDB Data: (STK38)                             Human Protein Atlas  (HPA)"
"2","FBgn0010379","41957","FBgn0010379","Akt","Human","26524","6515","LATS2","ENSG00000150457","1","0.9","low","No","No","orthoMCL","","Add","G2F details (LATS2)    DRscDB Data: (LATS2)                             Human Protein Atlas  (HPA)"
"2","FBgn0010379","41957","FBgn0010379","Akt","Human","6197","10432","RPS6KA3","ENSG00000177189","1","0.9","low","No","No","orthoMCL","","Add","G2F details (RPS6KA3)    DRscDB Data: (RPS6KA3)                             Human Protein Atlas  (HPA)"
"2","FBgn0010379","41957","FBgn0010379","Akt","Human","5567","9381","PRKACB","ENSG00000142875","1","0.9","low","No","No","orthoMCL","","Add","G2F details (PRKACB)    DRscDB Data: (PRKACB)                             Human Protein Atlas  (HPA)"
"2","FBgn0010379","41957","FBgn0010379","Akt","Human","9252","10434","RPS6KA5","ENSG00000100784","1","0.9","low","No","No","orthoMCL","","Add","G2F details (RPS6KA5)    DRscDB Data: (RPS6KA5)                             Human Protein Atlas  (HPA)"
"2","FBgn0010379","41957","FBgn0010379","Akt","Human","5593","9416","PRKG2","ENSG00000138669","1","0.9","low","No","No","orthoMCL","","Add","G2F details (PRKG2)    DRscDB Data: (PRKG2)                             Human Protein Atlas  (HPA)"
"2","FBgn0010379","41957","FBgn0010379","Akt","Human","202374","28317","STK32A","ENSG00000169302","1","0.9","low","No","No","orthoMCL","","Add","G2F details (STK32A)    DRscDB Data: (STK32A)                             Human Protein Atlas  (HPA)"
"2","FBgn0010379","41957","FBgn0010379","Akt","Human","5592","9414","PRKG1","ENSG00000185532","1","0.9","low","No","No","orthoMCL","","Add","G2F details (PRKG1)    DRscDB Data: (PRKG1)                             Human Protein Atlas  (HPA)"
"2","FBgn0010379","41957","FBgn0010379","Akt","Human","5170","8816","PDPK1","ENSG00000140992","1","0.9","low","No","No","orthoMCL","","Add","G2F details (PDPK1)    DRscDB Data: (PDPK1)                             Human Protein Atlas  (HPA)"
"2","FBgn0010379","41957","FBgn0010379","Akt","Human","5584","9404","PRKCI","ENSG00000163558","1","0.9","low","No","No","orthoMCL","","Add","G2F details (PRKCI)    DRscDB Data: (PRKCI)                             Human Protein Atlas  (HPA)"
"2","FBgn0010379","41957","FBgn0010379","Akt","Human","27330","10435","RPS6KA6","ENSG00000072133","1","0.9","low","No","No","orthoMCL","","Add","G2F details (RPS6KA6)    DRscDB Data: (RPS6KA6)                             Human Protein Atlas  (HPA)"
"2","FBgn0010379","41957","FBgn0010379","Akt","Human","83694","20222","RPS6KL1","ENSG00000198208","1","0.9","low","No","No","orthoMCL","","Add","G2F details (RPS6KL1)    DRscDB Data: (RPS6KL1)                             Human Protein Atlas  (HPA)"
"2","FBgn0010379","41957","FBgn0010379","Akt","Human","5582","9402","PRKCG","ENSG00000126583","1","0.9","low","No","No","orthoMCL","","Add","G2F details (PRKCG)    DRscDB Data: (PRKCG)                             Human Protein Atlas  (HPA)"
"2","FBgn0010379","41957","FBgn0010379","Akt","Human","5578","9393","PRKCA","ENSG00000154229","1","0.9","low","No","No","orthoMCL","","Add","G2F details (PRKCA)    DRscDB Data: (PRKCA)                             Human Protein Atlas  (HPA)"
"2","FBgn0010379","41957","FBgn0010379","Akt","Human","5588","9410","PRKCQ","ENSG00000065675","1","0.9","low","No","No","orthoMCL","","Add","G2F details (PRKCQ)    DRscDB Data: (PRKCQ)                             Human Protein Atlas  (HPA)"
"2","FBgn0010379","41957","FBgn0010379","Akt","Human","9113","6514","LATS1","ENSG00000131023","1","0.9","low","No","No","orthoMCL","","Add","G2F details (LATS1)    DRscDB Data: (LATS1)                             Human Protein Atlas  (HPA)"
"2","FBgn0010379","41957","FBgn0010379","Akt","Human","23012","17848","STK38L","ENSG00000211455","1","0.9","low","No","No","orthoMCL","","Add","G2F details (STK38L)    DRscDB Data: (STK38L)                             Human Protein Atlas  (HPA)"
"2","FBgn0010379","41957","FBgn0010379","Akt","Human","6198","10436","RPS6KB1","ENSG00000108443","1","0.9","low","No","No","orthoMCL","","Add","G2F details (RPS6KB1)    DRscDB Data: (RPS6KB1)                             Human Protein Atlas  (HPA)"
"2","FBgn0010379","41957","FBgn0010379","Akt","Human","11113","1985","CIT","ENSG00000122966","1","0.9","low","No","No","orthoMCL","","Add","G2F details (CIT)    DRscDB Data: (CIT)                             Human Protein Atlas  (HPA)"
"2","FBgn0010379","41957","FBgn0010379","Akt","Human","5583","9403","PRKCH","ENSG00000027075","1","0.9","low","No","No","orthoMCL","","Add","G2F details (PRKCH)    DRscDB Data: (PRKCH)                             Human Protein Atlas  (HPA)"
"2","FBgn0010379","41957","FBgn0010379","Akt","Human","5586","9406","PKN2","ENSG00000065243","1","0.9","low","No","No","orthoMCL","","Add","G2F details (PKN2)    DRscDB Data: (PKN2)                             Human Protein Atlas  (HPA)"
"2","FBgn0010379","41957","FBgn0010379","Akt","Human","6196","10431","RPS6KA2","ENSG00000071242","1","0.9","low","No","No","orthoMCL","","Add","G2F details (RPS6KA2)    DRscDB Data: (RPS6KA2)                             Human Protein Atlas  (HPA)"
"2","FBgn0010379","41957","FBgn0010379","Akt","Human","5581","9401","PRKCE","ENSG00000171132","1","0.9","low","No","No","orthoMCL","","Add","G2F details (PRKCE)    DRscDB Data: (PRKCE)                             Human Protein Atlas  (HPA)"
"2","FBgn0010379","41957","FBgn0010379","Akt","Human","29941","17999","PKN3","ENSG00000160447","1","0.9","low","No","No","orthoMCL","","Add","G2F details (PKN3)    DRscDB Data: (PKN3)                             Human Protein Atlas  (HPA)"
"2","FBgn0010379","41957","FBgn0010379","Akt","Human","6199","10437","RPS6KB2","ENSG00000175634","1","0.9","low","No","No","orthoMCL","","Add","G2F details (RPS6KB2)    DRscDB Data: (RPS6KB2)                             Human Protein Atlas  (HPA)"
"2","FBgn0010379","41957","FBgn0010379","Akt","Human","5579","9395","PRKCB","ENSG00000166501","1","0.9","low","No","No","orthoMCL","","Add","G2F details (PRKCB)    DRscDB Data: (PRKCB)                             Human Protein Atlas  (HPA)"
"2","FBgn0010379","41957","FBgn0010379","Akt","Human","55351","14217","STK32B","ENSG00000152953","1","0.9","low","No","No","orthoMCL","","Add","G2F details (STK32B)    DRscDB Data: (STK32B)                             Human Protein Atlas  (HPA)"
"2","FBgn0010379","41957","FBgn0010379","Akt","Human","5566","9380","PRKACA","ENSG00000072062","1","0.9","low","No","No","orthoMCL","","Add","G2F details (PRKACA)    DRscDB Data: (PRKACA)                             Human Protein Atlas  (HPA)"
"2","FBgn0010379","41957","FBgn0010379","Akt","Human","5585","9405","PKN1","ENSG00000123143","1","0.9","low","No","No","orthoMCL","","Add","G2F details (PKN1)    DRscDB Data: (PKN1)                             Human Protein Atlas  (HPA)"
"2","FBgn0010379","41957","FBgn0010379","Akt","Human","1760","2933","DMPK","ENSG00000104936","1","0.9","low","No","No","orthoMCL","","Add","G2F details (DMPK)    DRscDB Data: (DMPK)                             Human Protein Atlas  (HPA)"
"2","FBgn0010379","41957","FBgn0010379","Akt","Human","6195","10430","RPS6KA1","ENSG00000117676","1","0.9","low","No","No","orthoMCL","","Add","G2F details (RPS6KA1)    DRscDB Data: (RPS6KA1)                             Human Protein Atlas  (HPA)"
"2","FBgn0010379","41957","FBgn0010379","Akt","Human","6795","11391","AURKC","ENSG00000105146","1","0.9","low","No","No","orthoMCL","","Add","G2F details (AURKC)    DRscDB Data: (AURKC)                             Human Protein Atlas  (HPA)"
"2","FBgn0010379","41957","FBgn0010379","Akt","Human","5568","9382","PRKACG","ENSG00000165059","1","0.9","low","No","No","orthoMCL","","Add","G2F details (PRKACG)    DRscDB Data: (PRKACG)                             Human Protein Atlas  (HPA)"
"2","FBgn0010379","41957","FBgn0010379","Akt","Human","5590","9412","PRKCZ","ENSG00000067606","1","0.9","low","No","No","orthoMCL","","Add","G2F details (PRKCZ)    DRscDB Data: (PRKCZ)                             Human Protein Atlas  (HPA)"
"2","FBgn0010379","41957","FBgn0010379","Akt","Human","8986","10433","RPS6KA4","ENSG00000162302","1","0.9","low","No","No","orthoMCL","","Add","G2F details (RPS6KA4)    DRscDB Data: (RPS6KA4)                             Human Protein Atlas  (HPA)"
"3","FBgn0000490","33432","FBgn0000490","dpp","Human","652","1071","BMP4","ENSG00000125378","12","11.81","high","Yes","Yes","Domainoid, eggNOG, Inparanoid, OMA, OrthoDB, OrthoFinder, OrthoInspector, Compara, Panther, Phylome, SonicParanoid, orthoMCL","","Add","G2F details (BMP4)    DRscDB Data: (BMP4)                             Human Protein Atlas  (HPA)"
"3","FBgn0000490","33432","FBgn0000490","dpp","Human","650","1069","BMP2","ENSG00000125845","11","10.8","moderate","No","Yes","Domainoid, eggNOG, Inparanoid, OrthoDB, OrthoFinder, OrthoInspector, Compara, Panther, Phylome, SonicParanoid, orthoMCL","","Add","G2F details (BMP2)    DRscDB Data: (BMP2)                             Human Protein Atlas  (HPA)"
"3","FBgn0000490","33432","FBgn0000490","dpp","Human","653","1072","BMP5","ENSG00000112175","6","5.74","moderate","No","No","eggNOG, OrthoDB, Compara, Hieranoid, orthoMCL, SonicParanoid","","Add","G2F details (BMP5)    DRscDB Data: (BMP5)                             Human Protein Atlas  (HPA)"
"3","FBgn0000490","33432","FBgn0000490","dpp","Human","656","1075","BMP8B","ENSG00000116985","6","5.74","moderate","No","No","eggNOG, OrthoDB, Compara, Hieranoid, orthoMCL, SonicParanoid","","Add","G2F details (BMP8B)    DRscDB Data: (BMP8B)                             Human Protein Atlas  (HPA)"
"3","FBgn0000490","33432","FBgn0000490","dpp","Human","655","1074","BMP7","ENSG00000101144","6","5.74","moderate","No","No","eggNOG, OrthoDB, Compara, Hieranoid, orthoMCL, SonicParanoid","","Add","G2F details (BMP7)    DRscDB Data: (BMP7)                             Human Protein Atlas  (HPA)"
"3","FBgn0000490","33432","FBgn0000490","dpp","Human","27302","20869","BMP10","ENSG00000163217","5","4.92","moderate","No","Yes","eggNOG, OMA, OrthoDB, Panther, orthoMCL","","Add","G2F details (BMP10)    DRscDB Data: (BMP10)                             Human Protein Atlas  (HPA)"
"3","FBgn0000490","33432","FBgn0000490","dpp","Human","2658","4217","GDF2","ENSG00000263761","5","4.84","moderate","No","Yes","eggNOG, OrthoDB, Compara, Panther, orthoMCL","","Add","G2F details (GDF2)    DRscDB Data: (GDF2)                             Human Protein Atlas  (HPA)"
"3","FBgn0000490","33432","FBgn0000490","dpp","Human","2657","4214","GDF1","ENSG00000130283","5","4.84","moderate","No","Yes","eggNOG, OrthoDB, Compara, Panther, orthoMCL","","Add","G2F details (GDF1)    DRscDB Data: (GDF1)                             Human Protein Atlas  (HPA)"
"3","FBgn0000490","33432","FBgn0000490","dpp","Human","9573","4218","GDF3","ENSG00000184344","5","4.84","moderate","No","Yes","eggNOG, OrthoDB, Compara, Panther, orthoMCL","","Add","G2F details (GDF3)    DRscDB Data: (GDF3)                             Human Protein Atlas  (HPA)"
"3","FBgn0000490","33432","FBgn0000490","dpp","Human","8200","4220","GDF5","ENSG00000125965","5","4.84","moderate","No","Yes","eggNOG, OrthoDB, Compara, orthoMCL, Panther","","Add","G2F details (GDF5)    DRscDB Data: (GDF5)                             Human Protein Atlas  (HPA)"
"3","FBgn0000490","33432","FBgn0000490","dpp","Human","392255","4221","GDF6","ENSG00000156466","5","4.84","moderate","No","Yes","eggNOG, OrthoDB, Compara, orthoMCL, Panther","","Add","G2F details (GDF6)    DRscDB Data: (GDF6)                             Human Protein Atlas  (HPA)"
"3","FBgn0000490","33432","FBgn0000490","dpp","Human","654","1073","BMP6","ENSG00000153162","5","4.81","moderate","No","No","eggNOG, OrthoDB, Hieranoid, orthoMCL, SonicParanoid","","Add","G2F details (BMP6)    DRscDB Data: (BMP6)                             Human Protein Atlas  (HPA)"
"3","FBgn0000490","33432","FBgn0000490","dpp","Human","353500","21650","BMP8A","ENSG00000183682","5","4.73","moderate","No","No","eggNOG, Compara, Hieranoid, orthoMCL, SonicParanoid","","Add","G2F details (BMP8A)    DRscDB Data: (BMP8A)                             Human Protein Atlas  (HPA)"
"3","FBgn0000490","33432","FBgn0000490","dpp","Human","151449","4222","GDF7","ENSG00000143869","4","3.91","moderate","No","Yes","eggNOG, OrthoDB, orthoMCL, Panther","","Add","G2F details (GDF7)    DRscDB Data: (GDF7)                             Human Protein Atlas  (HPA)"
"3","FBgn0000490","33432","FBgn0000490","dpp","Human","651","1070","BMP3","ENSG00000152785","4","3.74","moderate","No","Yes","eggNOG, OrthoDB, Compara, orthoMCL","","Add","G2F details (BMP3)    DRscDB Data: (BMP3)                             Human Protein Atlas  (HPA)"
"3","FBgn0000490","33432","FBgn0000490","dpp","Human","2661","4224","GDF9","ENSG00000164404","3","2.93","moderate","No","Yes","eggNOG, Compara, Panther","","Add","G2F details (GDF9)    DRscDB Data: (GDF9)                             Human Protein Atlas  (HPA)"
"3","FBgn0000490","33432","FBgn0000490","dpp","Human","7043","11769","TGFB3","ENSG00000119699","3","2.93","moderate","No","Yes","eggNOG, Compara, Panther","","Add","G2F details (TGFB3)    DRscDB Data: (TGFB3)                             Human Protein Atlas  (HPA)"
"3","FBgn0000490","33432","FBgn0000490","dpp","Human","9210","1068","BMP15","ENSG00000130385","3","2.93","moderate","No","Yes","eggNOG, Compara, Panther","","Add","G2F details (BMP15)    DRscDB Data: (BMP15)                             Human Protein Atlas  (HPA)"
"3","FBgn0000490","33432","FBgn0000490","dpp","Human","7042","11768","TGFB2","ENSG00000092969","3","2.93","moderate","No","Yes","eggNOG, Compara, Panther","","Add","G2F details (TGFB2)    DRscDB Data: (TGFB2)                             Human Protein Atlas  (HPA)"
"3","FBgn0000490","33432","FBgn0000490","dpp","Human","7040","11766","TGFB1","ENSG00000105329","3","2.93","moderate","No","Yes","eggNOG, Compara, Panther","","Add","G2F details (TGFB1)    DRscDB Data: (TGFB1)                             Human Protein Atlas  (HPA)"
"3","FBgn0000490","33432","FBgn0000490","dpp","Human","9518","30142","GDF15","ENSG00000130513","3","2.93","moderate","No","Yes","eggNOG, Compara, Panther","","Add","G2F details (GDF15)    DRscDB Data: (GDF15)                             Human Protein Atlas  (HPA)"
"3","FBgn0000490","33432","FBgn0000490","dpp","Human","3623","6065","INHA","ENSG00000123999","3","2.93","moderate","No","Yes","eggNOG, Compara, Panther","","Add","G2F details (INHA)    DRscDB Data: (INHA)                             Human Protein Atlas  (HPA)"
"3","FBgn0000490","33432","FBgn0000490","dpp","Human","7044","3122","LEFTY2","ENSG00000143768","2","2","moderate","No","Yes","eggNOG, Panther","","Add","G2F details (LEFTY2)    DRscDB Data: (LEFTY2)                             Human Protein Atlas  (HPA)"
"3","FBgn0000490","33432","FBgn0000490","dpp","Human","10637","6552","LEFTY1","ENSG00000243709","2","2","moderate","No","Yes","eggNOG, Panther","","Add","G2F details (LEFTY1)    DRscDB Data: (LEFTY1)                             Human Protein Atlas  (HPA)"
"3","FBgn0000490","33432","FBgn0000490","dpp","Human","4838","7865","NODAL","ENSG00000156574","3","2.9","low","No","No","eggNOG, Panther, orthoMCL","","Add","G2F details (NODAL)    DRscDB Data: (NODAL)                             Human Protein Atlas  (HPA)"
"3","FBgn0000490","33432","FBgn0000490","dpp","Human","2662","4215","GDF10","ENSG00000266524","3","2.81","low","No","No","eggNOG, OrthoDB, orthoMCL","","Add","G2F details (GDF10)    DRscDB Data: (GDF10)                             Human Protein Atlas  (HPA)"
"3","FBgn0000490","33432","FBgn0000490","dpp","Human","3624","6066","INHBA","ENSG00000122641","3","2.73","low","No","No","eggNOG, Compara, orthoMCL","","Add","G2F details (INHBA)    DRscDB Data: (INHBA)                             Human Protein Atlas  (HPA)"
"3","FBgn0000490","33432","FBgn0000490","dpp","Human","3625","6067","INHBB","ENSG00000163083","3","2.73","low","No","No","eggNOG, Compara, orthoMCL","","Add","G2F details (INHBB)    DRscDB Data: (INHBB)                             Human Protein Atlas  (HPA)"
"3","FBgn0000490","33432","FBgn0000490","dpp","Human","83729","24029","INHBE","ENSG00000139269","3","2.73","low","No","No","eggNOG, Compara, orthoMCL","","Add","G2F details (INHBE)    DRscDB Data: (INHBE)                             Human Protein Atlas  (HPA)"
"3","FBgn0000490","33432","FBgn0000490","dpp","Human","3626","6068","INHBC","ENSG00000175189","3","2.73","low","No","No","eggNOG, Compara, orthoMCL","","Add","G2F details (INHBC)    DRscDB Data: (INHBC)                             Human Protein Atlas  (HPA)"
"3","FBgn0000490","33432","FBgn0000490","dpp","Human","619373","32311","MBOAT4","ENSG00000177669","1","0.9","low","No","No","eggNOG","","Add","G2F details (MBOAT4)    DRscDB Data: (MBOAT4)                             Human Protein Atlas  (HPA)"
"3","FBgn0000490","33432","FBgn0000490","dpp","Human","268","464","AMH","ENSG00000104899","1","0.9","low","No","Yes","eggNOG","","Add","G2F details (AMH)    DRscDB Data: (AMH)                             Human Protein Atlas  (HPA)"
"3","FBgn0000490","33432","FBgn0000490","dpp","Human","57673","23040","BEND3","ENSG00000178409","1","0.9","low","No","Yes","eggNOG","","Add","G2F details (BEND3)    DRscDB Data: (BEND3)                             Human Protein Atlas  (HPA)"
"3","FBgn0000490","33432","FBgn0000490","dpp","Human","2660","4223","MSTN","ENSG00000138379","1","0.9","low","No","No","eggNOG","","Add","G2F details (MSTN)    DRscDB Data: (MSTN)                             Human Protein Atlas  (HPA)"
"3","FBgn0000490","33432","FBgn0000490","dpp","Human","10220","4216","GDF11","ENSG00000135414","1","0.9","low","No","No","eggNOG","","Add","G2F details (GDF11)    DRscDB Data: (GDF11)                             Human Protein Atlas  (HPA)"
"4","FBgn0005590","46000","FBgn0005590","scw","Human","655","1074","BMP7","ENSG00000101144","9","8.75","moderate","Yes","No","eggNOG, OrthoDB, OrthoFinder, Compara, Hieranoid, Panther, Phylome, orthoMCL, SonicParanoid","","Add","G2F details (BMP7)    DRscDB Data: (BMP7)                             Human Protein Atlas  (HPA)"
"4","FBgn0005590","46000","FBgn0005590","scw","Human","653","1072","BMP5","ENSG00000112175","9","8.75","moderate","Yes","No","eggNOG, OrthoDB, OrthoFinder, Compara, Hieranoid, Panther, Phylome, orthoMCL, SonicParanoid","","Add","G2F details (BMP5)    DRscDB Data: (BMP5)                             Human Protein Atlas  (HPA)"
"4","FBgn0005590","46000","FBgn0005590","scw","Human","656","1075","BMP8B","ENSG00000116985","9","8.75","moderate","Yes","No","eggNOG, OrthoDB, OrthoFinder, Compara, Hieranoid, Panther, Phylome, orthoMCL, SonicParanoid","","Add","G2F details (BMP8B)    DRscDB Data: (BMP8B)                             Human Protein Atlas  (HPA)"
"4","FBgn0005590","46000","FBgn0005590","scw","Human","654","1073","BMP6","ENSG00000153162","8","7.82","moderate","No","No","eggNOG, OrthoDB, OrthoFinder, Hieranoid, Panther, Phylome, orthoMCL, SonicParanoid","","Add","G2F details (BMP6)    DRscDB Data: (BMP6)                             Human Protein Atlas  (HPA)"
"4","FBgn0005590","46000","FBgn0005590","scw","Human","353500","21650","BMP8A","ENSG00000183682","8","7.74","moderate","No","No","eggNOG, OrthoFinder, Compara, Hieranoid, Panther, Phylome, orthoMCL, SonicParanoid","","Add","G2F details (BMP8A)    DRscDB Data: (BMP8A)                             Human Protein Atlas  (HPA)"
"4","FBgn0005590","46000","FBgn0005590","scw","Human","652","1071","BMP4","ENSG00000125378","5","4.74","moderate","No","No","eggNOG, OrthoDB, Compara, orthoMCL, SonicParanoid","","Add","G2F details (BMP4)    DRscDB Data: (BMP4)                             Human Protein Atlas  (HPA)"
"4","FBgn0005590","46000","FBgn0005590","scw","Human","650","1069","BMP2","ENSG00000125845","4","3.81","moderate","No","No","eggNOG, OrthoDB, orthoMCL, SonicParanoid","","Add","G2F details (BMP2)    DRscDB Data: (BMP2)                             Human Protein Atlas  (HPA)"
"4","FBgn0005590","46000","FBgn0005590","scw","Human","392255","4221","GDF6","ENSG00000156466","4","3.74","moderate","No","No","eggNOG, OrthoDB, Compara, orthoMCL","","Add","G2F details (GDF6)    DRscDB Data: (GDF6)                             Human Protein Atlas  (HPA)"
"4","FBgn0005590","46000","FBgn0005590","scw","Human","9573","4218","GDF3","ENSG00000184344","4","3.74","moderate","No","No","eggNOG, OrthoDB, Compara, orthoMCL","","Add","G2F details (GDF3)    DRscDB Data: (GDF3)                             Human Protein Atlas  (HPA)"
"4","FBgn0005590","46000","FBgn0005590","scw","Human","651","1070","BMP3","ENSG00000152785","4","3.74","moderate","No","Yes","eggNOG, OrthoDB, Compara, orthoMCL","","Add","G2F details (BMP3)    DRscDB Data: (BMP3)                             Human Protein Atlas  (HPA)"
"4","FBgn0005590","46000","FBgn0005590","scw","Human","8200","4220","GDF5","ENSG00000125965","4","3.74","moderate","No","No","eggNOG, OrthoDB, Compara, orthoMCL","","Add","G2F details (GDF5)    DRscDB Data: (GDF5)                             Human Protein Atlas  (HPA)"
"4","FBgn0005590","46000","FBgn0005590","scw","Human","2662","4215","GDF10","ENSG00000266524","4","3.74","moderate","No","Yes","eggNOG, OrthoDB, Compara, orthoMCL","","Add","G2F details (GDF10)    DRscDB Data: (GDF10)                             Human Protein Atlas  (HPA)"
"4","FBgn0005590","46000","FBgn0005590","scw","Human","2657","4214","GDF1","ENSG00000130283","4","3.74","moderate","No","No","eggNOG, OrthoDB, Compara, orthoMCL","","Add","G2F details (GDF1)    DRscDB Data: (GDF1)                             Human Protein Atlas  (HPA)"
"4","FBgn0005590","46000","FBgn0005590","scw","Human","151449","4222","GDF7","ENSG00000143869","4","3.74","moderate","No","Yes","eggNOG, OrthoDB, Compara, orthoMCL","","Add","G2F details (GDF7)    DRscDB Data: (GDF7)                             Human Protein Atlas  (HPA)"
"4","FBgn0005590","46000","FBgn0005590","scw","Human","2658","4217","GDF2","ENSG00000263761","4","3.74","moderate","No","No","eggNOG, OrthoDB, Compara, orthoMCL","","Add","G2F details (GDF2)    DRscDB Data: (GDF2)                             Human Protein Atlas  (HPA)"
"4","FBgn0005590","46000","FBgn0005590","scw","Human","10637","6552","LEFTY1","ENSG00000243709","2","2","moderate","No","Yes","eggNOG, Panther","","Add","G2F details (LEFTY1)    DRscDB Data: (LEFTY1)                             Human Protein Atlas  (HPA)"
"4","FBgn0005590","46000","FBgn0005590","scw","Human","7044","3122","LEFTY2","ENSG00000143768","2","2","moderate","No","Yes","eggNOG, Panther","","Add","G2F details (LEFTY2)    DRscDB Data: (LEFTY2)                             Human Protein Atlas  (HPA)"
"4","FBgn0005590","46000","FBgn0005590","scw","Human","27302","20869","BMP10","ENSG00000163217","3","2.81","low","No","No","eggNOG, OrthoDB, orthoMCL","","Add","G2F details (BMP10)    DRscDB Data: (BMP10)                             Human Protein Atlas  (HPA)"
"4","FBgn0005590","46000","FBgn0005590","scw","Human","3626","6068","INHBC","ENSG00000175189","3","2.73","low","No","No","eggNOG, Compara, orthoMCL","","Add","G2F details (INHBC)    DRscDB Data: (INHBC)                             Human Protein Atlas  (HPA)"
"4","FBgn0005590","46000","FBgn0005590","scw","Human","83729","24029","INHBE","ENSG00000139269","3","2.73","low","No","No","eggNOG, Compara, orthoMCL","","Add","G2F details (INHBE)    DRscDB Data: (INHBE)                             Human Protein Atlas  (HPA)"
"4","FBgn0005590","46000","FBgn0005590","scw","Human","3624","6066","INHBA","ENSG00000122641","3","2.73","low","No","No","eggNOG, Compara, orthoMCL","","Add","G2F details (INHBA)    DRscDB Data: (INHBA)                             Human Protein Atlas  (HPA)"
"4","FBgn0005590","46000","FBgn0005590","scw","Human","3625","6067","INHBB","ENSG00000163083","3","2.73","low","No","No","eggNOG, Compara, orthoMCL","","Add","G2F details (INHBB)    DRscDB Data: (INHBB)                             Human Protein Atlas  (HPA)"
"4","FBgn0005590","46000","FBgn0005590","scw","Human","3623","6065","INHA","ENSG00000123999","2","1.83","low","No","No","eggNOG, Compara","","Add","G2F details (INHA)    DRscDB Data: (INHA)                             Human Protein Atlas  (HPA)"
"4","FBgn0005590","46000","FBgn0005590","scw","Human","9518","30142","GDF15","ENSG00000130513","2","1.83","low","No","No","eggNOG, Compara","","Add","G2F details (GDF15)    DRscDB Data: (GDF15)                             Human Protein Atlas  (HPA)"
"4","FBgn0005590","46000","FBgn0005590","scw","Human","9210","1068","BMP15","ENSG00000130385","2","1.83","low","No","No","eggNOG, Compara","","Add","G2F details (BMP15)    DRscDB Data: (BMP15)                             Human Protein Atlas  (HPA)"
"4","FBgn0005590","46000","FBgn0005590","scw","Human","7042","11768","TGFB2","ENSG00000092969","2","1.83","low","No","No","eggNOG, Compara","","Add","G2F details (TGFB2)    DRscDB Data: (TGFB2)                             Human Protein Atlas  (HPA)"
"4","FBgn0005590","46000","FBgn0005590","scw","Human","7040","11766","TGFB1","ENSG00000105329","2","1.83","low","No","No","eggNOG, Compara","","Add","G2F details (TGFB1)    DRscDB Data: (TGFB1)                             Human Protein Atlas  (HPA)"
"4","FBgn0005590","46000","FBgn0005590","scw","Human","2661","4224","GDF9","ENSG00000164404","2","1.83","low","No","No","eggNOG, Compara","","Add","G2F details (GDF9)    DRscDB Data: (GDF9)                             Human Protein Atlas  (HPA)"
"4","FBgn0005590","46000","FBgn0005590","scw","Human","4838","7865","NODAL","ENSG00000156574","2","1.8","low","No","No","eggNOG, orthoMCL","","Add","G2F details (NODAL)    DRscDB Data: (NODAL)                             Human Protein Atlas  (HPA)"
"4","FBgn0005590","46000","FBgn0005590","scw","Human","268","464","AMH","ENSG00000104899","1","0.9","low","No","Yes","eggNOG","","Add","G2F details (AMH)    DRscDB Data: (AMH)                             Human Protein Atlas  (HPA)"
"4","FBgn0005590","46000","FBgn0005590","scw","Human","57673","23040","BEND3","ENSG00000178409","1","0.9","low","No","Yes","eggNOG","","Add","G2F details (BEND3)    DRscDB Data: (BEND3)                             Human Protein Atlas  (HPA)"
"4","FBgn0005590","46000","FBgn0005590","scw","Human","2660","4223","MSTN","ENSG00000138379","1","0.9","low","No","No","eggNOG","","Add","G2F details (MSTN)    DRscDB Data: (MSTN)                             Human Protein Atlas  (HPA)"
"4","FBgn0005590","46000","FBgn0005590","scw","Human","10220","4216","GDF11","ENSG00000135414","1","0.9","low","No","No","eggNOG","","Add","G2F details (GDF11)    DRscDB Data: (GDF11)                             Human Protein Atlas  (HPA)"
"4","FBgn0005590","46000","FBgn0005590","scw","Human","7043","11769","TGFB3","ENSG00000119699","1","0.9","low","No","No","eggNOG","","Add","G2F details (TGFB3)    DRscDB Data: (TGFB3)                             Human Protein Atlas  (HPA)"
"4","FBgn0005590","46000","FBgn0005590","scw","Human","619373","32311","MBOAT4","ENSG00000177669","1","0.9","low","No","No","eggNOG","","Add","G2F details (MBOAT4)    DRscDB Data: (MBOAT4)                             Human Protein Atlas  (HPA)"
"5","FBgn0000261","40048","FBgn0000261","Cat","Human","847","1516","CAT","ENSG00000121691","13","12.81","high","Yes","Yes","Compara, Domainoid, eggNOG, Inparanoid, OMA, OrthoDB, OrthoFinder, OrthoInspector, Hieranoid, Panther, Phylome, SonicParanoid, orthoMCL","","Add","G2F details (CAT)    DRscDB Data: (CAT)                             Human Protein Atlas  (HPA)"
"6","FBgn0004106","34411","FBgn0004106","Cdk1","Human","983","1722","CDK1","ENSG00000170312","13","12.81","high","Yes","Yes","Compara, Domainoid, eggNOG, Inparanoid, OMA, OrthoDB, OrthoFinder, OrthoInspector, Hieranoid, Panther, Phylome, SonicParanoid, orthoMCL","","Add","G2F details (CDK1)    DRscDB Data: (CDK1)                             Human Protein Atlas  (HPA)"
"6","FBgn0004106","34411","FBgn0004106","Cdk1","Human","1017","1771","CDK2","ENSG00000123374","5","4.81","moderate","No","No","eggNOG, OrthoDB, OrthoFinder, orthoMCL, SonicParanoid","","Add","G2F details (CDK2)    DRscDB Data: (CDK2)                             Human Protein Atlas  (HPA)"
"6","FBgn0004106","34411","FBgn0004106","Cdk1","Human","1018","1772","CDK3","ENSG00000250506","5","4.81","moderate","No","No","eggNOG, OrthoDB, OrthoFinder, orthoMCL, SonicParanoid","","Add","G2F details (CDK3)    DRscDB Data: (CDK3)                             Human Protein Atlas  (HPA)"
"6","FBgn0004106","34411","FBgn0004106","Cdk1","Human","5127","8749","CDK16","ENSG00000102225","3","2.81","moderate","No","Yes","eggNOG, OrthoDB, orthoMCL","","Add","G2F details (CDK16)    DRscDB Data: (CDK16)                             Human Protein Atlas  (HPA)"
"6","FBgn0004106","34411","FBgn0004106","Cdk1","Human","5128","8750","CDK17","ENSG00000059758","3","2.81","moderate","No","Yes","eggNOG, OrthoDB, orthoMCL","","Add","G2F details (CDK17)    DRscDB Data: (CDK17)                             Human Protein Atlas  (HPA)"
"6","FBgn0004106","34411","FBgn0004106","Cdk1","Human","5129","8751","CDK18","ENSG00000117266","3","2.81","low","No","No","eggNOG, OrthoDB, orthoMCL","","Add","G2F details (CDK18)    DRscDB Data: (CDK18)                             Human Protein Atlas  (HPA)"
"6","FBgn0004106","34411","FBgn0004106","Cdk1","Human","1020","1774","CDK5","ENSG00000164885","2","1.91","low","No","No","OrthoDB, orthoMCL","","Add","G2F details (CDK5)    DRscDB Data: (CDK5)                             Human Protein Atlas  (HPA)"
"6","FBgn0004106","34411","FBgn0004106","Cdk1","Human","728642","1730","CDK11A","ENSG00000008128","2","1.8","low","No","No","eggNOG, orthoMCL","","Add","G2F details (CDK11A)    DRscDB Data: (CDK11A)                             Human Protein Atlas  (HPA)"
"6","FBgn0004106","34411","FBgn0004106","Cdk1","Human","65061","14434","CDK15","ENSG00000138395","2","1.8","low","No","No","eggNOG, orthoMCL","","Add","G2F details (CDK15)    DRscDB Data: (CDK15)                             Human Protein Atlas  (HPA)"
"6","FBgn0004106","34411","FBgn0004106","Cdk1","Human","1021","1777","CDK6","ENSG00000105810","2","1.8","low","No","No","eggNOG, orthoMCL","","Add","G2F details (CDK6)    DRscDB Data: (CDK6)                             Human Protein Atlas  (HPA)"
"6","FBgn0004106","34411","FBgn0004106","Cdk1","Human","1019","1773","CDK4","ENSG00000135446","2","1.8","low","No","No","eggNOG, orthoMCL","","Add","G2F details (CDK4)    DRscDB Data: (CDK4)                             Human Protein Atlas  (HPA)"
"6","FBgn0004106","34411","FBgn0004106","Cdk1","Human","5218","8883","CDK14","ENSG00000058091","2","1.8","low","No","No","eggNOG, orthoMCL","","Add","G2F details (CDK14)    DRscDB Data: (CDK14)                             Human Protein Atlas  (HPA)"
"6","FBgn0004106","34411","FBgn0004106","Cdk1","Human","415116","19310","PIM3","ENSG00000198355","1","1","low","No","No","SonicParanoid","","Add","G2F details (PIM3)    DRscDB Data: (PIM3)                             Human Protein Atlas  (HPA)"
"6","FBgn0004106","34411","FBgn0004106","Cdk1","Human","10110","13900","SGK2","ENSG00000101049","1","1","low","No","No","SonicParanoid","","Add","G2F details (SGK2)    DRscDB Data: (SGK2)                             Human Protein Atlas  (HPA)"
"6","FBgn0004106","34411","FBgn0004106","Cdk1","Human","4117","6816","MAK","ENSG00000111837","1","0.9","low","No","No","orthoMCL","","Add","G2F details (MAK)    DRscDB Data: (MAK)                             Human Protein Atlas  (HPA)"
"6","FBgn0004106","34411","FBgn0004106","Cdk1","Human","8814","1781","CDKL1","ENSG00000100490","1","0.9","low","No","No","orthoMCL","","Add","G2F details (CDKL1)    DRscDB Data: (CDKL1)                             Human Protein Atlas  (HPA)"
"6","FBgn0004106","34411","FBgn0004106","Cdk1","Human","225689","24667","MAPK15","ENSG00000181085","1","0.9","low","No","No","orthoMCL","","Add","G2F details (MAPK15)    DRscDB Data: (MAPK15)                             Human Protein Atlas  (HPA)"
"6","FBgn0004106","34411","FBgn0004106","Cdk1","Human","1457","2457","CSNK2A1","ENSG00000101266","1","0.9","low","No","No","orthoMCL","","Add","G2F details (CSNK2A1)    DRscDB Data: (CSNK2A1)                             Human Protein Atlas  (HPA)"
"6","FBgn0004106","34411","FBgn0004106","Cdk1","Human","1025","1780","CDK9","ENSG00000136807","1","0.9","low","No","No","orthoMCL","","Add","G2F details (CDK9)    DRscDB Data: (CDK9)                             Human Protein Atlas  (HPA)"
"6","FBgn0004106","34411","FBgn0004106","Cdk1","Human","6792","11411","CDKL5","ENSG00000008086","1","0.9","low","No","No","orthoMCL","","Add","G2F details (CDKL5)    DRscDB Data: (CDKL5)                             Human Protein Atlas  (HPA)"
"6","FBgn0004106","34411","FBgn0004106","Cdk1","Human","5594","6871","MAPK1","ENSG00000100030","1","0.9","low","No","No","orthoMCL","","Add","G2F details (MAPK1)    DRscDB Data: (MAPK1)                             Human Protein Atlas  (HPA)"
"6","FBgn0004106","34411","FBgn0004106","Cdk1","Human","344387","19287","CDKL4","ENSG00000205111","1","0.9","low","No","No","orthoMCL","","Add","G2F details (CDKL4)    DRscDB Data: (CDKL4)                             Human Protein Atlas  (HPA)"
"6","FBgn0004106","34411","FBgn0004106","Cdk1","Human","644672","37218","CLDN25","ENSG00000228607","1","0.9","low","No","Yes","eggNOG","","Add","G2F details (CLDN25)    DRscDB Data: (CLDN25)                             Human Protein Atlas  (HPA)"
"6","FBgn0004106","34411","FBgn0004106","Cdk1","Human","23097","19338","CDK19","ENSG00000155111","1","0.9","low","No","No","orthoMCL","","Add","G2F details (CDK19)    DRscDB Data: (CDK19)                             Human Protein Atlas  (HPA)"
"6","FBgn0004106","34411","FBgn0004106","Cdk1","Human","1022","1778","CDK7","ENSG00000134058","1","0.9","low","No","No","orthoMCL","","Add","G2F details (CDK7)    DRscDB Data: (CDK7)                             Human Protein Atlas  (HPA)"
"6","FBgn0004106","34411","FBgn0004106","Cdk1","Human","51755","24224","CDK12","ENSG00000167258","1","0.9","low","No","No","orthoMCL","","Add","G2F details (CDK12)    DRscDB Data: (CDK12)                             Human Protein Atlas  (HPA)"
"6","FBgn0004106","34411","FBgn0004106","Cdk1","Human","5603","6875","MAPK13","ENSG00000156711","1","0.9","low","No","No","orthoMCL","","Add","G2F details (MAPK13)    DRscDB Data: (MAPK13)                             Human Protein Atlas  (HPA)"
"6","FBgn0004106","34411","FBgn0004106","Cdk1","Human","51701","29858","NLK","ENSG00000087095","1","0.9","low","No","No","orthoMCL","","Add","G2F details (NLK)    DRscDB Data: (NLK)                             Human Protein Atlas  (HPA)"
"6","FBgn0004106","34411","FBgn0004106","Cdk1","Human","984","1729","CDK11B","ENSG00000248333","1","0.9","low","No","No","orthoMCL","","Add","G2F details (CDK11B)    DRscDB Data: (CDK11B)                             Human Protein Atlas  (HPA)"
"6","FBgn0004106","34411","FBgn0004106","Cdk1","Human","5595","6877","MAPK3","ENSG00000102882","1","0.9","low","No","No","orthoMCL","","Add","G2F details (MAPK3)    DRscDB Data: (MAPK3)                             Human Protein Atlas  (HPA)"
"6","FBgn0004106","34411","FBgn0004106","Cdk1","Human","1024","1779","CDK8","ENSG00000132964","1","0.9","low","No","No","orthoMCL","","Add","G2F details (CDK8)    DRscDB Data: (CDK8)                             Human Protein Atlas  (HPA)"
"6","FBgn0004106","34411","FBgn0004106","Cdk1","Human","1432","6876","MAPK14","ENSG00000112062","1","0.9","low","No","No","orthoMCL","","Add","G2F details (MAPK14)    DRscDB Data: (MAPK14)                             Human Protein Atlas  (HPA)"
"6","FBgn0004106","34411","FBgn0004106","Cdk1","Human","5891","9833","MOK","ENSG00000080823","1","0.9","low","No","No","orthoMCL","","Add","G2F details (MOK)    DRscDB Data: (MOK)                             Human Protein Atlas  (HPA)"
"6","FBgn0004106","34411","FBgn0004106","Cdk1","Human","283106","2458","CSNK2A3","ENSG00000254598","1","0.9","low","No","No","orthoMCL","","Add","G2F details (CSNK2A3)    DRscDB Data: (CSNK2A3)                             Human Protein Atlas  (HPA)"
"6","FBgn0004106","34411","FBgn0004106","Cdk1","Human","22858","21219","CILK1","ENSG00000112144","1","0.9","low","No","No","orthoMCL","","Add","G2F details (CILK1)    DRscDB Data: (CILK1)                             Human Protein Atlas  (HPA)"
"6","FBgn0004106","34411","FBgn0004106","Cdk1","Human","23552","21420","CDK20","ENSG00000156345","1","0.9","low","No","No","orthoMCL","","Add","G2F details (CDK20)    DRscDB Data: (CDK20)                             Human Protein Atlas  (HPA)"
"6","FBgn0004106","34411","FBgn0004106","Cdk1","Human","8999","1782","CDKL2","ENSG00000138769","1","0.9","low","No","No","orthoMCL","","Add","G2F details (CDKL2)    DRscDB Data: (CDKL2)                             Human Protein Atlas  (HPA)"
"6","FBgn0004106","34411","FBgn0004106","Cdk1","Human","5598","6880","MAPK7","ENSG00000166484","1","0.9","low","No","No","orthoMCL","","Add","G2F details (MAPK7)    DRscDB Data: (MAPK7)                             Human Protein Atlas  (HPA)"
"6","FBgn0004106","34411","FBgn0004106","Cdk1","Human","51265","15483","CDKL3","ENSG00000006837","1","0.9","low","No","No","orthoMCL","","Add","G2F details (CDKL3)    DRscDB Data: (CDKL3)                             Human Protein Atlas  (HPA)"
"6","FBgn0004106","34411","FBgn0004106","Cdk1","Human","8621","1733","CDK13","ENSG00000065883","1","0.9","low","No","No","orthoMCL","","Add","G2F details (CDK13)    DRscDB Data: (CDK13)                             Human Protein Atlas  (HPA)"
"6","FBgn0004106","34411","FBgn0004106","Cdk1","Human","8558","1770","CDK10","ENSG00000185324","1","0.9","low","No","No","orthoMCL","","Add","G2F details (CDK10)    DRscDB Data: (CDK10)                             Human Protein Atlas  (HPA)"
"6","FBgn0004106","34411","FBgn0004106","Cdk1","Human","1459","2459","CSNK2A2","ENSG00000070770","1","0.9","low","No","No","orthoMCL","","Add","G2F details (CSNK2A2)    DRscDB Data: (CSNK2A2)                             Human Protein Atlas  (HPA)"
"6","FBgn0004106","34411","FBgn0004106","Cdk1","Human","5596","6878","MAPK4","ENSG00000141639","1","0.9","low","No","No","orthoMCL","","Add","G2F details (MAPK4)    DRscDB Data: (MAPK4)                             Human Protein Atlas  (HPA)"
"6","FBgn0004106","34411","FBgn0004106","Cdk1","Human","5600","6873","MAPK11","ENSG00000185386","1","0.9","low","No","No","orthoMCL","","Add","G2F details (MAPK11)    DRscDB Data: (MAPK11)                             Human Protein Atlas  (HPA)"
"6","FBgn0004106","34411","FBgn0004106","Cdk1","Human","6300","6874","MAPK12","ENSG00000188130","1","0.9","low","No","No","orthoMCL","","Add","G2F details (MAPK12)    DRscDB Data: (MAPK12)                             Human Protein Atlas  (HPA)"
"7","FBgn0010341","32981","FBgn0010341","Cdc42","Human","998","1736","CDC42","ENSG00000070831","12","11.91","high","Yes","Yes","Compara, Domainoid, Inparanoid, OMA, OrthoDB, OrthoFinder, OrthoInspector, Hieranoid, Panther, Phylome, SonicParanoid, orthoMCL","","Add","G2F details (CDC42)    DRscDB Data: (CDC42)                             Human Protein Atlas  (HPA)"
"7","FBgn0010341","32981","FBgn0010341","Cdc42","Human","23433","17736","RHOQ","ENSG00000119729","6","5.91","moderate","No","Yes","eggNOG, OrthoDB, OrthoFinder, Panther, orthoMCL, SonicParanoid","","Add","G2F details (RHOQ)    DRscDB Data: (RHOQ)                             Human Protein Atlas  (HPA)"
"7","FBgn0010341","32981","FBgn0010341","Cdc42","Human","5880","9802","RAC2","ENSG00000128340","5","4.81","moderate","No","No","eggNOG, OrthoDB, OrthoFinder, orthoMCL, SonicParanoid","","Add","G2F details (RAC2)    DRscDB Data: (RAC2)                             Human Protein Atlas  (HPA)"
"7","FBgn0010341","32981","FBgn0010341","Cdc42","Human","57381","688","RHOJ","ENSG00000126785","4","3.91","moderate","No","Yes","eggNOG, OrthoDB, Panther, orthoMCL","","Add","G2F details (RHOJ)    DRscDB Data: (RHOJ)                             Human Protein Atlas  (HPA)"
"7","FBgn0010341","32981","FBgn0010341","Cdc42","Human","5881","9803","RAC3","ENSG00000169750","4","3.8","moderate","No","No","eggNOG, OrthoFinder, orthoMCL, SonicParanoid","","Add","G2F details (RAC3)    DRscDB Data: (RAC3)                             Human Protein Atlas  (HPA)"
"7","FBgn0010341","32981","FBgn0010341","Cdc42","Human","391","672","RHOG","ENSG00000177105","4","3.8","moderate","No","No","eggNOG, OrthoFinder, orthoMCL, SonicParanoid","","Add","G2F details (RHOG)    DRscDB Data: (RHOG)                             Human Protein Atlas  (HPA)"
"7","FBgn0010341","32981","FBgn0010341","Cdc42","Human","5879","9801","RAC1","ENSG00000136238","4","3.8","moderate","No","No","eggNOG, OrthoFinder, orthoMCL, SonicParanoid","","Add","G2F details (RAC1)    DRscDB Data: (RAC1)                             Human Protein Atlas  (HPA)"
"7","FBgn0010341","32981","FBgn0010341","Cdc42","Human","389","669","RHOC","ENSG00000155366","3","2.81","low","No","No","eggNOG, OrthoDB, orthoMCL","","Add","G2F details (RHOC)    DRscDB Data: (RHOC)                             Human Protein Atlas  (HPA)"
"7","FBgn0010341","32981","FBgn0010341","Cdc42","Human","54509","15703","RHOF","ENSG00000139725","3","2.81","low","No","No","eggNOG, OrthoDB, orthoMCL","","Add","G2F details (RHOF)    DRscDB Data: (RHOF)                             Human Protein Atlas  (HPA)"
"7","FBgn0010341","32981","FBgn0010341","Cdc42","Human","29984","670","RHOD","ENSG00000173156","3","2.81","low","No","No","eggNOG, OrthoDB, orthoMCL","","Add","G2F details (RHOD)    DRscDB Data: (RHOD)                             Human Protein Atlas  (HPA)"
"7","FBgn0010341","32981","FBgn0010341","Cdc42","Human","387","667","RHOA","ENSG00000067560","3","2.81","low","No","No","eggNOG, OrthoDB, orthoMCL","","Add","G2F details (RHOA)    DRscDB Data: (RHOA)                             Human Protein Atlas  (HPA)"
"7","FBgn0010341","32981","FBgn0010341","Cdc42","Human","171177","18313","RHOV","ENSG00000104140","3","2.8","low","No","No","eggNOG, OrthoFinder, orthoMCL","","Add","G2F details (RHOV)    DRscDB Data: (RHOV)                             Human Protein Atlas  (HPA)"
"7","FBgn0010341","32981","FBgn0010341","Cdc42","Human","399","686","RHOH","ENSG00000168421","2","1.91","low","No","No","eggNOG, OrthoDB","","Add","G2F details (RHOH)    DRscDB Data: (RHOH)                             Human Protein Atlas  (HPA)"
"7","FBgn0010341","32981","FBgn0010341","Cdc42","Human","58480","17794","RHOU","ENSG00000116574","2","1.8","low","No","No","eggNOG, orthoMCL","","Add","G2F details (RHOU)    DRscDB Data: (RHOU)                             Human Protein Atlas  (HPA)"
"7","FBgn0010341","32981","FBgn0010341","Cdc42","Human","388","668","RHOB","ENSG00000143878","2","1.8","low","No","No","eggNOG, orthoMCL","","Add","G2F details (RHOB)    DRscDB Data: (RHOB)                             Human Protein Atlas  (HPA)"
"7","FBgn0010341","32981","FBgn0010341","Cdc42","Human","8153","18315","RND2","ENSG00000108830","1","0.9","low","No","No","eggNOG","","Add","G2F details (RND2)    DRscDB Data: (RND2)                             Human Protein Atlas  (HPA)"
"7","FBgn0010341","32981","FBgn0010341","Cdc42","Human","22836","18757","RHOBTB3","ENSG00000164292","1","0.9","low","No","No","eggNOG","","Add","G2F details (RHOBTB3)    DRscDB Data: (RHOBTB3)                             Human Protein Atlas  (HPA)"
"7","FBgn0010341","32981","FBgn0010341","Cdc42","Human","23221","18756","RHOBTB2","ENSG00000008853","1","0.9","low","No","No","eggNOG","","Add","G2F details (RHOBTB2)    DRscDB Data: (RHOBTB2)                             Human Protein Atlas  (HPA)"
"7","FBgn0010341","32981","FBgn0010341","Cdc42","Human","27289","18314","RND1","ENSG00000172602","1","0.9","low","No","No","eggNOG","","Add","G2F details (RND1)    DRscDB Data: (RND1)                             Human Protein Atlas  (HPA)"
"7","FBgn0010341","32981","FBgn0010341","Cdc42","Human","390","671","RND3","ENSG00000115963","1","0.9","low","No","No","eggNOG","","Add","G2F details (RND3)    DRscDB Data: (RND3)                             Human Protein Atlas  (HPA)"
"7","FBgn0010341","32981","FBgn0010341","Cdc42","Human","9886","18738","RHOBTB1","ENSG00000072422","1","0.9","low","No","No","eggNOG","","Add","G2F details (RHOBTB1)    DRscDB Data: (RHOBTB1)                             Human Protein Atlas  (HPA)"
"8","FBgn0000422","35190","FBgn0000422","Ddc","Human","1644","2719","DDC","ENSG00000132437","13","12.81","high","Yes","Yes","Compara, Domainoid, eggNOG, Inparanoid, OMA, OrthoDB, OrthoFinder, OrthoInspector, Hieranoid, Panther, Phylome, SonicParanoid, orthoMCL","","Add","G2F details (DDC)    DRscDB Data: (DDC)                             Human Protein Atlas  (HPA)"
"8","FBgn0000422","35190","FBgn0000422","Ddc","Human","3067","4855","HDC","ENSG00000140287","6","5.81","moderate","No","No","eggNOG, OrthoDB, OrthoFinder, Hieranoid, orthoMCL, SonicParanoid","","Add","G2F details (HDC)    DRscDB Data: (HDC)                             Human Protein Atlas  (HPA)"
"8","FBgn0000422","35190","FBgn0000422","Ddc","Human","2572","4093","GAD2","ENSG00000136750","2","1.8","low","No","No","eggNOG, orthoMCL","","Add","G2F details (GAD2)    DRscDB Data: (GAD2)                             Human Protein Atlas  (HPA)"
"8","FBgn0000422","35190","FBgn0000422","Ddc","Human","51380","18966","CSAD","ENSG00000139631","2","1.8","low","No","No","eggNOG, orthoMCL","","Add","G2F details (CSAD)    DRscDB Data: (CSAD)                             Human Protein Atlas  (HPA)"
"8","FBgn0000422","35190","FBgn0000422","Ddc","Human","2571","4092","GAD1","ENSG00000128683","2","1.8","low","No","No","eggNOG, orthoMCL","","Add","G2F details (GAD1)    DRscDB Data: (GAD1)                             Human Protein Atlas  (HPA)"
"8","FBgn0000422","35190","FBgn0000422","Ddc","Human","339896","27949","GADL1","ENSG00000144644","2","1.8","low","No","No","eggNOG, orthoMCL","","Add","G2F details (GADL1)    DRscDB Data: (GADL1)                             Human Protein Atlas  (HPA)"
"8","FBgn0000422","35190","FBgn0000422","Ddc","Human","8879","10817","SGPL1","ENSG00000166224","1","0.9","low","No","No","eggNOG","","Add","G2F details (SGPL1)    DRscDB Data: (SGPL1)                             Human Protein Atlas  (HPA)"
"8","FBgn0000422","35190","FBgn0000422","Ddc","Human","51091","30605","SEPSECS","ENSG00000109618","1","0.9","low","No","No","eggNOG","","Add","G2F details (SEPSECS)    DRscDB Data: (SEPSECS)                             Human Protein Atlas  (HPA)"
"9","FBgn0029131","53585","FBgn0029131","Debcl","Human","666","1087","BOK","ENSG00000176720","11","10.79","high","Yes","Yes","Compara, Domainoid, eggNOG, Inparanoid, OrthoFinder, OrthoInspector, Hieranoid, Panther, Phylome, SonicParanoid, orthoMCL","","Add","G2F details (BOK)    DRscDB Data: (BOK)                             Human Protein Atlas  (HPA)"
"9","FBgn0029131","53585","FBgn0029131","Debcl","Human","596","990","BCL2","ENSG00000171791","3","2.81","moderate","No","Yes","eggNOG, OrthoDB, orthoMCL","","Add","G2F details (BCL2)    DRscDB Data: (BCL2)                             Human Protein Atlas  (HPA)"
"9","FBgn0029131","53585","FBgn0029131","Debcl","Human","598","992","BCL2L1","ENSG00000171552","3","2.81","moderate","No","Yes","eggNOG, OrthoDB, orthoMCL","","Add","G2F details (BCL2L1)    DRscDB Data: (BCL2L1)                             Human Protein Atlas  (HPA)"
"9","FBgn0029131","53585","FBgn0029131","Debcl","Human","581","959","BAX","ENSG00000087088","3","2.73","moderate","No","Yes","Compara, eggNOG, orthoMCL","","Add","G2F details (BAX)    DRscDB Data: (BAX)                             Human Protein Atlas  (HPA)"
"9","FBgn0029131","53585","FBgn0029131","Debcl","Human","578","949","BAK1","ENSG00000030110","3","2.73","moderate","No","Yes","Compara, eggNOG, orthoMCL","","Add","G2F details (BAK1)    DRscDB Data: (BAK1)                             Human Protein Atlas  (HPA)"
"9","FBgn0029131","53585","FBgn0029131","Debcl","Human","10017","993","BCL2L10","ENSG00000137875","2","1.83","moderate","No","Yes","Compara, eggNOG","","Add","G2F details (BCL2L10)    DRscDB Data: (BCL2L10)                             Human Protein Atlas  (HPA)"
"9","FBgn0029131","53585","FBgn0029131","Debcl","Human","597","991","BCL2A1","ENSG00000140379","2","1.83","moderate","No","Yes","Compara, eggNOG","","Add","G2F details (BCL2A1)    DRscDB Data: (BCL2A1)                             Human Protein Atlas  (HPA)"
"9","FBgn0029131","53585","FBgn0029131","Debcl","Human","599","995","BCL2L2","ENSG00000129473","2","1.8","moderate","No","Yes","eggNOG, orthoMCL","","Add","G2F details (BCL2L2)    DRscDB Data: (BCL2L2)                             Human Protein Atlas  (HPA)"
"9","FBgn0029131","53585","FBgn0029131","Debcl","Human","574406","32041","ADAMTSL4-AS1","ENSG00000143384","1","0.93","low","No","Yes","Compara","","Add","G2F details (ADAMTSL4-AS1)    DRscDB Data: (ADAMTSL4-AS1)                             Human Protein Atlas  (HPA)"
"9","FBgn0029131","53585","FBgn0029131","Debcl","Human","112770","29436","GLMP","ENSG00000198715","1","0.9","low","No","Yes","eggNOG","","Add","G2F details (GLMP)    DRscDB Data: (GLMP)                             Human Protein Atlas  (HPA)"
"9","FBgn0029131","53585","FBgn0029131","Debcl","Human","79370","16657","BCL2L14","ENSG00000121380","1","0.9","low","No","Yes","eggNOG","","Add","G2F details (BCL2L14)    DRscDB Data: (BCL2L14)                             Human Protein Atlas  (HPA)"
"9","FBgn0029131","53585","FBgn0029131","Debcl","Human","389384","33769","BNIP5","ENSG00000189325","1","0.9","low","No","Yes","eggNOG","","Add","G2F details (BNIP5)    DRscDB Data: (BNIP5)                             Human Protein Atlas  (HPA)"
"9","FBgn0029131","53585","FBgn0029131","Debcl","Human","4170","6943","MCL1","ENSG00000143384","1","0.9","low","No","Yes","eggNOG","","Add","G2F details (MCL1)    DRscDB Data: (MCL1)                             Human Protein Atlas  (HPA)"
"9","FBgn0029131","53585","FBgn0029131","Debcl","Human","100528021","44655","ST20-MTHFS","ENSG00000259332","1","0.9","low","No","No","eggNOG","","Add","G2F details (ST20-MTHFS)    DRscDB Data: (ST20-MTHFS)                             Human Protein Atlas  (HPA)"
"10","FBgn0000463","42313","FBgn0000463","Delta","Human","54567","2910","DLL4","ENSG00000128917","8","7.84","high","Yes","Yes","Domainoid, OrthoFinder, OrthoInspector, Compara, Panther, Phylome, SonicParanoid, orthoMCL","","Add","G2F details (DLL4)    DRscDB Data: (DLL4)                             Human Protein Atlas  (HPA)"
"10","FBgn0000463","42313","FBgn0000463","Delta","Human","28514","2908","DLL1","ENSG00000198719","8","7.84","high","Yes","Yes","Compara, Domainoid, OrthoFinder, OrthoInspector, Panther, Phylome, SonicParanoid, orthoMCL","","Add","G2F details (DLL1)    DRscDB Data: (DLL1)                             Human Protein Atlas  (HPA)"
"10","FBgn0000463","42313","FBgn0000463","Delta","Human","182","6188","JAG1","ENSG00000101384","5","4.84","moderate","No","No","Compara, Domainoid, OrthoDB, Hieranoid, orthoMCL","","Add","G2F details (JAG1)    DRscDB Data: (JAG1)                             Human Protein Atlas  (HPA)"
"10","FBgn0000463","42313","FBgn0000463","Delta","Human","3714","6189","JAG2","ENSG00000184916","4","3.91","moderate","No","No","Domainoid, OrthoDB, Hieranoid, orthoMCL","","Add","G2F details (JAG2)    DRscDB Data: (JAG2)                             Human Protein Atlas  (HPA)"
"10","FBgn0000463","42313","FBgn0000463","Delta","Human","10683","2909","DLL3","ENSG00000090932","3","2.91","moderate","No","Yes","Panther, Phylome, orthoMCL","","Add","G2F details (DLL3)    DRscDB Data: (DLL3)                             Human Protein Atlas  (HPA)"
"10","FBgn0000463","42313","FBgn0000463","Delta","Human","8788","2907","DLK1","ENSG00000185559","2","1.81","moderate","No","Yes","Phylome, orthoMCL","","Add","G2F details (DLK1)    DRscDB Data: (DLK1)                             Human Protein Atlas  (HPA)"
"10","FBgn0000463","42313","FBgn0000463","Delta","Human","92737","24456","DNER","ENSG00000187957","3","2.83","low","No","No","Compara, Domainoid, orthoMCL","","Add","G2F details (DNER)    DRscDB Data: (DNER)                             Human Protein Atlas  (HPA)"
"10","FBgn0000463","42313","FBgn0000463","Delta","Human","100996763","53923","NOTCH2NLB","ENSG00000286019","1","1.1","low","No","No","Panther","","Add","G2F details (NOTCH2NLB)    DRscDB Data: (NOTCH2NLB)                             Human Protein Atlas  (HPA)"
"10","FBgn0000463","42313","FBgn0000463","Delta","Human","4855","7884","NOTCH4","ENSG00000204301","1","0.93","low","No","No","Compara","","Add","G2F details (NOTCH4)    DRscDB Data: (NOTCH4)                             Human Protein Atlas  (HPA)"
"10","FBgn0000463","42313","FBgn0000463","Delta","Human","65989","21113","DLK2","ENSG00000171462","1","0.9","low","No","No","orthoMCL","","Add","G2F details (DLK2)    DRscDB Data: (DLK2)                             Human Protein Atlas  (HPA)"
"11","FBgn0039683","43495","FBgn0039683","dmrt99B","Human","63951","13826","DMRTA1","ENSG00000176399","9","8.96","high","Yes","Yes","Domainoid, eggNOG, Inparanoid, OrthoDB, OrthoFinder, Hieranoid, Panther, orthoMCL, SonicParanoid","","Add","G2F details (DMRTA1)    DRscDB Data: (DMRTA1)                             Human Protein Atlas  (HPA)"
"11","FBgn0039683","43495","FBgn0039683","dmrt99B","Human","63950","13908","DMRTA2","ENSG00000142700","9","8.95","high","Yes","Yes","Domainoid, eggNOG, Inparanoid, OrthoFinder, OrthoInspector, Hieranoid, Panther, SonicParanoid, orthoMCL","","Add","G2F details (DMRTA2)    DRscDB Data: (DMRTA2)                             Human Protein Atlas  (HPA)"
"11","FBgn0039683","43495","FBgn0039683","dmrt99B","Human","63948","13913","DMRTB1","ENSG00000143006","6","5.84","moderate","No","Yes","eggNOG, OrthoDB, OrthoFinder, Compara, orthoMCL, Panther","","Add","G2F details (DMRTB1)    DRscDB Data: (DMRTB1)                             Human Protein Atlas  (HPA)"
"11","FBgn0039683","43495","FBgn0039683","dmrt99B","Human","58524","13909","DMRT3","ENSG00000064218","4","3.83","moderate","No","No","eggNOG, Compara, Panther, orthoMCL","","Add","G2F details (DMRT3)    DRscDB Data: (DMRT3)                             Human Protein Atlas  (HPA)"
"11","FBgn0039683","43495","FBgn0039683","dmrt99B","Human","63946","13911","DMRTC2","ENSG00000142025","3","2.84","low","No","No","eggNOG, OrthoDB, Compara","","Add","G2F details (DMRTC2)    DRscDB Data: (DMRTC2)                             Human Protein Atlas  (HPA)"
"11","FBgn0039683","43495","FBgn0039683","dmrt99B","Human","1761","2934","DMRT1","ENSG00000137090","3","2.73","low","No","No","eggNOG, Compara, orthoMCL","","Add","G2F details (DMRT1)    DRscDB Data: (DMRT1)                             Human Protein Atlas  (HPA)"
"11","FBgn0039683","43495","FBgn0039683","dmrt99B","Human","728656","31686","DMRTC1B","ENSG00000184911","2","1.83","low","No","No","Compara, eggNOG","","Add","G2F details (DMRTC1B)    DRscDB Data: (DMRTC1B)                             Human Protein Atlas  (HPA)"
"11","FBgn0039683","43495","FBgn0039683","dmrt99B","Human","63947","13910","DMRTC1","ENSG00000269502","2","1.83","low","No","No","Compara, eggNOG","","Add","G2F details (DMRTC1)    DRscDB Data: (DMRTC1)                             Human Protein Atlas  (HPA)"
"11","FBgn0039683","43495","FBgn0039683","dmrt99B","Human","10655","2935","DMRT2","ENSG00000173253","2","1.8","low","No","No","eggNOG, orthoMCL","","Add","G2F details (DMRT2)    DRscDB Data: (DMRT2)                             Human Protein Atlas  (HPA)"
"11","FBgn0039683","43495","FBgn0039683","dmrt99B","Human","144577","26517","KICS2","ENSG00000174206","1","0.9","low","No","Yes","eggNOG","","Add","G2F details (KICS2)    DRscDB Data: (KICS2)                             Human Protein Atlas  (HPA)"
"11","FBgn0039683","43495","FBgn0039683","dmrt99B","Human","644041","40037","C18orf63","ENSG00000206043","1","0.9","low","No","Yes","eggNOG","","Add","G2F details (C18orf63)    DRscDB Data: (C18orf63)                             Human Protein Atlas  (HPA)"
"12","FBgn0026479","33445","FBgn0026479","Drp1","Human","10059","2973","DNM1L","ENSG00000087470","12","11.88","high","Yes","Yes","Domainoid, eggNOG, Inparanoid, OMA, OrthoDB, OrthoFinder, OrthoInspector, Hieranoid, Panther, Phylome, SonicParanoid, orthoMCL","","Add","G2F details (DNM1L)    DRscDB Data: (DNM1L)                             Human Protein Atlas  (HPA)"
"12","FBgn0026479","33445","FBgn0026479","Drp1","Human","4599","7532","MX1","ENSG00000157601","5","4.74","moderate","No","Yes","eggNOG, OrthoDB, Compara, SonicParanoid, orthoMCL","","Add","G2F details (MX1)    DRscDB Data: (MX1)                             Human Protein Atlas  (HPA)"
"12","FBgn0026479","33445","FBgn0026479","Drp1","Human","4600","7533","MX2","ENSG00000183486","5","4.74","moderate","No","Yes","eggNOG, OrthoDB, Compara, SonicParanoid, orthoMCL","","Add","G2F details (MX2)    DRscDB Data: (MX2)                             Human Protein Atlas  (HPA)"
"12","FBgn0026479","33445","FBgn0026479","Drp1","Human","1785","2974","DNM2","ENSG00000079805","4","3.74","moderate","No","No","eggNOG, OrthoDB, Compara, orthoMCL","","Add","G2F details (DNM2)    DRscDB Data: (DNM2)                             Human Protein Atlas  (HPA)"
"12","FBgn0026479","33445","FBgn0026479","Drp1","Human","26052","29125","DNM3","ENSG00000197959","4","3.74","moderate","No","No","eggNOG, OrthoDB, Compara, orthoMCL","","Add","G2F details (DNM3)    DRscDB Data: (DNM3)                             Human Protein Atlas  (HPA)"
"12","FBgn0026479","33445","FBgn0026479","Drp1","Human","1759","2972","DNM1","ENSG00000106976","3","2.73","low","No","No","eggNOG, Compara, orthoMCL","","Add","G2F details (DNM1)    DRscDB Data: (DNM1)                             Human Protein Atlas  (HPA)"
"12","FBgn0026479","33445","FBgn0026479","Drp1","Human","196968","35199","DNM1P46","ENSG00000290767","1","0.93","low","No","Yes","Compara","","Add","G2F details (DNM1P46)    DRscDB Data: (DNM1P46)                             Human Protein Atlas  (HPA)"
"12","FBgn0026479","33445","FBgn0026479","Drp1","Human","9927","16877","MFN2","ENSG00000116688","1","0.9","low","No","No","eggNOG","","Add","G2F details (MFN2)    DRscDB Data: (MFN2)                             Human Protein Atlas  (HPA)"
"12","FBgn0026479","33445","FBgn0026479","Drp1","Human","55669","18262","MFN1","ENSG00000171109","1","0.9","low","No","No","eggNOG","","Add","G2F details (MFN1)    DRscDB Data: (MFN1)                             Human Protein Atlas  (HPA)"
"12","FBgn0026479","33445","FBgn0026479","Drp1","Human","4976","8140","OPA1","ENSG00000198836","1","0.9","low","No","No","eggNOG","","Add","G2F details (OPA1)    DRscDB Data: (OPA1)                             Human Protein Atlas  (HPA)"
"13","FBgn0033159","35652","FBgn0033159","Dscam1","Human","1826","3039","DSCAM","ENSG00000171587","12","11.8","high","Yes","Yes","Domainoid, eggNOG, Inparanoid, OMA, OrthoFinder, OrthoInspector, Compara, Hieranoid, Panther, Phylome, SonicParanoid, orthoMCL","","Add","G2F details (DSCAM)    DRscDB Data: (DSCAM)                             Human Protein Atlas  (HPA)"
"13","FBgn0033159","35652","FBgn0033159","Dscam1","Human","57453","14656","DSCAML1","ENSG00000177103","12","11.8","high","Yes","Yes","Domainoid, eggNOG, Inparanoid, OMA, OrthoFinder, OrthoInspector, Compara, Hieranoid, Panther, Phylome, SonicParanoid, orthoMCL","","Add","G2F details (DSCAML1)    DRscDB Data: (DSCAML1)                             Human Protein Atlas  (HPA)"
"13","FBgn0033159","35652","FBgn0033159","Dscam1","Human","27255","2176","CNTN6","ENSG00000134115","2","1.94","low","No","No","OrthoDB, Compara","","Add","G2F details (CNTN6)    DRscDB Data: (CNTN6)                             Human Protein Atlas  (HPA)"
"13","FBgn0033159","35652","FBgn0033159","Dscam1","Human","152330","2174","CNTN4","ENSG00000144619","2","1.94","low","No","No","OrthoDB, Compara","","Add","G2F details (CNTN4)    DRscDB Data: (CNTN4)                             Human Protein Atlas  (HPA)"
"13","FBgn0033159","35652","FBgn0033159","Dscam1","Human","5067","2173","CNTN3","ENSG00000113805","2","1.94","low","No","No","OrthoDB, Compara","","Add","G2F details (CNTN3)    DRscDB Data: (CNTN3)                             Human Protein Atlas  (HPA)"
"13","FBgn0033159","35652","FBgn0033159","Dscam1","Human","53942","2175","CNTN5","ENSG00000149972","2","1.94","low","No","No","OrthoDB, Compara","","Add","G2F details (CNTN5)    DRscDB Data: (CNTN5)                             Human Protein Atlas  (HPA)"
"13","FBgn0033159","35652","FBgn0033159","Dscam1","Human","84623","23204","KIRREL3","ENSG00000149571","1","1","low","No","No","Domainoid","","Add","G2F details (KIRREL3)    DRscDB Data: (KIRREL3)                             Human Protein Atlas  (HPA)"
"13","FBgn0033159","35652","FBgn0033159","Dscam1","Human","84063","18816","KIRREL2","ENSG00000126259","1","1","low","No","No","Domainoid","","Add","G2F details (KIRREL2)    DRscDB Data: (KIRREL2)                             Human Protein Atlas  (HPA)"
"13","FBgn0033159","35652","FBgn0033159","Dscam1","Human","55243","15734","KIRREL1","ENSG00000183853","1","1","low","No","No","Domainoid","","Add","G2F details (KIRREL1)    DRscDB Data: (KIRREL1)                             Human Protein Atlas  (HPA)"
"13","FBgn0033159","35652","FBgn0033159","Dscam1","Human","10752","1939","CHL1","ENSG00000134121","1","0.93","low","No","No","Compara","","Add","G2F details (CHL1)    DRscDB Data: (CHL1)                             Human Protein Atlas  (HPA)"
"13","FBgn0033159","35652","FBgn0033159","Dscam1","Human","4756","7754","NEO1","ENSG00000067141","1","0.93","low","No","No","Compara","","Add","G2F details (NEO1)    DRscDB Data: (NEO1)                             Human Protein Atlas  (HPA)"
"13","FBgn0033159","35652","FBgn0033159","Dscam1","Human","4897","7994","NRCAM","ENSG00000091129","1","0.93","low","No","No","Compara","","Add","G2F details (NRCAM)    DRscDB Data: (NRCAM)                             Human Protein Atlas  (HPA)"
"13","FBgn0033159","35652","FBgn0033159","Dscam1","Human","147645","27111","VSIG10L","ENSG00000186806","1","0.93","low","No","Yes","Compara","","Add","G2F details (VSIG10L)    DRscDB Data: (VSIG10L)                             Human Protein Atlas  (HPA)"
"13","FBgn0033159","35652","FBgn0033159","Dscam1","Human","23114","29866","NFASC","ENSG00000163531","1","0.93","low","No","No","Compara","","Add","G2F details (NFASC)    DRscDB Data: (NFASC)                             Human Protein Atlas  (HPA)"
"13","FBgn0033159","35652","FBgn0033159","Dscam1","Human","54549","19308","SDK2","ENSG00000069188","1","0.93","low","No","No","Compara","","Add","G2F details (SDK2)    DRscDB Data: (SDK2)                             Human Protein Atlas  (HPA)"
"13","FBgn0033159","35652","FBgn0033159","Dscam1","Human","84966","28246","IGSF21","ENSG00000117154","1","0.93","low","No","No","Compara","","Add","G2F details (IGSF21)    DRscDB Data: (IGSF21)                             Human Protein Atlas  (HPA)"
"13","FBgn0033159","35652","FBgn0033159","Dscam1","Human","57722","13770","IGDCC4","ENSG00000103742","1","0.93","low","No","No","Compara","","Add","G2F details (IGDCC4)    DRscDB Data: (IGDCC4)                             Human Protein Atlas  (HPA)"
"13","FBgn0033159","35652","FBgn0033159","Dscam1","Human","50937","17104","CDON","ENSG00000064309","1","0.93","low","No","No","Compara","","Add","G2F details (CDON)    DRscDB Data: (CDON)                             Human Protein Atlas  (HPA)"
"13","FBgn0033159","35652","FBgn0033159","Dscam1","Human","91653","17173","BOC","ENSG00000144857","1","0.93","low","No","No","Compara","","Add","G2F details (BOC)    DRscDB Data: (BOC)                             Human Protein Atlas  (HPA)"
"13","FBgn0033159","35652","FBgn0033159","Dscam1","Human","6900","2172","CNTN2","ENSG00000184144","1","0.93","low","No","No","Compara","","Add","G2F details (CNTN2)    DRscDB Data: (CNTN2)                             Human Protein Atlas  (HPA)"
"13","FBgn0033159","35652","FBgn0033159","Dscam1","Human","4685","7657","NCAM2","ENSG00000154654","1","0.93","low","No","No","Compara","","Add","G2F details (NCAM2)    DRscDB Data: (NCAM2)                             Human Protein Atlas  (HPA)"
"13","FBgn0033159","35652","FBgn0033159","Dscam1","Human","54538","17985","ROBO4","ENSG00000154133","1","0.93","low","No","No","Compara","","Add","G2F details (ROBO4)    DRscDB Data: (ROBO4)                             Human Protein Atlas  (HPA)"
"13","FBgn0033159","35652","FBgn0033159","Dscam1","Human","374462","9679","PTPRQ","ENSG00000139304","1","0.93","low","No","No","Compara","","Add","G2F details (PTPRQ)    DRscDB Data: (PTPRQ)                             Human Protein Atlas  (HPA)"
"13","FBgn0033159","35652","FBgn0033159","Dscam1","Human","4684","7656","NCAM1","ENSG00000149294","1","0.93","low","No","No","Compara","","Add","G2F details (NCAM1)    DRscDB Data: (NCAM1)                             Human Protein Atlas  (HPA)"
"13","FBgn0033159","35652","FBgn0033159","Dscam1","Human","1272","2171","CNTN1","ENSG00000018236","1","0.93","low","No","No","Compara","","Add","G2F details (CNTN1)    DRscDB Data: (CNTN1)                             Human Protein Atlas  (HPA)"
"13","FBgn0033159","35652","FBgn0033159","Dscam1","Human","64221","13433","ROBO3","ENSG00000154134","1","0.93","low","No","No","Compara","","Add","G2F details (ROBO3)    DRscDB Data: (ROBO3)                             Human Protein Atlas  (HPA)"
"13","FBgn0033159","35652","FBgn0033159","Dscam1","Human","57549","18132","IGSF9","ENSG00000085552","1","0.93","low","No","No","Compara","","Add","G2F details (IGSF9)    DRscDB Data: (IGSF9)                             Human Protein Atlas  (HPA)"
"13","FBgn0033159","35652","FBgn0033159","Dscam1","Human","6091","10249","ROBO1","ENSG00000169855","1","0.93","low","No","No","Compara","","Add","G2F details (ROBO1)    DRscDB Data: (ROBO1)                             Human Protein Atlas  (HPA)"
"13","FBgn0033159","35652","FBgn0033159","Dscam1","Human","3897","6470","L1CAM","ENSG00000198910","1","0.93","low","No","No","Compara","","Add","G2F details (L1CAM)    DRscDB Data: (L1CAM)                             Human Protein Atlas  (HPA)"
"13","FBgn0033159","35652","FBgn0033159","Dscam1","Human","25878","7539","MXRA5","ENSG00000101825","1","0.93","low","No","No","Compara","","Add","G2F details (MXRA5)    DRscDB Data: (MXRA5)                             Human Protein Atlas  (HPA)"
"13","FBgn0033159","35652","FBgn0033159","Dscam1","Human","1630","2701","DCC","ENSG00000187323","1","0.93","low","No","No","Compara","","Add","G2F details (DCC)    DRscDB Data: (DCC)                             Human Protein Atlas  (HPA)"
"13","FBgn0033159","35652","FBgn0033159","Dscam1","Human","285313","26384","IGSF10","ENSG00000152580","1","0.93","low","No","No","Compara","","Add","G2F details (IGSF10)    DRscDB Data: (IGSF10)                             Human Protein Atlas  (HPA)"
"13","FBgn0033159","35652","FBgn0033159","Dscam1","Human","6092","10250","ROBO2","ENSG00000185008","1","0.93","low","No","No","Compara","","Add","G2F details (ROBO2)    DRscDB Data: (ROBO2)                             Human Protein Atlas  (HPA)"
"13","FBgn0033159","35652","FBgn0033159","Dscam1","Human","9543","9700","IGDCC3","ENSG00000174498","1","0.93","low","No","No","Compara","","Add","G2F details (IGDCC3)    DRscDB Data: (IGDCC3)                             Human Protein Atlas  (HPA)"
"13","FBgn0033159","35652","FBgn0033159","Dscam1","Human","22997","32326","IGSF9B","ENSG00000080854","1","0.93","low","No","No","Compara","","Add","G2F details (IGSF9B)    DRscDB Data: (IGSF9B)                             Human Protein Atlas  (HPA)"
"13","FBgn0033159","35652","FBgn0033159","Dscam1","Human","54621","26078","VSIG10","ENSG00000176834","1","0.93","low","No","Yes","Compara","","Add","G2F details (VSIG10)    DRscDB Data: (VSIG10)                             Human Protein Atlas  (HPA)"
"14","FBgn0020388","39431","FBgn0020388","Gcn5","Human","2648","4201","KAT2A","ENSG00000108773","13","12.81","high","Yes","Yes","Domainoid, eggNOG, Inparanoid, OMA, OrthoDB, OrthoFinder, OrthoInspector, Compara, Hieranoid, Panther, Phylome, SonicParanoid, orthoMCL","","Add","G2F details (KAT2A)    DRscDB Data: (KAT2A)                             Human Protein Atlas  (HPA)"
"14","FBgn0020388","39431","FBgn0020388","Gcn5","Human","8850","8638","KAT2B","ENSG00000114166","12","11.88","moderate","No","Yes","Domainoid, eggNOG, Inparanoid, OMA, OrthoDB, OrthoFinder, OrthoInspector, Hieranoid, Panther, Phylome, SonicParanoid, orthoMCL","","Add","G2F details (KAT2B)    DRscDB Data: (KAT2B)                             Human Protein Atlas  (HPA)"
"14","FBgn0020388","39431","FBgn0020388","Gcn5","Human","27443","1840","CECR2","ENSG00000099954","3","2.73","low","No","No","eggNOG, Compara, orthoMCL","","Add","G2F details (CECR2)    DRscDB Data: (CECR2)                             Human Protein Atlas  (HPA)"
"14","FBgn0020388","39431","FBgn0020388","Gcn5","Human","11176","962","BAZ2A","ENSG00000076108","1","0.93","low","No","No","Compara","","Add","G2F details (BAZ2A)    DRscDB Data: (BAZ2A)                             Human Protein Atlas  (HPA)"
"14","FBgn0020388","39431","FBgn0020388","Gcn5","Human","676","1105","BRDT","ENSG00000137948","1","0.93","low","No","No","Compara","","Add","G2F details (BRDT)    DRscDB Data: (BRDT)                             Human Protein Atlas  (HPA)"
"14","FBgn0020388","39431","FBgn0020388","Gcn5","Human","23476","13575","BRD4","ENSG00000141867","1","0.93","low","No","No","Compara","","Add","G2F details (BRD4)    DRscDB Data: (BRD4)                             Human Protein Atlas  (HPA)"
"15","FBgn0001217","41609","FBgn0001217","Hsc70-2","Human","3306","5235","HSPA2","ENSG00000126803","7","6.84","moderate","Yes","No","eggNOG, OrthoDB, OrthoFinder, Compara, Panther, SonicParanoid, orthoMCL","","Add","G2F details (HSPA2)    DRscDB Data: (HSPA2)                             Human Protein Atlas  (HPA)"
"15","FBgn0001217","41609","FBgn0001217","Hsc70-2","Human","3312","5241","HSPA8","ENSG00000109971","6","5.91","moderate","No","No","eggNOG, OrthoDB, OrthoFinder, Panther, SonicParanoid, orthoMCL","","Add","G2F details (HSPA8)    DRscDB Data: (HSPA8)                             Human Protein Atlas  (HPA)"
"15","FBgn0001217","41609","FBgn0001217","Hsc70-2","Human","3305","5234","HSPA1L","ENSG00000204390","4","3.81","moderate","No","No","eggNOG, OrthoDB, OrthoFinder, orthoMCL","","Add","G2F details (HSPA1L)    DRscDB Data: (HSPA1L)                             Human Protein Atlas  (HPA)"
"15","FBgn0001217","41609","FBgn0001217","Hsc70-2","Human","3310","5239","HSPA6","ENSG00000173110","4","3.81","moderate","No","No","eggNOG, OrthoDB, OrthoFinder, orthoMCL","","Add","G2F details (HSPA6)    DRscDB Data: (HSPA6)                             Human Protein Atlas  (HPA)"
"15","FBgn0001217","41609","FBgn0001217","Hsc70-2","Human","6782","11375","HSPA13","ENSG00000155304","3","2.81","moderate","No","Yes","eggNOG, OrthoDB, orthoMCL","","Add","G2F details (HSPA13)    DRscDB Data: (HSPA13)                             Human Protein Atlas  (HPA)"
"15","FBgn0001217","41609","FBgn0001217","Hsc70-2","Human","116835","16193","HSPA12B","ENSG00000132622","2","1.81","moderate","No","Yes","eggNOG, Phylome","","Add","G2F details (HSPA12B)    DRscDB Data: (HSPA12B)                             Human Protein Atlas  (HPA)"
"15","FBgn0001217","41609","FBgn0001217","Hsc70-2","Human","3309","5238","HSPA5","ENSG00000044574","3","2.91","low","No","No","OrthoDB, OrthoFinder, orthoMCL","","Add","G2F details (HSPA5)    DRscDB Data: (HSPA5)                             Human Protein Atlas  (HPA)"
"15","FBgn0001217","41609","FBgn0001217","Hsc70-2","Human","3303","5232","HSPA1A","ENSG00000204389","3","2.8","low","No","No","eggNOG, OrthoFinder, orthoMCL","","Add","G2F details (HSPA1A)    DRscDB Data: (HSPA1A)                             Human Protein Atlas  (HPA)"
"15","FBgn0001217","41609","FBgn0001217","Hsc70-2","Human","51182","29526","HSPA14","ENSG00000187522","3","2.8","low","No","No","eggNOG, OrthoFinder, orthoMCL","","Add","G2F details (HSPA14)    DRscDB Data: (HSPA14)                             Human Protein Atlas  (HPA)"
"15","FBgn0001217","41609","FBgn0001217","Hsc70-2","Human","3304","5233","HSPA1B","ENSG00000204388","3","2.8","low","No","No","eggNOG, OrthoFinder, orthoMCL","","Add","G2F details (HSPA1B)    DRscDB Data: (HSPA1B)                             Human Protein Atlas  (HPA)"
"15","FBgn0001217","41609","FBgn0001217","Hsc70-2","Human","3313","5244","HSPA9","ENSG00000113013","2","2.01","low","No","No","OrthoDB, OrthoFinder","","Add","G2F details (HSPA9)    DRscDB Data: (HSPA9)                             Human Protein Atlas  (HPA)"
"15","FBgn0001217","41609","FBgn0001217","Hsc70-2","Human","10808","16969","HSPH1","ENSG00000120694","1","0.9","low","No","No","orthoMCL","","Add","G2F details (HSPH1)    DRscDB Data: (HSPH1)                             Human Protein Atlas  (HPA)"
"15","FBgn0001217","41609","FBgn0001217","Hsc70-2","Human","54979","17824","PLAAT2","ENSG00000133328","1","0.9","low","No","Yes","eggNOG","","Add","G2F details (PLAAT2)    DRscDB Data: (PLAAT2)                             Human Protein Atlas  (HPA)"
"15","FBgn0001217","41609","FBgn0001217","Hsc70-2","Human","10525","16931","HYOU1","ENSG00000149428","1","0.9","low","No","No","orthoMCL","","Add","G2F details (HYOU1)    DRscDB Data: (HYOU1)                             Human Protein Atlas  (HPA)"
"15","FBgn0001217","41609","FBgn0001217","Hsc70-2","Human","118461","26973","C10orf71","ENSG00000177354","1","0.9","low","No","Yes","eggNOG","","Add","G2F details (C10orf71)    DRscDB Data: (C10orf71)                             Human Protein Atlas  (HPA)"
"15","FBgn0001217","41609","FBgn0001217","Hsc70-2","Human","259217","19022","HSPA12A","ENSG00000165868","1","0.9","low","No","Yes","eggNOG","","Add","G2F details (HSPA12A)    DRscDB Data: (HSPA12A)                             Human Protein Atlas  (HPA)"
"15","FBgn0001217","41609","FBgn0001217","Hsc70-2","Human","9528","1239","TMEM59","ENSG00000116209","1","0.9","low","No","Yes","eggNOG","","Add","G2F details (TMEM59)    DRscDB Data: (TMEM59)                             Human Protein Atlas  (HPA)"
"15","FBgn0001217","41609","FBgn0001217","Hsc70-2","Human","57110","14922","PLAAT1","ENSG00000127252","1","0.9","low","No","Yes","eggNOG","","Add","G2F details (PLAAT1)    DRscDB Data: (PLAAT1)                             Human Protein Atlas  (HPA)"
"15","FBgn0001217","41609","FBgn0001217","Hsc70-2","Human","11145","17825","PLAAT3","ENSG00000176485","1","0.9","low","No","Yes","eggNOG","","Add","G2F details (PLAAT3)    DRscDB Data: (PLAAT3)                             Human Protein Atlas  (HPA)"
"15","FBgn0001217","41609","FBgn0001217","Hsc70-2","Human","5920","9869","PLAAT4","ENSG00000133321","1","0.9","low","No","Yes","eggNOG","","Add","G2F details (PLAAT4)    DRscDB Data: (PLAAT4)                             Human Protein Atlas  (HPA)"
"15","FBgn0001217","41609","FBgn0001217","Hsc70-2","Human","3308","5237","HSPA4","ENSG00000170606","1","0.9","low","No","No","orthoMCL","","Add","G2F details (HSPA4)    DRscDB Data: (HSPA4)                             Human Protein Atlas  (HPA)"
"15","FBgn0001217","41609","FBgn0001217","Hsc70-2","Human","25789","13237","TMEM59L","ENSG00000105696","1","0.9","low","No","Yes","eggNOG","","Add","G2F details (TMEM59L)    DRscDB Data: (TMEM59L)                             Human Protein Atlas  (HPA)"
"15","FBgn0001217","41609","FBgn0001217","Hsc70-2","Human","388633","32069","LDLRAD1","ENSG00000203985","1","0.9","low","No","Yes","eggNOG","","Add","G2F details (LDLRAD1)    DRscDB Data: (LDLRAD1)                             Human Protein Atlas  (HPA)"
"15","FBgn0001217","41609","FBgn0001217","Hsc70-2","Human","22824","17041","HSPA4L","ENSG00000164070","1","0.9","low","No","No","orthoMCL","","Add","G2F details (HSPA4L)    DRscDB Data: (HSPA4L)                             Human Protein Atlas  (HPA)"
"16","FBgn0001220","36583","FBgn0001220","Hsc70-5","Human","3313","5244","HSPA9","ENSG00000113013","13","12.81","high","Yes","Yes","Compara, Domainoid, eggNOG, Inparanoid, OMA, OrthoDB, OrthoFinder, OrthoInspector, Hieranoid, Panther, Phylome, SonicParanoid, orthoMCL","","Add","G2F details (HSPA9)    DRscDB Data: (HSPA9)                             Human Protein Atlas  (HPA)"
"16","FBgn0001220","36583","FBgn0001220","Hsc70-5","Human","3309","5238","HSPA5","ENSG00000044574","2","2.01","low","No","No","OrthoDB, OrthoFinder","","Add","G2F details (HSPA5)    DRscDB Data: (HSPA5)                             Human Protein Atlas  (HPA)"
"16","FBgn0001220","36583","FBgn0001220","Hsc70-5","Human","3312","5241","HSPA8","ENSG00000109971","2","2.01","low","No","No","OrthoDB, OrthoFinder","","Add","G2F details (HSPA8)    DRscDB Data: (HSPA8)                             Human Protein Atlas  (HPA)"
"16","FBgn0001220","36583","FBgn0001220","Hsc70-5","Human","3310","5239","HSPA6","ENSG00000173110","2","2.01","low","No","No","OrthoDB, OrthoFinder","","Add","G2F details (HSPA6)    DRscDB Data: (HSPA6)                             Human Protein Atlas  (HPA)"
"16","FBgn0001220","36583","FBgn0001220","Hsc70-5","Human","3305","5234","HSPA1L","ENSG00000204390","2","2.01","low","No","No","OrthoDB, OrthoFinder","","Add","G2F details (HSPA1L)    DRscDB Data: (HSPA1L)                             Human Protein Atlas  (HPA)"
"16","FBgn0001220","36583","FBgn0001220","Hsc70-5","Human","3306","5235","HSPA2","ENSG00000126803","2","2.01","low","No","No","OrthoDB, OrthoFinder","","Add","G2F details (HSPA2)    DRscDB Data: (HSPA2)                             Human Protein Atlas  (HPA)"
"16","FBgn0001220","36583","FBgn0001220","Hsc70-5","Human","6782","11375","HSPA13","ENSG00000155304","1","1.01","low","No","No","OrthoDB","","Add","G2F details (HSPA13)    DRscDB Data: (HSPA13)                             Human Protein Atlas  (HPA)"
"16","FBgn0001220","36583","FBgn0001220","Hsc70-5","Human","3303","5232","HSPA1A","ENSG00000204389","1","1","low","No","No","OrthoFinder","","Add","G2F details (HSPA1A)    DRscDB Data: (HSPA1A)                             Human Protein Atlas  (HPA)"
"16","FBgn0001220","36583","FBgn0001220","Hsc70-5","Human","3304","5233","HSPA1B","ENSG00000204388","1","1","low","No","No","OrthoFinder","","Add","G2F details (HSPA1B)    DRscDB Data: (HSPA1B)                             Human Protein Atlas  (HPA)"
"16","FBgn0001220","36583","FBgn0001220","Hsc70-5","Human","51182","29526","HSPA14","ENSG00000187522","1","1","low","No","No","OrthoFinder","","Add","G2F details (HSPA14)    DRscDB Data: (HSPA14)                             Human Protein Atlas  (HPA)"
"17","FBgn0001222","37068","FBgn0001222","Hsf","Human","3298","5225","HSF2","ENSG00000025156","10","9.75","high","Yes","Yes","Compara, Domainoid, eggNOG, OrthoDB, OrthoFinder, OrthoInspector, Panther, Phylome, orthoMCL, SonicParanoid","","Add","G2F details (HSF2)    DRscDB Data: (HSF2)                             Human Protein Atlas  (HPA)"
"17","FBgn0001222","37068","FBgn0001222","Hsf","Human","3299","5227","HSF4","ENSG00000102878","10","9.75","high","Yes","Yes","Compara, Domainoid, eggNOG, OrthoDB, OrthoFinder, OrthoInspector, Panther, Phylome, orthoMCL, SonicParanoid","","Add","G2F details (HSF4)    DRscDB Data: (HSF4)                             Human Protein Atlas  (HPA)"
"17","FBgn0001222","37068","FBgn0001222","Hsf","Human","3297","5224","HSF1","ENSG00000185122","10","9.75","high","Yes","Yes","Compara, Domainoid, eggNOG, OrthoDB, OrthoFinder, OrthoInspector, Panther, Phylome, SonicParanoid, orthoMCL","","Add","G2F details (HSF1)    DRscDB Data: (HSF1)                             Human Protein Atlas  (HPA)"
"17","FBgn0001222","37068","FBgn0001222","Hsf","Human","86614","18568","HSFY1","ENSG00000172468","3","2.83","moderate","No","Yes","Compara, eggNOG, SonicParanoid","","Add","G2F details (HSFY1)    DRscDB Data: (HSFY1)                             Human Protein Atlas  (HPA)"
"17","FBgn0001222","37068","FBgn0001222","Hsf","Human","101927685","52398","HSFX4","ENSG00000283463","3","2.83","moderate","No","Yes","Compara, eggNOG, SonicParanoid","","Add","G2F details (HSFX4)    DRscDB Data: (HSFX4)                             Human Protein Atlas  (HPA)"
"17","FBgn0001222","37068","FBgn0001222","Hsf","Human","159119","23950","HSFY2","ENSG00000169953","3","2.83","moderate","No","Yes","Compara, eggNOG, SonicParanoid","","Add","G2F details (HSFY2)    DRscDB Data: (HSFY2)                             Human Protein Atlas  (HPA)"
"17","FBgn0001222","37068","FBgn0001222","Hsf","Human","100506164","29603","HSFX1","ENSG00000171116","3","2.83","moderate","No","Yes","Compara, eggNOG, SonicParanoid","","Add","G2F details (HSFX1)    DRscDB Data: (HSFX1)                             Human Protein Atlas  (HPA)"
"17","FBgn0001222","37068","FBgn0001222","Hsf","Human","100130086","32701","HSFX2","ENSG00000268738","3","2.83","moderate","No","Yes","Compara, eggNOG, SonicParanoid","","Add","G2F details (HSFX2)    DRscDB Data: (HSFX2)                             Human Protein Atlas  (HPA)"
"17","FBgn0001222","37068","FBgn0001222","Hsf","Human","101928917","52395","HSFX3","ENSG00000283697","3","2.83","moderate","No","Yes","Compara, eggNOG, SonicParanoid","","Add","G2F details (HSFX3)    DRscDB Data: (HSFX3)                             Human Protein Atlas  (HPA)"
"17","FBgn0001222","37068","FBgn0001222","Hsf","Human","124535","26862","HSF5","ENSG00000176160","2","1.83","moderate","No","Yes","Compara, eggNOG","","Add","G2F details (HSF5)    DRscDB Data: (HSF5)                             Human Protein Atlas  (HPA)"
"17","FBgn0001222","37068","FBgn0001222","Hsf","Human","115","240","ADCY9","ENSG00000162104","1","1.01","low","No","No","OrthoDB","","Add","G2F details (ADCY9)    DRscDB Data: (ADCY9)                             Human Protein Atlas  (HPA)"
"17","FBgn0001222","37068","FBgn0001222","Hsf","Human","2984","4688","GUCY2C","ENSG00000070019","1","1.01","low","No","No","OrthoDB","","Add","G2F details (GUCY2C)    DRscDB Data: (GUCY2C)                             Human Protein Atlas  (HPA)"
"17","FBgn0001222","37068","FBgn0001222","Hsf","Human","100130771","34531","EFCAB10","ENSG00000185055","1","0.9","low","No","Yes","eggNOG","","Add","G2F details (EFCAB10)    DRscDB Data: (EFCAB10)                             Human Protein Atlas  (HPA)"
"17","FBgn0001222","37068","FBgn0001222","Hsf","Human","284207","27584","METRNL","ENSG00000176845","1","0.9","low","No","Yes","eggNOG","","Add","G2F details (METRNL)    DRscDB Data: (METRNL)                             Human Protein Atlas  (HPA)"
"17","FBgn0001222","37068","FBgn0001222","Hsf","Human","79006","14151","METRN","ENSG00000103260","1","0.9","low","No","Yes","eggNOG","","Add","G2F details (METRN)    DRscDB Data: (METRN)                             Human Protein Atlas  (HPA)"
"18","FBgn0001224","39077","FBgn0001224","Hsp23","Human","1409","2388","CRYAA","ENSG00000160202","9","8.75","moderate","Yes","No","Compara, eggNOG, OrthoDB, OrthoFinder, Hieranoid, Panther, Phylome, orthoMCL, SonicParanoid","","Add","G2F details (CRYAA)    DRscDB Data: (CRYAA)                             Human Protein Atlas  (HPA)"
"18","FBgn0001224","39077","FBgn0001224","Hsp23","Human","1410","2389","CRYAB","ENSG00000109846","9","8.75","moderate","Yes","No","Compara, eggNOG, OrthoDB, OrthoFinder, Hieranoid, Panther, Phylome, orthoMCL, SonicParanoid","","Add","G2F details (CRYAB)    DRscDB Data: (CRYAB)                             Human Protein Atlas  (HPA)"
"18","FBgn0001224","39077","FBgn0001224","Hsp23","Human","102724652","-","LOC102724652","ENSG00000276076","8","7.85","moderate","No","No","OrthoDB, OrthoFinder, Compara, Hieranoid, Panther, Phylome, orthoMCL, SonicParanoid","","Add","G2F details (LOC102724652)    DRscDB Data: (LOC102724652)                             Human Protein Atlas  (HPA)"
"18","FBgn0001224","39077","FBgn0001224","Hsp23","Human","126393","26511","HSPB6","ENSG00000004776","8","7.82","moderate","No","No","eggNOG, OrthoDB, OrthoFinder, Hieranoid, Phylome, orthoMCL, Panther, SonicParanoid","","Add","G2F details (HSPB6)    DRscDB Data: (HSPB6)                             Human Protein Atlas  (HPA)"
"18","FBgn0001224","39077","FBgn0001224","Hsp23","Human","3316","5247","HSPB2","ENSG00000170276","7","6.84","moderate","No","No","Compara, eggNOG, OrthoDB, OrthoFinder, Panther, orthoMCL, SonicParanoid","","Add","G2F details (HSPB2)    DRscDB Data: (HSPB2)                             Human Protein Atlas  (HPA)"
"18","FBgn0001224","39077","FBgn0001224","Hsp23","Human","3315","5246","HSPB1","ENSG00000106211","5","4.9","moderate","No","No","eggNOG, OrthoFinder, Panther, orthoMCL, SonicParanoid","","Add","G2F details (HSPB1)    DRscDB Data: (HSPB1)                             Human Protein Atlas  (HPA)"
"18","FBgn0001224","39077","FBgn0001224","Hsp23","Human","8988","5248","HSPB3","ENSG00000169271","5","4.74","moderate","No","Yes","Compara, eggNOG, OrthoDB, OrthoFinder, orthoMCL","","Add","G2F details (HSPB3)    DRscDB Data: (HSPB3)                             Human Protein Atlas  (HPA)"
"18","FBgn0001224","39077","FBgn0001224","Hsp23","Human","26353","30171","HSPB8","ENSG00000152137","4","3.73","moderate","No","No","Compara, eggNOG, OrthoFinder, orthoMCL","","Add","G2F details (HSPB8)    DRscDB Data: (HSPB8)                             Human Protein Atlas  (HPA)"
"18","FBgn0001224","39077","FBgn0001224","Hsp23","Human","27129","5249","HSPB7","ENSG00000173641","3","2.73","moderate","No","Yes","Compara, eggNOG, orthoMCL","","Add","G2F details (HSPB7)    DRscDB Data: (HSPB7)                             Human Protein Atlas  (HPA)"
"18","FBgn0001224","39077","FBgn0001224","Hsp23","Human","94086","30589","HSPB9","ENSG00000260325","2","1.83","moderate","No","Yes","Compara, eggNOG","","Add","G2F details (HSPB9)    DRscDB Data: (HSPB9)                             Human Protein Atlas  (HPA)"
"18","FBgn0001224","39077","FBgn0001224","Hsp23","Human","4956","8113","ODF1","ENSG00000155087","1","1.01","low","No","Yes","OrthoDB","","Add","G2F details (ODF1)    DRscDB Data: (ODF1)                             Human Protein Atlas  (HPA)"
"18","FBgn0001224","39077","FBgn0001224","Hsp23","Human","100528019","41996","HSPB2-C11orf52","ENSG00000254445","1","0.9","low","No","Yes","orthoMCL","","(1)  Show   Add","G2F details (HSPB2-C11orf52)    DRscDB Data: (HSPB2-C11orf52)                             Human Protein Atlas  (HPA)"
"19","FBgn0013275","48581","FBgn0013275","Hsp70Aa","Human","3306","5235","HSPA2","ENSG00000126803","5","4.83","moderate","Yes","No","eggNOG, OrthoFinder, Compara, Panther, orthoMCL","","Add","G2F details (HSPA2)    DRscDB Data: (HSPA2)                             Human Protein Atlas  (HPA)"
"19","FBgn0013275","48581","FBgn0013275","Hsp70Aa","Human","3312","5241","HSPA8","ENSG00000109971","4","3.9","moderate","No","No","eggNOG, OrthoFinder, Panther, orthoMCL","","Add","G2F details (HSPA8)    DRscDB Data: (HSPA8)                             Human Protein Atlas  (HPA)"
"19","FBgn0013275","48581","FBgn0013275","Hsp70Aa","Human","3310","5239","HSPA6","ENSG00000173110","4","3.8","moderate","No","No","eggNOG, OrthoFinder, SonicParanoid, orthoMCL","","Add","G2F details (HSPA6)    DRscDB Data: (HSPA6)                             Human Protein Atlas  (HPA)"
"19","FBgn0013275","48581","FBgn0013275","Hsp70Aa","Human","3305","5234","HSPA1L","ENSG00000204390","3","2.8","low","No","No","eggNOG, OrthoFinder, orthoMCL","","Add","G2F details (HSPA1L)    DRscDB Data: (HSPA1L)                             Human Protein Atlas  (HPA)"
"19","FBgn0013275","48581","FBgn0013275","Hsp70Aa","Human","3303","5232","HSPA1A","ENSG00000204389","3","2.8","low","No","No","eggNOG, OrthoFinder, orthoMCL","","Add","G2F details (HSPA1A)    DRscDB Data: (HSPA1A)                             Human Protein Atlas  (HPA)"
"19","FBgn0013275","48581","FBgn0013275","Hsp70Aa","Human","51182","29526","HSPA14","ENSG00000187522","3","2.8","low","No","No","eggNOG, OrthoFinder, orthoMCL","","Add","G2F details (HSPA14)    DRscDB Data: (HSPA14)                             Human Protein Atlas  (HPA)"
"19","FBgn0013275","48581","FBgn0013275","Hsp70Aa","Human","3304","5233","HSPA1B","ENSG00000204388","3","2.8","low","No","No","eggNOG, OrthoFinder, orthoMCL","","Add","G2F details (HSPA1B)    DRscDB Data: (HSPA1B)                             Human Protein Atlas  (HPA)"
"19","FBgn0013275","48581","FBgn0013275","Hsp70Aa","Human","3309","5238","HSPA5","ENSG00000044574","2","1.9","low","No","No","OrthoFinder, orthoMCL","","Add","G2F details (HSPA5)    DRscDB Data: (HSPA5)                             Human Protein Atlas  (HPA)"
"19","FBgn0013275","48581","FBgn0013275","Hsp70Aa","Human","6782","11375","HSPA13","ENSG00000155304","2","1.8","low","No","No","eggNOG, orthoMCL","","Add","G2F details (HSPA13)    DRscDB Data: (HSPA13)                             Human Protein Atlas  (HPA)"
"19","FBgn0013275","48581","FBgn0013275","Hsp70Aa","Human","3313","5244","HSPA9","ENSG00000113013","1","1","low","No","No","OrthoFinder","","Add","G2F details (HSPA9)    DRscDB Data: (HSPA9)                             Human Protein Atlas  (HPA)"
"19","FBgn0013275","48581","FBgn0013275","Hsp70Aa","Human","116835","16193","HSPA12B","ENSG00000132622","1","0.9","low","No","No","eggNOG","","Add","G2F details (HSPA12B)    DRscDB Data: (HSPA12B)                             Human Protein Atlas  (HPA)"
"19","FBgn0013275","48581","FBgn0013275","Hsp70Aa","Human","9528","1239","TMEM59","ENSG00000116209","1","0.9","low","No","Yes","eggNOG","","Add","G2F details (TMEM59)    DRscDB Data: (TMEM59)                             Human Protein Atlas  (HPA)"
"19","FBgn0013275","48581","FBgn0013275","Hsp70Aa","Human","57110","14922","PLAAT1","ENSG00000127252","1","0.9","low","No","Yes","eggNOG","","Add","G2F details (PLAAT1)    DRscDB Data: (PLAAT1)                             Human Protein Atlas  (HPA)"
"19","FBgn0013275","48581","FBgn0013275","Hsp70Aa","Human","11145","17825","PLAAT3","ENSG00000176485","1","0.9","low","No","Yes","eggNOG","","Add","G2F details (PLAAT3)    DRscDB Data: (PLAAT3)                             Human Protein Atlas  (HPA)"
"19","FBgn0013275","48581","FBgn0013275","Hsp70Aa","Human","5920","9869","PLAAT4","ENSG00000133321","1","0.9","low","No","Yes","eggNOG","","Add","G2F details (PLAAT4)    DRscDB Data: (PLAAT4)                             Human Protein Atlas  (HPA)"
"19","FBgn0013275","48581","FBgn0013275","Hsp70Aa","Human","3308","5237","HSPA4","ENSG00000170606","1","0.9","low","No","No","orthoMCL","","Add","G2F details (HSPA4)    DRscDB Data: (HSPA4)                             Human Protein Atlas  (HPA)"
"19","FBgn0013275","48581","FBgn0013275","Hsp70Aa","Human","25789","13237","TMEM59L","ENSG00000105696","1","0.9","low","No","Yes","eggNOG","","Add","G2F details (TMEM59L)    DRscDB Data: (TMEM59L)                             Human Protein Atlas  (HPA)"
"19","FBgn0013275","48581","FBgn0013275","Hsp70Aa","Human","22824","17041","HSPA4L","ENSG00000164070","1","0.9","low","No","No","orthoMCL","","Add","G2F details (HSPA4L)    DRscDB Data: (HSPA4L)                             Human Protein Atlas  (HPA)"
"19","FBgn0013275","48581","FBgn0013275","Hsp70Aa","Human","388633","32069","LDLRAD1","ENSG00000203985","1","0.9","low","No","Yes","eggNOG","","Add","G2F details (LDLRAD1)    DRscDB Data: (LDLRAD1)                             Human Protein Atlas  (HPA)"
"19","FBgn0013275","48581","FBgn0013275","Hsp70Aa","Human","10808","16969","HSPH1","ENSG00000120694","1","0.9","low","No","No","orthoMCL","","Add","G2F details (HSPH1)    DRscDB Data: (HSPH1)                             Human Protein Atlas  (HPA)"
"19","FBgn0013275","48581","FBgn0013275","Hsp70Aa","Human","54979","17824","PLAAT2","ENSG00000133328","1","0.9","low","No","Yes","eggNOG","","Add","G2F details (PLAAT2)    DRscDB Data: (PLAAT2)                             Human Protein Atlas  (HPA)"
"19","FBgn0013275","48581","FBgn0013275","Hsp70Aa","Human","10525","16931","HYOU1","ENSG00000149428","1","0.9","low","No","No","orthoMCL","","Add","G2F details (HYOU1)    DRscDB Data: (HYOU1)                             Human Protein Atlas  (HPA)"
"19","FBgn0013275","48581","FBgn0013275","Hsp70Aa","Human","259217","19022","HSPA12A","ENSG00000165868","1","0.9","low","No","Yes","eggNOG","","Add","G2F details (HSPA12A)    DRscDB Data: (HSPA12A)                             Human Protein Atlas  (HPA)"
"19","FBgn0013275","48581","FBgn0013275","Hsp70Aa","Human","118461","26973","C10orf71","ENSG00000177354","1","0.9","low","No","Yes","eggNOG","","Add","G2F details (C10orf71)    DRscDB Data: (C10orf71)                             Human Protein Atlas  (HPA)"
"20","FBgn0013276","44920","FBgn0013276","Hsp70Ab","Human","3306","5235","HSPA2","ENSG00000126803","4","3.93","moderate","Yes","No","eggNOG, OrthoFinder, Compara, Panther","","Add","G2F details (HSPA2)    DRscDB Data: (HSPA2)                             Human Protein Atlas  (HPA)"
"20","FBgn0013276","44920","FBgn0013276","Hsp70Ab","Human","3312","5241","HSPA8","ENSG00000109971","3","3","low","No","No","eggNOG, OrthoFinder, Panther","","Add","G2F details (HSPA8)    DRscDB Data: (HSPA8)                             Human Protein Atlas  (HPA)"
"20","FBgn0013276","44920","FBgn0013276","Hsp70Ab","Human","3310","5239","HSPA6","ENSG00000173110","3","2.9","low","No","No","eggNOG, OrthoFinder, SonicParanoid","","Add","G2F details (HSPA6)    DRscDB Data: (HSPA6)                             Human Protein Atlas  (HPA)"
"20","FBgn0013276","44920","FBgn0013276","Hsp70Ab","Human","3305","5234","HSPA1L","ENSG00000204390","2","1.9","low","No","No","eggNOG, OrthoFinder","","Add","G2F details (HSPA1L)    DRscDB Data: (HSPA1L)                             Human Protein Atlas  (HPA)"
"20","FBgn0013276","44920","FBgn0013276","Hsp70Ab","Human","3303","5232","HSPA1A","ENSG00000204389","2","1.9","low","No","No","eggNOG, OrthoFinder","","Add","G2F details (HSPA1A)    DRscDB Data: (HSPA1A)                             Human Protein Atlas  (HPA)"
"20","FBgn0013276","44920","FBgn0013276","Hsp70Ab","Human","3304","5233","HSPA1B","ENSG00000204388","2","1.9","low","No","No","eggNOG, OrthoFinder","","Add","G2F details (HSPA1B)    DRscDB Data: (HSPA1B)                             Human Protein Atlas  (HPA)"
"20","FBgn0013276","44920","FBgn0013276","Hsp70Ab","Human","51182","29526","HSPA14","ENSG00000187522","2","1.9","low","No","No","eggNOG, OrthoFinder","","Add","G2F details (HSPA14)    DRscDB Data: (HSPA14)                             Human Protein Atlas  (HPA)"
"20","FBgn0013276","44920","FBgn0013276","Hsp70Ab","Human","3313","5244","HSPA9","ENSG00000113013","1","1","low","No","No","OrthoFinder","","Add","G2F details (HSPA9)    DRscDB Data: (HSPA9)                             Human Protein Atlas  (HPA)"
"20","FBgn0013276","44920","FBgn0013276","Hsp70Ab","Human","3309","5238","HSPA5","ENSG00000044574","1","1","low","No","No","OrthoFinder","","Add","G2F details (HSPA5)    DRscDB Data: (HSPA5)                             Human Protein Atlas  (HPA)"
"20","FBgn0013276","44920","FBgn0013276","Hsp70Ab","Human","259217","19022","HSPA12A","ENSG00000165868","1","0.9","low","No","Yes","eggNOG","","Add","G2F details (HSPA12A)    DRscDB Data: (HSPA12A)                             Human Protein Atlas  (HPA)"
"20","FBgn0013276","44920","FBgn0013276","Hsp70Ab","Human","118461","26973","C10orf71","ENSG00000177354","1","0.9","low","No","Yes","eggNOG","","Add","G2F details (C10orf71)    DRscDB Data: (C10orf71)                             Human Protein Atlas  (HPA)"
"20","FBgn0013276","44920","FBgn0013276","Hsp70Ab","Human","54979","17824","PLAAT2","ENSG00000133328","1","0.9","low","No","Yes","eggNOG","","Add","G2F details (PLAAT2)    DRscDB Data: (PLAAT2)                             Human Protein Atlas  (HPA)"
"20","FBgn0013276","44920","FBgn0013276","Hsp70Ab","Human","11145","17825","PLAAT3","ENSG00000176485","1","0.9","low","No","Yes","eggNOG","","Add","G2F details (PLAAT3)    DRscDB Data: (PLAAT3)                             Human Protein Atlas  (HPA)"
"20","FBgn0013276","44920","FBgn0013276","Hsp70Ab","Human","57110","14922","PLAAT1","ENSG00000127252","1","0.9","low","No","Yes","eggNOG","","Add","G2F details (PLAAT1)    DRscDB Data: (PLAAT1)                             Human Protein Atlas  (HPA)"
"20","FBgn0013276","44920","FBgn0013276","Hsp70Ab","Human","5920","9869","PLAAT4","ENSG00000133321","1","0.9","low","No","Yes","eggNOG","","Add","G2F details (PLAAT4)    DRscDB Data: (PLAAT4)                             Human Protein Atlas  (HPA)"
"20","FBgn0013276","44920","FBgn0013276","Hsp70Ab","Human","6782","11375","HSPA13","ENSG00000155304","1","0.9","low","No","No","eggNOG","","Add","G2F details (HSPA13)    DRscDB Data: (HSPA13)                             Human Protein Atlas  (HPA)"
"20","FBgn0013276","44920","FBgn0013276","Hsp70Ab","Human","116835","16193","HSPA12B","ENSG00000132622","1","0.9","low","No","No","eggNOG","","Add","G2F details (HSPA12B)    DRscDB Data: (HSPA12B)                             Human Protein Atlas  (HPA)"
"20","FBgn0013276","44920","FBgn0013276","Hsp70Ab","Human","9528","1239","TMEM59","ENSG00000116209","1","0.9","low","No","Yes","eggNOG","","Add","G2F details (TMEM59)    DRscDB Data: (TMEM59)                             Human Protein Atlas  (HPA)"
"20","FBgn0013276","44920","FBgn0013276","Hsp70Ab","Human","388633","32069","LDLRAD1","ENSG00000203985","1","0.9","low","No","Yes","eggNOG","","Add","G2F details (LDLRAD1)    DRscDB Data: (LDLRAD1)                             Human Protein Atlas  (HPA)"
"20","FBgn0013276","44920","FBgn0013276","Hsp70Ab","Human","25789","13237","TMEM59L","ENSG00000105696","1","0.9","low","No","Yes","eggNOG","","Add","G2F details (TMEM59L)    DRscDB Data: (TMEM59L)                             Human Protein Atlas  (HPA)"
"21","FBgn0013277","44921","FBgn0013277","Hsp70Ba","Human","3306","5235","HSPA2","ENSG00000126803","4","3.93","moderate","Yes","No","eggNOG, OrthoFinder, Compara, Panther","","Add","G2F details (HSPA2)    DRscDB Data: (HSPA2)                             Human Protein Atlas  (HPA)"
"21","FBgn0013277","44921","FBgn0013277","Hsp70Ba","Human","3312","5241","HSPA8","ENSG00000109971","3","3","low","No","No","eggNOG, OrthoFinder, Panther","","Add","G2F details (HSPA8)    DRscDB Data: (HSPA8)                             Human Protein Atlas  (HPA)"
"21","FBgn0013277","44921","FBgn0013277","Hsp70Ba","Human","3310","5239","HSPA6","ENSG00000173110","3","2.9","low","No","No","eggNOG, OrthoFinder, SonicParanoid","","Add","G2F details (HSPA6)    DRscDB Data: (HSPA6)                             Human Protein Atlas  (HPA)"
"21","FBgn0013277","44921","FBgn0013277","Hsp70Ba","Human","3305","5234","HSPA1L","ENSG00000204390","2","1.9","low","No","No","eggNOG, OrthoFinder","","Add","G2F details (HSPA1L)    DRscDB Data: (HSPA1L)                             Human Protein Atlas  (HPA)"
"21","FBgn0013277","44921","FBgn0013277","Hsp70Ba","Human","3303","5232","HSPA1A","ENSG00000204389","2","1.9","low","No","No","eggNOG, OrthoFinder","","Add","G2F details (HSPA1A)    DRscDB Data: (HSPA1A)                             Human Protein Atlas  (HPA)"
"21","FBgn0013277","44921","FBgn0013277","Hsp70Ba","Human","3304","5233","HSPA1B","ENSG00000204388","2","1.9","low","No","No","eggNOG, OrthoFinder","","Add","G2F details (HSPA1B)    DRscDB Data: (HSPA1B)                             Human Protein Atlas  (HPA)"
"21","FBgn0013277","44921","FBgn0013277","Hsp70Ba","Human","51182","29526","HSPA14","ENSG00000187522","2","1.9","low","No","No","eggNOG, OrthoFinder","","Add","G2F details (HSPA14)    DRscDB Data: (HSPA14)                             Human Protein Atlas  (HPA)"
"21","FBgn0013277","44921","FBgn0013277","Hsp70Ba","Human","3313","5244","HSPA9","ENSG00000113013","1","1","low","No","No","OrthoFinder","","Add","G2F details (HSPA9)    DRscDB Data: (HSPA9)                             Human Protein Atlas  (HPA)"
"21","FBgn0013277","44921","FBgn0013277","Hsp70Ba","Human","3309","5238","HSPA5","ENSG00000044574","1","1","low","No","No","OrthoFinder","","Add","G2F details (HSPA5)    DRscDB Data: (HSPA5)                             Human Protein Atlas  (HPA)"
"21","FBgn0013277","44921","FBgn0013277","Hsp70Ba","Human","118461","26973","C10orf71","ENSG00000177354","1","0.9","low","No","Yes","eggNOG","","Add","G2F details (C10orf71)    DRscDB Data: (C10orf71)                             Human Protein Atlas  (HPA)"
"21","FBgn0013277","44921","FBgn0013277","Hsp70Ba","Human","259217","19022","HSPA12A","ENSG00000165868","1","0.9","low","No","Yes","eggNOG","","Add","G2F details (HSPA12A)    DRscDB Data: (HSPA12A)                             Human Protein Atlas  (HPA)"
"21","FBgn0013277","44921","FBgn0013277","Hsp70Ba","Human","54979","17824","PLAAT2","ENSG00000133328","1","0.9","low","No","Yes","eggNOG","","Add","G2F details (PLAAT2)    DRscDB Data: (PLAAT2)                             Human Protein Atlas  (HPA)"
"21","FBgn0013277","44921","FBgn0013277","Hsp70Ba","Human","57110","14922","PLAAT1","ENSG00000127252","1","0.9","low","No","Yes","eggNOG","","Add","G2F details (PLAAT1)    DRscDB Data: (PLAAT1)                             Human Protein Atlas  (HPA)"
"21","FBgn0013277","44921","FBgn0013277","Hsp70Ba","Human","11145","17825","PLAAT3","ENSG00000176485","1","0.9","low","No","Yes","eggNOG","","Add","G2F details (PLAAT3)    DRscDB Data: (PLAAT3)                             Human Protein Atlas  (HPA)"
"21","FBgn0013277","44921","FBgn0013277","Hsp70Ba","Human","6782","11375","HSPA13","ENSG00000155304","1","0.9","low","No","No","eggNOG","","Add","G2F details (HSPA13)    DRscDB Data: (HSPA13)                             Human Protein Atlas  (HPA)"
"21","FBgn0013277","44921","FBgn0013277","Hsp70Ba","Human","5920","9869","PLAAT4","ENSG00000133321","1","0.9","low","No","Yes","eggNOG","","Add","G2F details (PLAAT4)    DRscDB Data: (PLAAT4)                             Human Protein Atlas  (HPA)"
"21","FBgn0013277","44921","FBgn0013277","Hsp70Ba","Human","9528","1239","TMEM59","ENSG00000116209","1","0.9","low","No","Yes","eggNOG","","Add","G2F details (TMEM59)    DRscDB Data: (TMEM59)                             Human Protein Atlas  (HPA)"
"21","FBgn0013277","44921","FBgn0013277","Hsp70Ba","Human","116835","16193","HSPA12B","ENSG00000132622","1","0.9","low","No","No","eggNOG","","Add","G2F details (HSPA12B)    DRscDB Data: (HSPA12B)                             Human Protein Atlas  (HPA)"
"21","FBgn0013277","44921","FBgn0013277","Hsp70Ba","Human","388633","32069","LDLRAD1","ENSG00000203985","1","0.9","low","No","Yes","eggNOG","","Add","G2F details (LDLRAD1)    DRscDB Data: (LDLRAD1)                             Human Protein Atlas  (HPA)"
"21","FBgn0013277","44921","FBgn0013277","Hsp70Ba","Human","25789","13237","TMEM59L","ENSG00000105696","1","0.9","low","No","Yes","eggNOG","","Add","G2F details (TMEM59L)    DRscDB Data: (TMEM59L)                             Human Protein Atlas  (HPA)"
"22","FBgn0013278","48582","FBgn0013278","Hsp70Bb","Human","3306","5235","HSPA2","ENSG00000126803","4","3.93","moderate","Yes","No","eggNOG, OrthoFinder, Compara, Panther","","Add","G2F details (HSPA2)    DRscDB Data: (HSPA2)                             Human Protein Atlas  (HPA)"
"22","FBgn0013278","48582","FBgn0013278","Hsp70Bb","Human","3310","5239","HSPA6","ENSG00000173110","4","3.81","moderate","Yes","No","eggNOG, OrthoFinder, Phylome, SonicParanoid","","Add","G2F details (HSPA6)    DRscDB Data: (HSPA6)                             Human Protein Atlas  (HPA)"
"22","FBgn0013278","48582","FBgn0013278","Hsp70Bb","Human","116835","16193","HSPA12B","ENSG00000132622","2","1.81","moderate","No","Yes","eggNOG, Phylome","","Add","G2F details (HSPA12B)    DRscDB Data: (HSPA12B)                             Human Protein Atlas  (HPA)"
"22","FBgn0013278","48582","FBgn0013278","Hsp70Bb","Human","3312","5241","HSPA8","ENSG00000109971","3","3","low","No","No","eggNOG, OrthoFinder, Panther","","Add","G2F details (HSPA8)    DRscDB Data: (HSPA8)                             Human Protein Atlas  (HPA)"
"22","FBgn0013278","48582","FBgn0013278","Hsp70Bb","Human","3305","5234","HSPA1L","ENSG00000204390","3","2.81","low","No","No","eggNOG, OrthoFinder, Phylome","","Add","G2F details (HSPA1L)    DRscDB Data: (HSPA1L)                             Human Protein Atlas  (HPA)"
"22","FBgn0013278","48582","FBgn0013278","Hsp70Bb","Human","3303","5232","HSPA1A","ENSG00000204389","3","2.81","low","No","No","eggNOG, OrthoFinder, Phylome","","Add","G2F details (HSPA1A)    DRscDB Data: (HSPA1A)                             Human Protein Atlas  (HPA)"
"22","FBgn0013278","48582","FBgn0013278","Hsp70Bb","Human","3304","5233","HSPA1B","ENSG00000204388","3","2.81","low","No","No","eggNOG, OrthoFinder, Phylome","","Add","G2F details (HSPA1B)    DRscDB Data: (HSPA1B)                             Human Protein Atlas  (HPA)"
"22","FBgn0013278","48582","FBgn0013278","Hsp70Bb","Human","51182","29526","HSPA14","ENSG00000187522","2","1.9","low","No","No","eggNOG, OrthoFinder","","Add","G2F details (HSPA14)    DRscDB Data: (HSPA14)                             Human Protein Atlas  (HPA)"
"22","FBgn0013278","48582","FBgn0013278","Hsp70Bb","Human","3313","5244","HSPA9","ENSG00000113013","1","1","low","No","No","OrthoFinder","","Add","G2F details (HSPA9)    DRscDB Data: (HSPA9)                             Human Protein Atlas  (HPA)"
"22","FBgn0013278","48582","FBgn0013278","Hsp70Bb","Human","3309","5238","HSPA5","ENSG00000044574","1","1","low","No","No","OrthoFinder","","Add","G2F details (HSPA5)    DRscDB Data: (HSPA5)                             Human Protein Atlas  (HPA)"
"22","FBgn0013278","48582","FBgn0013278","Hsp70Bb","Human","54979","17824","PLAAT2","ENSG00000133328","1","0.9","low","No","Yes","eggNOG","","Add","G2F details (PLAAT2)    DRscDB Data: (PLAAT2)                             Human Protein Atlas  (HPA)"
"22","FBgn0013278","48582","FBgn0013278","Hsp70Bb","Human","259217","19022","HSPA12A","ENSG00000165868","1","0.9","low","No","Yes","eggNOG","","Add","G2F details (HSPA12A)    DRscDB Data: (HSPA12A)                             Human Protein Atlas  (HPA)"
"22","FBgn0013278","48582","FBgn0013278","Hsp70Bb","Human","118461","26973","C10orf71","ENSG00000177354","1","0.9","low","No","Yes","eggNOG","","Add","G2F details (C10orf71)    DRscDB Data: (C10orf71)                             Human Protein Atlas  (HPA)"
"22","FBgn0013278","48582","FBgn0013278","Hsp70Bb","Human","9528","1239","TMEM59","ENSG00000116209","1","0.9","low","No","Yes","eggNOG","","Add","G2F details (TMEM59)    DRscDB Data: (TMEM59)                             Human Protein Atlas  (HPA)"
"22","FBgn0013278","48582","FBgn0013278","Hsp70Bb","Human","57110","14922","PLAAT1","ENSG00000127252","1","0.9","low","No","Yes","eggNOG","","Add","G2F details (PLAAT1)    DRscDB Data: (PLAAT1)                             Human Protein Atlas  (HPA)"
"22","FBgn0013278","48582","FBgn0013278","Hsp70Bb","Human","11145","17825","PLAAT3","ENSG00000176485","1","0.9","low","No","Yes","eggNOG","","Add","G2F details (PLAAT3)    DRscDB Data: (PLAAT3)                             Human Protein Atlas  (HPA)"
"22","FBgn0013278","48582","FBgn0013278","Hsp70Bb","Human","6782","11375","HSPA13","ENSG00000155304","1","0.9","low","No","No","eggNOG","","Add","G2F details (HSPA13)    DRscDB Data: (HSPA13)                             Human Protein Atlas  (HPA)"
"22","FBgn0013278","48582","FBgn0013278","Hsp70Bb","Human","5920","9869","PLAAT4","ENSG00000133321","1","0.9","low","No","Yes","eggNOG","","Add","G2F details (PLAAT4)    DRscDB Data: (PLAAT4)                             Human Protein Atlas  (HPA)"
"22","FBgn0013278","48582","FBgn0013278","Hsp70Bb","Human","25789","13237","TMEM59L","ENSG00000105696","1","0.9","low","No","Yes","eggNOG","","Add","G2F details (TMEM59L)    DRscDB Data: (TMEM59L)                             Human Protein Atlas  (HPA)"
"22","FBgn0013278","48582","FBgn0013278","Hsp70Bb","Human","388633","32069","LDLRAD1","ENSG00000203985","1","0.9","low","No","Yes","eggNOG","","Add","G2F details (LDLRAD1)    DRscDB Data: (LDLRAD1)                             Human Protein Atlas  (HPA)"
"23","FBgn0051354","50022","FBgn0051354","Hsp70Bbb","Human","3306","5235","HSPA2","ENSG00000126803","5","4.83","moderate","Yes","No","eggNOG, OrthoFinder, Compara, Panther, orthoMCL","","Add","G2F details (HSPA2)    DRscDB Data: (HSPA2)                             Human Protein Atlas  (HPA)"
"23","FBgn0051354","50022","FBgn0051354","Hsp70Bbb","Human","3312","5241","HSPA8","ENSG00000109971","4","3.9","moderate","No","No","eggNOG, OrthoFinder, Panther, orthoMCL","","Add","G2F details (HSPA8)    DRscDB Data: (HSPA8)                             Human Protein Atlas  (HPA)"
"23","FBgn0051354","50022","FBgn0051354","Hsp70Bbb","Human","3310","5239","HSPA6","ENSG00000173110","4","3.8","moderate","No","No","eggNOG, OrthoFinder, SonicParanoid, orthoMCL","","Add","G2F details (HSPA6)    DRscDB Data: (HSPA6)                             Human Protein Atlas  (HPA)"
"23","FBgn0051354","50022","FBgn0051354","Hsp70Bbb","Human","116835","16193","HSPA12B","ENSG00000132622","2","1.81","moderate","No","Yes","eggNOG, Phylome","","Add","G2F details (HSPA12B)    DRscDB Data: (HSPA12B)                             Human Protein Atlas  (HPA)"
"23","FBgn0051354","50022","FBgn0051354","Hsp70Bbb","Human","3305","5234","HSPA1L","ENSG00000204390","3","2.8","low","No","No","eggNOG, OrthoFinder, orthoMCL","","Add","G2F details (HSPA1L)    DRscDB Data: (HSPA1L)                             Human Protein Atlas  (HPA)"
"23","FBgn0051354","50022","FBgn0051354","Hsp70Bbb","Human","3303","5232","HSPA1A","ENSG00000204389","3","2.8","low","No","No","eggNOG, OrthoFinder, orthoMCL","","Add","G2F details (HSPA1A)    DRscDB Data: (HSPA1A)                             Human Protein Atlas  (HPA)"
"23","FBgn0051354","50022","FBgn0051354","Hsp70Bbb","Human","3304","5233","HSPA1B","ENSG00000204388","3","2.8","low","No","No","eggNOG, OrthoFinder, orthoMCL","","Add","G2F details (HSPA1B)    DRscDB Data: (HSPA1B)                             Human Protein Atlas  (HPA)"
"23","FBgn0051354","50022","FBgn0051354","Hsp70Bbb","Human","51182","29526","HSPA14","ENSG00000187522","3","2.8","low","No","No","eggNOG, OrthoFinder, orthoMCL","","Add","G2F details (HSPA14)    DRscDB Data: (HSPA14)                             Human Protein Atlas  (HPA)"
"23","FBgn0051354","50022","FBgn0051354","Hsp70Bbb","Human","3309","5238","HSPA5","ENSG00000044574","2","1.9","low","No","No","OrthoFinder, orthoMCL","","Add","G2F details (HSPA5)    DRscDB Data: (HSPA5)                             Human Protein Atlas  (HPA)"
"23","FBgn0051354","50022","FBgn0051354","Hsp70Bbb","Human","6782","11375","HSPA13","ENSG00000155304","2","1.8","low","No","No","eggNOG, orthoMCL","","Add","G2F details (HSPA13)    DRscDB Data: (HSPA13)                             Human Protein Atlas  (HPA)"
"23","FBgn0051354","50022","FBgn0051354","Hsp70Bbb","Human","3313","5244","HSPA9","ENSG00000113013","1","1","low","No","No","OrthoFinder","","Add","G2F details (HSPA9)    DRscDB Data: (HSPA9)                             Human Protein Atlas  (HPA)"
"23","FBgn0051354","50022","FBgn0051354","Hsp70Bbb","Human","57110","14922","PLAAT1","ENSG00000127252","1","0.9","low","No","Yes","eggNOG","","Add","G2F details (PLAAT1)    DRscDB Data: (PLAAT1)                             Human Protein Atlas  (HPA)"
"23","FBgn0051354","50022","FBgn0051354","Hsp70Bbb","Human","11145","17825","PLAAT3","ENSG00000176485","1","0.9","low","No","Yes","eggNOG","","Add","G2F details (PLAAT3)    DRscDB Data: (PLAAT3)                             Human Protein Atlas  (HPA)"
"23","FBgn0051354","50022","FBgn0051354","Hsp70Bbb","Human","5920","9869","PLAAT4","ENSG00000133321","1","0.9","low","No","Yes","eggNOG","","Add","G2F details (PLAAT4)    DRscDB Data: (PLAAT4)                             Human Protein Atlas  (HPA)"
"23","FBgn0051354","50022","FBgn0051354","Hsp70Bbb","Human","9528","1239","TMEM59","ENSG00000116209","1","0.9","low","No","Yes","eggNOG","","Add","G2F details (TMEM59)    DRscDB Data: (TMEM59)                             Human Protein Atlas  (HPA)"
"23","FBgn0051354","50022","FBgn0051354","Hsp70Bbb","Human","388633","32069","LDLRAD1","ENSG00000203985","1","0.9","low","No","Yes","eggNOG","","Add","G2F details (LDLRAD1)    DRscDB Data: (LDLRAD1)                             Human Protein Atlas  (HPA)"
"23","FBgn0051354","50022","FBgn0051354","Hsp70Bbb","Human","22824","17041","HSPA4L","ENSG00000164070","1","0.9","low","No","No","orthoMCL","","Add","G2F details (HSPA4L)    DRscDB Data: (HSPA4L)                             Human Protein Atlas  (HPA)"
"23","FBgn0051354","50022","FBgn0051354","Hsp70Bbb","Human","3308","5237","HSPA4","ENSG00000170606","1","0.9","low","No","No","orthoMCL","","Add","G2F details (HSPA4)    DRscDB Data: (HSPA4)                             Human Protein Atlas  (HPA)"
"23","FBgn0051354","50022","FBgn0051354","Hsp70Bbb","Human","25789","13237","TMEM59L","ENSG00000105696","1","0.9","low","No","Yes","eggNOG","","Add","G2F details (TMEM59L)    DRscDB Data: (TMEM59L)                             Human Protein Atlas  (HPA)"
"23","FBgn0051354","50022","FBgn0051354","Hsp70Bbb","Human","10808","16969","HSPH1","ENSG00000120694","1","0.9","low","No","No","orthoMCL","","Add","G2F details (HSPH1)    DRscDB Data: (HSPH1)                             Human Protein Atlas  (HPA)"
"23","FBgn0051354","50022","FBgn0051354","Hsp70Bbb","Human","118461","26973","C10orf71","ENSG00000177354","1","0.9","low","No","Yes","eggNOG","","Add","G2F details (C10orf71)    DRscDB Data: (C10orf71)                             Human Protein Atlas  (HPA)"
"23","FBgn0051354","50022","FBgn0051354","Hsp70Bbb","Human","259217","19022","HSPA12A","ENSG00000165868","1","0.9","low","No","Yes","eggNOG","","Add","G2F details (HSPA12A)    DRscDB Data: (HSPA12A)                             Human Protein Atlas  (HPA)"
"23","FBgn0051354","50022","FBgn0051354","Hsp70Bbb","Human","54979","17824","PLAAT2","ENSG00000133328","1","0.9","low","No","Yes","eggNOG","","Add","G2F details (PLAAT2)    DRscDB Data: (PLAAT2)                             Human Protein Atlas  (HPA)"
"23","FBgn0051354","50022","FBgn0051354","Hsp70Bbb","Human","10525","16931","HYOU1","ENSG00000149428","1","0.9","low","No","No","orthoMCL","","Add","G2F details (HYOU1)    DRscDB Data: (HYOU1)                             Human Protein Atlas  (HPA)"
"24","FBgn0013279","48583","FBgn0013279","Hsp70Bc","Human","3306","5235","HSPA2","ENSG00000126803","5","4.83","moderate","Yes","No","eggNOG, OrthoFinder, Compara, Panther, orthoMCL","","Add","G2F details (HSPA2)    DRscDB Data: (HSPA2)                             Human Protein Atlas  (HPA)"
"24","FBgn0013279","48583","FBgn0013279","Hsp70Bc","Human","3310","5239","HSPA6","ENSG00000173110","5","4.71","moderate","Yes","No","eggNOG, OrthoFinder, Phylome, SonicParanoid, orthoMCL","","Add","G2F details (HSPA6)    DRscDB Data: (HSPA6)                             Human Protein Atlas  (HPA)"
"24","FBgn0013279","48583","FBgn0013279","Hsp70Bc","Human","3312","5241","HSPA8","ENSG00000109971","4","3.9","moderate","No","No","eggNOG, OrthoFinder, Panther, orthoMCL","","Add","G2F details (HSPA8)    DRscDB Data: (HSPA8)                             Human Protein Atlas  (HPA)"
"24","FBgn0013279","48583","FBgn0013279","Hsp70Bc","Human","3304","5233","HSPA1B","ENSG00000204388","4","3.71","moderate","No","No","eggNOG, OrthoFinder, Phylome, orthoMCL","","Add","G2F details (HSPA1B)    DRscDB Data: (HSPA1B)                             Human Protein Atlas  (HPA)"
"24","FBgn0013279","48583","FBgn0013279","Hsp70Bc","Human","3303","5232","HSPA1A","ENSG00000204389","4","3.71","moderate","No","No","eggNOG, OrthoFinder, Phylome, orthoMCL","","Add","G2F details (HSPA1A)    DRscDB Data: (HSPA1A)                             Human Protein Atlas  (HPA)"
"24","FBgn0013279","48583","FBgn0013279","Hsp70Bc","Human","3305","5234","HSPA1L","ENSG00000204390","4","3.71","moderate","No","No","eggNOG, OrthoFinder, Phylome, orthoMCL","","Add","G2F details (HSPA1L)    DRscDB Data: (HSPA1L)                             Human Protein Atlas  (HPA)"
"24","FBgn0013279","48583","FBgn0013279","Hsp70Bc","Human","116835","16193","HSPA12B","ENSG00000132622","2","1.81","moderate","No","Yes","eggNOG, Phylome","","Add","G2F details (HSPA12B)    DRscDB Data: (HSPA12B)                             Human Protein Atlas  (HPA)"
"24","FBgn0013279","48583","FBgn0013279","Hsp70Bc","Human","51182","29526","HSPA14","ENSG00000187522","3","2.8","low","No","No","eggNOG, OrthoFinder, orthoMCL","","Add","G2F details (HSPA14)    DRscDB Data: (HSPA14)                             Human Protein Atlas  (HPA)"
"24","FBgn0013279","48583","FBgn0013279","Hsp70Bc","Human","3309","5238","HSPA5","ENSG00000044574","2","1.9","low","No","No","OrthoFinder, orthoMCL","","Add","G2F details (HSPA5)    DRscDB Data: (HSPA5)                             Human Protein Atlas  (HPA)"
"24","FBgn0013279","48583","FBgn0013279","Hsp70Bc","Human","6782","11375","HSPA13","ENSG00000155304","2","1.8","low","No","No","eggNOG, orthoMCL","","Add","G2F details (HSPA13)    DRscDB Data: (HSPA13)                             Human Protein Atlas  (HPA)"
"24","FBgn0013279","48583","FBgn0013279","Hsp70Bc","Human","3313","5244","HSPA9","ENSG00000113013","1","1","low","No","No","OrthoFinder","","Add","G2F details (HSPA9)    DRscDB Data: (HSPA9)                             Human Protein Atlas  (HPA)"
"24","FBgn0013279","48583","FBgn0013279","Hsp70Bc","Human","259217","19022","HSPA12A","ENSG00000165868","1","0.9","low","No","Yes","eggNOG","","Add","G2F details (HSPA12A)    DRscDB Data: (HSPA12A)                             Human Protein Atlas  (HPA)"
"24","FBgn0013279","48583","FBgn0013279","Hsp70Bc","Human","118461","26973","C10orf71","ENSG00000177354","1","0.9","low","No","Yes","eggNOG","","Add","G2F details (C10orf71)    DRscDB Data: (C10orf71)                             Human Protein Atlas  (HPA)"
"24","FBgn0013279","48583","FBgn0013279","Hsp70Bc","Human","10525","16931","HYOU1","ENSG00000149428","1","0.9","low","No","No","orthoMCL","","Add","G2F details (HYOU1)    DRscDB Data: (HYOU1)                             Human Protein Atlas  (HPA)"
"24","FBgn0013279","48583","FBgn0013279","Hsp70Bc","Human","54979","17824","PLAAT2","ENSG00000133328","1","0.9","low","No","Yes","eggNOG","","Add","G2F details (PLAAT2)    DRscDB Data: (PLAAT2)                             Human Protein Atlas  (HPA)"
"24","FBgn0013279","48583","FBgn0013279","Hsp70Bc","Human","10808","16969","HSPH1","ENSG00000120694","1","0.9","low","No","No","orthoMCL","","Add","G2F details (HSPH1)    DRscDB Data: (HSPH1)                             Human Protein Atlas  (HPA)"
"24","FBgn0013279","48583","FBgn0013279","Hsp70Bc","Human","22824","17041","HSPA4L","ENSG00000164070","1","0.9","low","No","No","orthoMCL","","Add","G2F details (HSPA4L)    DRscDB Data: (HSPA4L)                             Human Protein Atlas  (HPA)"
"24","FBgn0013279","48583","FBgn0013279","Hsp70Bc","Human","388633","32069","LDLRAD1","ENSG00000203985","1","0.9","low","No","Yes","eggNOG","","Add","G2F details (LDLRAD1)    DRscDB Data: (LDLRAD1)                             Human Protein Atlas  (HPA)"
"24","FBgn0013279","48583","FBgn0013279","Hsp70Bc","Human","25789","13237","TMEM59L","ENSG00000105696","1","0.9","low","No","Yes","eggNOG","","Add","G2F details (TMEM59L)    DRscDB Data: (TMEM59L)                             Human Protein Atlas  (HPA)"
"24","FBgn0013279","48583","FBgn0013279","Hsp70Bc","Human","3308","5237","HSPA4","ENSG00000170606","1","0.9","low","No","No","orthoMCL","","Add","G2F details (HSPA4)    DRscDB Data: (HSPA4)                             Human Protein Atlas  (HPA)"
"24","FBgn0013279","48583","FBgn0013279","Hsp70Bc","Human","5920","9869","PLAAT4","ENSG00000133321","1","0.9","low","No","Yes","eggNOG","","Add","G2F details (PLAAT4)    DRscDB Data: (PLAAT4)                             Human Protein Atlas  (HPA)"
"24","FBgn0013279","48583","FBgn0013279","Hsp70Bc","Human","11145","17825","PLAAT3","ENSG00000176485","1","0.9","low","No","Yes","eggNOG","","Add","G2F details (PLAAT3)    DRscDB Data: (PLAAT3)                             Human Protein Atlas  (HPA)"
"24","FBgn0013279","48583","FBgn0013279","Hsp70Bc","Human","57110","14922","PLAAT1","ENSG00000127252","1","0.9","low","No","Yes","eggNOG","","Add","G2F details (PLAAT1)    DRscDB Data: (PLAAT1)                             Human Protein Atlas  (HPA)"
"24","FBgn0013279","48583","FBgn0013279","Hsp70Bc","Human","9528","1239","TMEM59","ENSG00000116209","1","0.9","low","No","Yes","eggNOG","","Add","G2F details (TMEM59)    DRscDB Data: (TMEM59)                             Human Protein Atlas  (HPA)"
"25","FBgn0001233","38389","FBgn0001233","Hsp83","Human","3320","5253","HSP90AA1","ENSG00000080824","13","12.81","high","Yes","Yes","Compara, Domainoid, eggNOG, Inparanoid, OMA, OrthoDB, OrthoFinder, OrthoInspector, Hieranoid, Panther, Phylome, SonicParanoid, orthoMCL","","Add","G2F details (HSP90AA1)    DRscDB Data: (HSP90AA1)                             Human Protein Atlas  (HPA)"
"25","FBgn0001233","38389","FBgn0001233","Hsp83","Human","3326","5258","HSP90AB1","ENSG00000096384","13","12.81","high","Yes","Yes","Compara, Domainoid, eggNOG, Inparanoid, OMA, OrthoDB, OrthoFinder, OrthoInspector, Hieranoid, Panther, Phylome, SonicParanoid, orthoMCL","","Add","G2F details (HSP90AB1)    DRscDB Data: (HSP90AB1)                             Human Protein Atlas  (HPA)"
"25","FBgn0001233","38389","FBgn0001233","Hsp83","Human","7184","12028","HSP90B1","ENSG00000166598","5","4.81","moderate","No","No","eggNOG, OrthoDB, OrthoFinder, orthoMCL, SonicParanoid","","Add","G2F details (HSP90B1)    DRscDB Data: (HSP90B1)                             Human Protein Atlas  (HPA)"
"25","FBgn0001233","38389","FBgn0001233","Hsp83","Human","391634","32537","HSP90AB2P","ENSG00000205940","4","4.01","moderate","No","Yes","OrthoFinder, Panther, Phylome, SonicParanoid","","Add","G2F details (HSP90AB2P)    DRscDB Data: (HSP90AB2P)                             Human Protein Atlas  (HPA)"
"25","FBgn0001233","38389","FBgn0001233","Hsp83","Human","664618","32538","HSP90AB4P","","4","3.94","moderate","No","Yes","Compara, OrthoFinder, Panther, Phylome","","Add","G2F details (HSP90AB4P)    DRscDB Data: (HSP90AB4P)                             Human Protein Atlas  (HPA)"
"25","FBgn0001233","38389","FBgn0001233","Hsp83","Human","3327","5259","HSP90AB3P","ENSG00000183199","4","3.94","moderate","No","Yes","Compara, OrthoFinder, Panther, Phylome","","Add","G2F details (HSP90AB3P)    DRscDB Data: (HSP90AB3P)                             Human Protein Atlas  (HPA)"
"25","FBgn0001233","38389","FBgn0001233","Hsp83","Human","3323","5255","HSP90AA4P","","4","3.84","moderate","No","Yes","Compara, OrthoFinder, Phylome, SonicParanoid","","Add","G2F details (HSP90AA4P)    DRscDB Data: (HSP90AA4P)                             Human Protein Atlas  (HPA)"
"25","FBgn0001233","38389","FBgn0001233","Hsp83","Human","730211","32535","HSP90AA5P","","3","2.84","moderate","No","Yes","Compara, OrthoFinder, Phylome","","Add","G2F details (HSP90AA5P)    DRscDB Data: (HSP90AA5P)                             Human Protein Atlas  (HPA)"
"25","FBgn0001233","38389","FBgn0001233","Hsp83","Human","3324","5256","HSP90AA2P","","2","1.91","moderate","No","Yes","OrthoFinder, Phylome","","Add","G2F details (HSP90AA2P)    DRscDB Data: (HSP90AA2P)                             Human Protein Atlas  (HPA)"
"25","FBgn0001233","38389","FBgn0001233","Hsp83","Human","10131","16264","TRAP1","ENSG00000126602","2","1.8","low","No","No","eggNOG, orthoMCL","","Add","G2F details (TRAP1)    DRscDB Data: (TRAP1)                             Human Protein Atlas  (HPA)"
"25","FBgn0001233","38389","FBgn0001233","Hsp83","Human","7248","12362","TSC1","ENSG00000165699","1","0.9","low","No","No","eggNOG","","Add","G2F details (TSC1)    DRscDB Data: (TSC1)                             Human Protein Atlas  (HPA)"
"26","FBgn0261984","42358","FBgn0261984","Ire1","Human","10595","16942","ERN2","ENSG00000134398","13","12.81","high","Yes","Yes","Compara, Domainoid, eggNOG, Inparanoid, OMA, OrthoDB, OrthoFinder, OrthoInspector, Hieranoid, Panther, Phylome, SonicParanoid, orthoMCL","","Add","G2F details (ERN2)    DRscDB Data: (ERN2)                             Human Protein Atlas  (HPA)"
"26","FBgn0261984","42358","FBgn0261984","Ire1","Human","2081","3449","ERN1","ENSG00000178607","11","10.88","moderate","No","Yes","Domainoid, eggNOG, Inparanoid, OMA, OrthoDB, OrthoFinder, Hieranoid, Panther, Phylome, SonicParanoid, orthoMCL","","Add","G2F details (ERN1)    DRscDB Data: (ERN1)                             Human Protein Atlas  (HPA)"
"26","FBgn0261984","42358","FBgn0261984","Ire1","Human","6041","10050","RNASEL","ENSG00000135828","2","1.81","moderate","No","Yes","eggNOG, Phylome","","Add","G2F details (RNASEL)    DRscDB Data: (RNASEL)                             Human Protein Atlas  (HPA)"
"27","FBgn0000229","44801","FBgn0000229","bsk","Human","5599","6881","MAPK8","ENSG00000107643","13","12.81","high","Yes","Yes","Domainoid, eggNOG, Inparanoid, OMA, OrthoDB, OrthoFinder, OrthoInspector, Compara, Hieranoid, Panther, Phylome, SonicParanoid, orthoMCL","","Add","G2F details (MAPK8)    DRscDB Data: (MAPK8)                             Human Protein Atlas  (HPA)"
"27","FBgn0000229","44801","FBgn0000229","bsk","Human","5602","6872","MAPK10","ENSG00000109339","12","11.91","moderate","No","Yes","Domainoid, Inparanoid, OMA, OrthoDB, OrthoFinder, OrthoInspector, Compara, Hieranoid, Panther, Phylome, SonicParanoid, orthoMCL","","Add","G2F details (MAPK10)    DRscDB Data: (MAPK10)                             Human Protein Atlas  (HPA)"
"27","FBgn0000229","44801","FBgn0000229","bsk","Human","5601","6886","MAPK9","ENSG00000050748","12","11.8","moderate","No","Yes","Domainoid, eggNOG, Inparanoid, OrthoDB, OrthoFinder, OrthoInspector, Compara, Hieranoid, Panther, Phylome, SonicParanoid, orthoMCL","","Add","G2F details (MAPK9)    DRscDB Data: (MAPK9)                             Human Protein Atlas  (HPA)"
"27","FBgn0000229","44801","FBgn0000229","bsk","Human","6300","6874","MAPK12","ENSG00000188130","2","1.94","low","No","No","OrthoDB, Compara","","Add","G2F details (MAPK12)    DRscDB Data: (MAPK12)                             Human Protein Atlas  (HPA)"
"27","FBgn0000229","44801","FBgn0000229","bsk","Human","5603","6875","MAPK13","ENSG00000156711","2","1.94","low","No","No","OrthoDB, Compara","","Add","G2F details (MAPK13)    DRscDB Data: (MAPK13)                             Human Protein Atlas  (HPA)"
"27","FBgn0000229","44801","FBgn0000229","bsk","Human","5595","6877","MAPK3","ENSG00000102882","1","1.01","low","No","No","OrthoDB","","Add","G2F details (MAPK3)    DRscDB Data: (MAPK3)                             Human Protein Atlas  (HPA)"
"27","FBgn0000229","44801","FBgn0000229","bsk","Human","5600","6873","MAPK11","ENSG00000185386","1","1.01","low","No","No","OrthoDB","","Add","G2F details (MAPK11)    DRscDB Data: (MAPK11)                             Human Protein Atlas  (HPA)"
"27","FBgn0000229","44801","FBgn0000229","bsk","Human","5594","6871","MAPK1","ENSG00000100030","1","1.01","low","No","No","OrthoDB","","Add","G2F details (MAPK1)    DRscDB Data: (MAPK1)                             Human Protein Atlas  (HPA)"
"27","FBgn0000229","44801","FBgn0000229","bsk","Human","5596","6878","MAPK4","ENSG00000141639","1","0.93","low","No","No","Compara","","Add","G2F details (MAPK4)    DRscDB Data: (MAPK4)                             Human Protein Atlas  (HPA)"
"27","FBgn0000229","44801","FBgn0000229","bsk","Human","22858","21219","CILK1","ENSG00000112144","1","0.93","low","No","No","Compara","","Add","G2F details (CILK1)    DRscDB Data: (CILK1)                             Human Protein Atlas  (HPA)"
"27","FBgn0000229","44801","FBgn0000229","bsk","Human","6733","11306","SRPK2","ENSG00000135250","1","0.93","low","No","No","Compara","","Add","G2F details (SRPK2)    DRscDB Data: (SRPK2)                             Human Protein Atlas  (HPA)"
"27","FBgn0000229","44801","FBgn0000229","bsk","Human","51701","29858","NLK","ENSG00000087095","1","0.93","low","No","No","Compara","","Add","G2F details (NLK)    DRscDB Data: (NLK)                             Human Protein Atlas  (HPA)"
"28","FBgn0265042","42742","FBgn0265042","Irk1","Human","3765","6270","KCNJ9","ENSG00000162728","10","9.79","high","Yes","Yes","Domainoid, eggNOG, Inparanoid, OrthoFinder, OrthoInspector, Compara, Panther, Phylome, SonicParanoid, orthoMCL","","Add","G2F details (KCNJ9)    DRscDB Data: (KCNJ9)                             Human Protein Atlas  (HPA)"
"28","FBgn0265042","42742","FBgn0265042","Irk1","Human","3762","6266","KCNJ5","ENSG00000120457","10","9.79","high","Yes","Yes","Domainoid, eggNOG, Inparanoid, OrthoFinder, OrthoInspector, Compara, Panther, Phylome, SonicParanoid, orthoMCL","","Add","G2F details (KCNJ5)    DRscDB Data: (KCNJ5)                             Human Protein Atlas  (HPA)"
"28","FBgn0265042","42742","FBgn0265042","Irk1","Human","3759","6263","KCNJ2","ENSG00000123700","9","8.88","moderate","No","No","Domainoid, eggNOG, Inparanoid, OrthoInspector, Compara, Hieranoid, Panther, SonicParanoid, orthoMCL","","Add","G2F details (KCNJ2)    DRscDB Data: (KCNJ2)                             Human Protein Atlas  (HPA)"
"28","FBgn0265042","42742","FBgn0265042","Irk1","Human","3761","6265","KCNJ4","ENSG00000168135","9","8.88","moderate","No","No","Domainoid, eggNOG, Inparanoid, OrthoInspector, Compara, Hieranoid, Panther, SonicParanoid, orthoMCL","","Add","G2F details (KCNJ4)    DRscDB Data: (KCNJ4)                             Human Protein Atlas  (HPA)"
"28","FBgn0265042","42742","FBgn0265042","Irk1","Human","3768","6258","KCNJ12","ENSG00000184185","9","8.88","moderate","No","No","Domainoid, eggNOG, Inparanoid, OrthoInspector, Compara, Hieranoid, Panther, SonicParanoid, orthoMCL","","Add","G2F details (KCNJ12)    DRscDB Data: (KCNJ12)                             Human Protein Atlas  (HPA)"
"28","FBgn0265042","42742","FBgn0265042","Irk1","Human","3763","6267","KCNJ6","ENSG00000157542","9","8.74","moderate","No","Yes","Domainoid, eggNOG, OrthoFinder, OrthoInspector, Compara, Panther, Phylome, SonicParanoid, orthoMCL","","Add","G2F details (KCNJ6)    DRscDB Data: (KCNJ6)                             Human Protein Atlas  (HPA)"
"28","FBgn0265042","42742","FBgn0265042","Irk1","Human","3770","6260","KCNJ14","ENSG00000182324","8","7.88","moderate","No","No","Domainoid, eggNOG, Inparanoid, Compara, Hieranoid, Panther, SonicParanoid, orthoMCL","","Add","G2F details (KCNJ14)    DRscDB Data: (KCNJ14)                             Human Protein Atlas  (HPA)"
"28","FBgn0265042","42742","FBgn0265042","Irk1","Human","100134444","39080","KCNJ18","ENSG00000260458","8","7.88","moderate","No","No","Domainoid, eggNOG, Inparanoid, OrthoInspector, Compara, Panther, SonicParanoid, orthoMCL","","Add","G2F details (KCNJ18)    DRscDB Data: (KCNJ18)                             Human Protein Atlas  (HPA)"
"28","FBgn0265042","42742","FBgn0265042","Irk1","Human","3760","6264","KCNJ3","ENSG00000162989","7","6.74","moderate","No","Yes","Domainoid, eggNOG, Compara, Panther, Phylome, orthoMCL, SonicParanoid","","Add","G2F details (KCNJ3)    DRscDB Data: (KCNJ3)                             Human Protein Atlas  (HPA)"
"28","FBgn0265042","42742","FBgn0265042","Irk1","Human","3767","6257","KCNJ11","ENSG00000187486","6","5.74","moderate","No","Yes","Compara, eggNOG, Panther, Phylome, SonicParanoid, orthoMCL","","Add","G2F details (KCNJ11)    DRscDB Data: (KCNJ11)                             Human Protein Atlas  (HPA)"
"28","FBgn0265042","42742","FBgn0265042","Irk1","Human","3764","6269","KCNJ8","ENSG00000121361","6","5.74","moderate","No","Yes","Compara, eggNOG, Panther, Phylome, SonicParanoid, orthoMCL","","Add","G2F details (KCNJ8)    DRscDB Data: (KCNJ8)                             Human Protein Atlas  (HPA)"
"28","FBgn0265042","42742","FBgn0265042","Irk1","Human","3773","6262","KCNJ16","ENSG00000153822","5","4.93","moderate","No","Yes","Domainoid, Compara, Panther, SonicParanoid, orthoMCL","","Add","G2F details (KCNJ16)    DRscDB Data: (KCNJ16)                             Human Protein Atlas  (HPA)"
"28","FBgn0265042","42742","FBgn0265042","Irk1","Human","3772","6261","KCNJ15","ENSG00000157551","5","4.83","moderate","No","No","eggNOG, Compara, Panther, SonicParanoid, orthoMCL","","Add","G2F details (KCNJ15)    DRscDB Data: (KCNJ15)                             Human Protein Atlas  (HPA)"
"28","FBgn0265042","42742","FBgn0265042","Irk1","Human","3766","6256","KCNJ10","ENSG00000177807","5","4.83","moderate","No","No","eggNOG, Compara, Panther, SonicParanoid, orthoMCL","","Add","G2F details (KCNJ10)    DRscDB Data: (KCNJ10)                             Human Protein Atlas  (HPA)"
"28","FBgn0265042","42742","FBgn0265042","Irk1","Human","3758","6255","KCNJ1","ENSG00000151704","4","3.9","moderate","No","No","eggNOG, Panther, SonicParanoid, orthoMCL","","Add","G2F details (KCNJ1)    DRscDB Data: (KCNJ1)                             Human Protein Atlas  (HPA)"
"28","FBgn0265042","42742","FBgn0265042","Irk1","Human","3769","6259","KCNJ13","ENSG00000115474","4","3.9","moderate","No","Yes","eggNOG, Panther, SonicParanoid, orthoMCL","","Add","G2F details (KCNJ13)    DRscDB Data: (KCNJ13)                             Human Protein Atlas  (HPA)"
"28","FBgn0265042","42742","FBgn0265042","Irk1","Human","10675","2467","CSPG5","ENSG00000114646","1","0.9","low","No","Yes","eggNOG","","Add","G2F details (CSPG5)    DRscDB Data: (CSPG5)                             Human Protein Atlas  (HPA)"
"29","FBgn0039354","43098","FBgn0039354","Lgr3","Human","122042","17318","RXFP2","ENSG00000133105","10","9.83","high","Yes","Yes","Domainoid, eggNOG, OMA, OrthoDB, OrthoFinder, OrthoInspector, Panther, Phylome, SonicParanoid, orthoMCL","","Add","G2F details (RXFP2)    DRscDB Data: (RXFP2)                             Human Protein Atlas  (HPA)"
"29","FBgn0039354","43098","FBgn0039354","Lgr3","Human","59350","19718","RXFP1","ENSG00000171509","10","9.83","high","Yes","Yes","Domainoid, eggNOG, OMA, OrthoDB, OrthoFinder, OrthoInspector, Panther, Phylome, SonicParanoid, orthoMCL","","Add","G2F details (RXFP1)    DRscDB Data: (RXFP1)                             Human Protein Atlas  (HPA)"
"29","FBgn0039354","43098","FBgn0039354","Lgr3","Human","3973","6585","LHCGR","ENSG00000138039","3","2.73","low","No","No","eggNOG, Compara, orthoMCL","","Add","G2F details (LHCGR)    DRscDB Data: (LHCGR)                             Human Protein Atlas  (HPA)"
"29","FBgn0039354","43098","FBgn0039354","Lgr3","Human","7253","12373","TSHR","ENSG00000165409","3","2.73","low","No","No","eggNOG, Compara, orthoMCL","","Add","G2F details (TSHR)    DRscDB Data: (TSHR)                             Human Protein Atlas  (HPA)"
"29","FBgn0039354","43098","FBgn0039354","Lgr3","Human","2492","3969","FSHR","ENSG00000170820","3","2.73","low","No","No","eggNOG, Compara, orthoMCL","","Add","G2F details (FSHR)    DRscDB Data: (FSHR)                             Human Protein Atlas  (HPA)"
"29","FBgn0039354","43098","FBgn0039354","Lgr3","Human","55366","13299","LGR4","ENSG00000205213","2","1.8","low","No","No","eggNOG, orthoMCL","","Add","G2F details (LGR4)    DRscDB Data: (LGR4)                             Human Protein Atlas  (HPA)"
"29","FBgn0039354","43098","FBgn0039354","Lgr3","Human","8549","4504","LGR5","ENSG00000139292","2","1.8","low","No","No","eggNOG, orthoMCL","","Add","G2F details (LGR5)    DRscDB Data: (LGR5)                             Human Protein Atlas  (HPA)"
"29","FBgn0039354","43098","FBgn0039354","Lgr3","Human","59352","19719","LGR6","ENSG00000133067","2","1.8","low","No","No","eggNOG, orthoMCL","","Add","G2F details (LGR6)    DRscDB Data: (LGR6)                             Human Protein Atlas  (HPA)"
"30","FBgn0024329","42253","FBgn0024329","Mekk1","Human","4216","6856","MAP3K4","ENSG00000085511","13","12.81","high","Yes","Yes","Domainoid, eggNOG, Inparanoid, OMA, OrthoDB, OrthoFinder, OrthoInspector, Compara, Hieranoid, Panther, Phylome, SonicParanoid, orthoMCL","","Add","G2F details (MAP3K4)    DRscDB Data: (MAP3K4)                             Human Protein Atlas  (HPA)"
"30","FBgn0024329","42253","FBgn0024329","Mekk1","Human","6789","11408","STK4","ENSG00000101109","1","0.9","low","No","No","orthoMCL","","Add","G2F details (STK4)    DRscDB Data: (STK4)                             Human Protein Atlas  (HPA)"
"30","FBgn0024329","42253","FBgn0024329","Mekk1","Human","5604","6840","MAP2K1","ENSG00000169032","1","0.9","low","No","No","orthoMCL","","Add","G2F details (MAP2K1)    DRscDB Data: (MAP2K1)                             Human Protein Atlas  (HPA)"
"30","FBgn0024329","42253","FBgn0024329","Mekk1","Human","5062","8591","PAK2","ENSG00000180370","1","0.9","low","No","No","orthoMCL","","Add","G2F details (PAK2)    DRscDB Data: (PAK2)                             Human Protein Atlas  (HPA)"
"30","FBgn0024329","42253","FBgn0024329","Mekk1","Human","51765","18174","STK26","ENSG00000134602","1","0.9","low","No","No","orthoMCL","","Add","G2F details (STK26)    DRscDB Data: (STK26)                             Human Protein Atlas  (HPA)"
"30","FBgn0024329","42253","FBgn0024329","Mekk1","Human","10494","11404","STK25","ENSG00000115694","1","0.9","low","No","No","orthoMCL","","Add","G2F details (STK25)    DRscDB Data: (STK25)                             Human Protein Atlas  (HPA)"
"30","FBgn0024329","42253","FBgn0024329","Mekk1","Human","6793","11388","STK10","ENSG00000072786","1","0.9","low","No","No","orthoMCL","","Add","G2F details (STK10)    DRscDB Data: (STK10)                             Human Protein Atlas  (HPA)"
"30","FBgn0024329","42253","FBgn0024329","Mekk1","Human","5605","6842","MAP2K2","ENSG00000126934","1","0.9","low","No","No","orthoMCL","","Add","G2F details (MAP2K2)    DRscDB Data: (MAP2K2)                             Human Protein Atlas  (HPA)"
"30","FBgn0024329","42253","FBgn0024329","Mekk1","Human","27347","17717","STK39","ENSG00000198648","1","0.9","low","No","No","orthoMCL","","Add","G2F details (STK39)    DRscDB Data: (STK39)                             Human Protein Atlas  (HPA)"
"30","FBgn0024329","42253","FBgn0024329","Mekk1","Human","5063","8592","PAK3","ENSG00000077264","1","0.9","low","No","No","orthoMCL","","Add","G2F details (PAK3)    DRscDB Data: (PAK3)                             Human Protein Atlas  (HPA)"
"30","FBgn0024329","42253","FBgn0024329","Mekk1","Human","6416","6844","MAP2K4","ENSG00000065559","1","0.9","low","No","No","orthoMCL","","Add","G2F details (MAP2K4)    DRscDB Data: (MAP2K4)                             Human Protein Atlas  (HPA)"
"30","FBgn0024329","42253","FBgn0024329","Mekk1","Human","5058","8590","PAK1","ENSG00000149269","1","0.9","low","No","No","orthoMCL","","Add","G2F details (PAK1)    DRscDB Data: (PAK1)                             Human Protein Atlas  (HPA)"
"30","FBgn0024329","42253","FBgn0024329","Mekk1","Human","5609","6847","MAP2K7","ENSG00000076984","1","0.9","low","No","No","orthoMCL","","Add","G2F details (MAP2K7)    DRscDB Data: (MAP2K7)                             Human Protein Atlas  (HPA)"
"30","FBgn0024329","42253","FBgn0024329","Mekk1","Human","57144","15916","PAK5","ENSG00000101349","1","0.9","low","No","No","orthoMCL","","Add","G2F details (PAK5)    DRscDB Data: (PAK5)                             Human Protein Atlas  (HPA)"
"30","FBgn0024329","42253","FBgn0024329","Mekk1","Human","8428","11403","STK24","ENSG00000102572","1","0.9","low","No","No","orthoMCL","","Add","G2F details (STK24)    DRscDB Data: (STK24)                             Human Protein Atlas  (HPA)"
"30","FBgn0024329","42253","FBgn0024329","Mekk1","Human","4215","6855","MAP3K3","ENSG00000198909","1","0.9","low","No","No","orthoMCL","","Add","G2F details (MAP3K3)    DRscDB Data: (MAP3K3)                             Human Protein Atlas  (HPA)"
"30","FBgn0024329","42253","FBgn0024329","Mekk1","Human","5607","6845","MAP2K5","ENSG00000137764","1","0.9","low","No","No","orthoMCL","","Add","G2F details (MAP2K5)    DRscDB Data: (MAP2K5)                             Human Protein Atlas  (HPA)"
"30","FBgn0024329","42253","FBgn0024329","Mekk1","Human","4214","6848","MAP3K1","ENSG00000095015","1","0.9","low","No","No","orthoMCL","","Add","G2F details (MAP3K1)    DRscDB Data: (MAP3K1)                             Human Protein Atlas  (HPA)"
"30","FBgn0024329","42253","FBgn0024329","Mekk1","Human","9748","11088","SLK","ENSG00000065613","1","0.9","low","No","No","orthoMCL","","Add","G2F details (SLK)    DRscDB Data: (SLK)                             Human Protein Atlas  (HPA)"
"30","FBgn0024329","42253","FBgn0024329","Mekk1","Human","5606","6843","MAP2K3","ENSG00000034152","1","0.9","low","No","No","orthoMCL","","Add","G2F details (MAP2K3)    DRscDB Data: (MAP2K3)                             Human Protein Atlas  (HPA)"
"30","FBgn0024329","42253","FBgn0024329","Mekk1","Human","6788","11406","STK3","ENSG00000104375","1","0.9","low","No","No","orthoMCL","","Add","G2F details (STK3)    DRscDB Data: (STK3)                             Human Protein Atlas  (HPA)"
"30","FBgn0024329","42253","FBgn0024329","Mekk1","Human","80122","26249","MAP3K19","ENSG00000176601","1","0.9","low","No","No","orthoMCL","","Add","G2F details (MAP3K19)    DRscDB Data: (MAP3K19)                             Human Protein Atlas  (HPA)"
"30","FBgn0024329","42253","FBgn0024329","Mekk1","Human","106821730","52276","BUB1B-PAK6","ENSG00000137843","1","0.9","low","No","No","orthoMCL","","Add","G2F details (BUB1B-PAK6)    DRscDB Data: (BUB1B-PAK6)                             Human Protein Atlas  (HPA)"
"30","FBgn0024329","42253","FBgn0024329","Mekk1","Human","5608","6846","MAP2K6","ENSG00000108984","1","0.9","low","No","No","orthoMCL","","Add","G2F details (MAP2K6)    DRscDB Data: (MAP2K6)                             Human Protein Atlas  (HPA)"
"30","FBgn0024329","42253","FBgn0024329","Mekk1","Human","10746","6854","MAP3K2","ENSG00000169967","1","0.9","low","No","No","orthoMCL","","Add","G2F details (MAP3K2)    DRscDB Data: (MAP3K2)                             Human Protein Atlas  (HPA)"
"30","FBgn0024329","42253","FBgn0024329","Mekk1","Human","9943","8508","OXSR1","ENSG00000172939","1","0.9","low","No","No","orthoMCL","","Add","G2F details (OXSR1)    DRscDB Data: (OXSR1)                             Human Protein Atlas  (HPA)"
"30","FBgn0024329","42253","FBgn0024329","Mekk1","Human","10298","16059","PAK4","ENSG00000130669","1","0.9","low","No","No","orthoMCL","","Add","G2F details (PAK4)    DRscDB Data: (PAK4)                             Human Protein Atlas  (HPA)"
"31","FBgn0000063","42126","FBgn0000063","Mps1","Human","7272","12401","TTK","ENSG00000112742","10","9.75","high","Yes","Yes","Compara, Domainoid, eggNOG, OrthoDB, OrthoFinder, OrthoInspector, Panther, Phylome, SonicParanoid, orthoMCL","","Add","G2F details (TTK)    DRscDB Data: (TTK)                             Human Protein Atlas  (HPA)"
"31","FBgn0000063","42126","FBgn0000063","Mps1","Human","11011","11842","TLK2","ENSG00000146872","1","0.93","low","No","No","Compara","","Add","G2F details (TLK2)    DRscDB Data: (TLK2)                             Human Protein Atlas  (HPA)"
"31","FBgn0000063","42126","FBgn0000063","Mps1","Human","9874","11841","TLK1","ENSG00000198586","1","0.93","low","No","No","Compara","","Add","G2F details (TLK1)    DRscDB Data: (TLK1)                             Human Protein Atlas  (HPA)"
"32","FBgn0040305","39089","FBgn0040305","MTF-1","Human","4520","7428","MTF1","ENSG00000188786","8","7.75","high","Yes","Yes","Compara, Domainoid, eggNOG, OrthoDB, OrthoFinder, OrthoInspector, Phylome, SonicParanoid","","Add","G2F details (MTF1)    DRscDB Data: (MTF1)                             Human Protein Atlas  (HPA)"
"32","FBgn0040305","39089","FBgn0040305","MTF-1","Human","342908","19417","ZNF404","ENSG00000176222","1","0.91","low","No","No","Phylome","","Add","G2F details (ZNF404)    DRscDB Data: (ZNF404)                             Human Protein Atlas  (HPA)"
"33","FBgn0002868","41202","FBgn0002868","MtnA","Human","4489","7393","MT1A","ENSG00000205362","1","0.9","low","Yes","Yes","eggNOG","","Add","G2F details (MT1A)    DRscDB Data: (MT1A)                             Human Protein Atlas  (HPA)"
"33","FBgn0002868","41202","FBgn0002868","MtnA","Human","4504","7408","MT3","ENSG00000087250","1","0.9","low","Yes","Yes","eggNOG","","Add","G2F details (MT3)    DRscDB Data: (MT3)                             Human Protein Atlas  (HPA)"
"33","FBgn0002868","41202","FBgn0002868","MtnA","Human","4501","7405","MT1X","ENSG00000187193","1","0.9","low","Yes","Yes","eggNOG","","Add","G2F details (MT1X)    DRscDB Data: (MT1X)                             Human Protein Atlas  (HPA)"
"33","FBgn0002868","41202","FBgn0002868","MtnA","Human","4494","7398","MT1F","ENSG00000198417","1","0.9","low","Yes","Yes","eggNOG","","Add","G2F details (MT1F)    DRscDB Data: (MT1F)                             Human Protein Atlas  (HPA)"
"33","FBgn0002868","41202","FBgn0002868","MtnA","Human","645745","31864","MT1HL1","ENSG00000244020","1","0.9","low","Yes","Yes","eggNOG","","Add","G2F details (MT1HL1)    DRscDB Data: (MT1HL1)                             Human Protein Atlas  (HPA)"
"33","FBgn0002868","41202","FBgn0002868","MtnA","Human","4496","7400","MT1H","ENSG00000205358","1","0.9","low","Yes","Yes","eggNOG","","Add","G2F details (MT1H)    DRscDB Data: (MT1H)                             Human Protein Atlas  (HPA)"
"33","FBgn0002868","41202","FBgn0002868","MtnA","Human","4502","7406","MT2A","ENSG00000125148","1","0.9","low","Yes","Yes","eggNOG","","Add","G2F details (MT2A)    DRscDB Data: (MT2A)                             Human Protein Atlas  (HPA)"
"33","FBgn0002868","41202","FBgn0002868","MtnA","Human","4493","7397","MT1E","ENSG00000169715","1","0.9","low","Yes","Yes","eggNOG","","Add","G2F details (MT1E)    DRscDB Data: (MT1E)                             Human Protein Atlas  (HPA)"
"33","FBgn0002868","41202","FBgn0002868","MtnA","Human","84560","18705","MT4","ENSG00000102891","1","0.9","low","Yes","Yes","eggNOG","","Add","G2F details (MT4)    DRscDB Data: (MT4)                             Human Protein Atlas  (HPA)"
"33","FBgn0002868","41202","FBgn0002868","MtnA","Human","4495","7399","MT1G","ENSG00000125144","1","0.9","low","Yes","Yes","eggNOG","","Add","G2F details (MT1G)    DRscDB Data: (MT1G)                             Human Protein Atlas  (HPA)"
"33","FBgn0002868","41202","FBgn0002868","MtnA","Human","4490","7394","MT1B","ENSG00000169688","1","0.9","low","Yes","Yes","eggNOG","","Add","G2F details (MT1B)    DRscDB Data: (MT1B)                             Human Protein Atlas  (HPA)"
"33","FBgn0002868","41202","FBgn0002868","MtnA","Human","4499","14296","MT1M","ENSG00000205364","1","0.9","low","Yes","Yes","eggNOG","","Add","G2F details (MT1M)    DRscDB Data: (MT1M)                             Human Protein Atlas  (HPA)"
"34","FBgn0002869","42424","FBgn0002869","MtnB","Human","645745","31864","MT1HL1","ENSG00000244020","1","0.9","low","Yes","Yes","eggNOG","","Add","G2F details (MT1HL1)    DRscDB Data: (MT1HL1)                             Human Protein Atlas  (HPA)"
"34","FBgn0002869","42424","FBgn0002869","MtnB","Human","4494","7398","MT1F","ENSG00000198417","1","0.9","low","Yes","Yes","eggNOG","","Add","G2F details (MT1F)    DRscDB Data: (MT1F)                             Human Protein Atlas  (HPA)"
"34","FBgn0002869","42424","FBgn0002869","MtnB","Human","4501","7405","MT1X","ENSG00000187193","1","0.9","low","Yes","Yes","eggNOG","","Add","G2F details (MT1X)    DRscDB Data: (MT1X)                             Human Protein Atlas  (HPA)"
"34","FBgn0002869","42424","FBgn0002869","MtnB","Human","4504","7408","MT3","ENSG00000087250","1","0.9","low","Yes","Yes","eggNOG","","Add","G2F details (MT3)    DRscDB Data: (MT3)                             Human Protein Atlas  (HPA)"
"34","FBgn0002869","42424","FBgn0002869","MtnB","Human","4489","7393","MT1A","ENSG00000205362","1","0.9","low","Yes","Yes","eggNOG","","Add","G2F details (MT1A)    DRscDB Data: (MT1A)                             Human Protein Atlas  (HPA)"
"34","FBgn0002869","42424","FBgn0002869","MtnB","Human","4499","14296","MT1M","ENSG00000205364","1","0.9","low","Yes","Yes","eggNOG","","Add","G2F details (MT1M)    DRscDB Data: (MT1M)                             Human Protein Atlas  (HPA)"
"34","FBgn0002869","42424","FBgn0002869","MtnB","Human","4490","7394","MT1B","ENSG00000169688","1","0.9","low","Yes","Yes","eggNOG","","Add","G2F details (MT1B)    DRscDB Data: (MT1B)                             Human Protein Atlas  (HPA)"
"34","FBgn0002869","42424","FBgn0002869","MtnB","Human","4495","7399","MT1G","ENSG00000125144","1","0.9","low","Yes","Yes","eggNOG","","Add","G2F details (MT1G)    DRscDB Data: (MT1G)                             Human Protein Atlas  (HPA)"
"34","FBgn0002869","42424","FBgn0002869","MtnB","Human","84560","18705","MT4","ENSG00000102891","1","0.9","low","Yes","Yes","eggNOG","","Add","G2F details (MT4)    DRscDB Data: (MT4)                             Human Protein Atlas  (HPA)"
"34","FBgn0002869","42424","FBgn0002869","MtnB","Human","4493","7397","MT1E","ENSG00000169715","1","0.9","low","Yes","Yes","eggNOG","","Add","G2F details (MT1E)    DRscDB Data: (MT1E)                             Human Protein Atlas  (HPA)"
"34","FBgn0002869","42424","FBgn0002869","MtnB","Human","4496","7400","MT1H","ENSG00000205358","1","0.9","low","Yes","Yes","eggNOG","","Add","G2F details (MT1H)    DRscDB Data: (MT1H)                             Human Protein Atlas  (HPA)"
"34","FBgn0002869","42424","FBgn0002869","MtnB","Human","4502","7406","MT2A","ENSG00000125148","1","0.9","low","Yes","Yes","eggNOG","","Add","G2F details (MT2A)    DRscDB Data: (MT2A)                             Human Protein Atlas  (HPA)"
"35","FBgn0038790","42416","FBgn0038790","MtnC","Human","4490","7394","MT1B","ENSG00000169688","1","0.9","low","Yes","Yes","eggNOG","","Add","G2F details (MT1B)    DRscDB Data: (MT1B)                             Human Protein Atlas  (HPA)"
"35","FBgn0038790","42416","FBgn0038790","MtnC","Human","4499","14296","MT1M","ENSG00000205364","1","0.9","low","Yes","Yes","eggNOG","","Add","G2F details (MT1M)    DRscDB Data: (MT1M)                             Human Protein Atlas  (HPA)"
"35","FBgn0038790","42416","FBgn0038790","MtnC","Human","4496","7400","MT1H","ENSG00000205358","1","0.9","low","Yes","Yes","eggNOG","","Add","G2F details (MT1H)    DRscDB Data: (MT1H)                             Human Protein Atlas  (HPA)"
"35","FBgn0038790","42416","FBgn0038790","MtnC","Human","4502","7406","MT2A","ENSG00000125148","1","0.9","low","Yes","Yes","eggNOG","","Add","G2F details (MT2A)    DRscDB Data: (MT2A)                             Human Protein Atlas  (HPA)"
"35","FBgn0038790","42416","FBgn0038790","MtnC","Human","4493","7397","MT1E","ENSG00000169715","1","0.9","low","Yes","Yes","eggNOG","","Add","G2F details (MT1E)    DRscDB Data: (MT1E)                             Human Protein Atlas  (HPA)"
"35","FBgn0038790","42416","FBgn0038790","MtnC","Human","84560","18705","MT4","ENSG00000102891","1","0.9","low","Yes","Yes","eggNOG","","Add","G2F details (MT4)    DRscDB Data: (MT4)                             Human Protein Atlas  (HPA)"
"35","FBgn0038790","42416","FBgn0038790","MtnC","Human","4495","7399","MT1G","ENSG00000125144","1","0.9","low","Yes","Yes","eggNOG","","Add","G2F details (MT1G)    DRscDB Data: (MT1G)                             Human Protein Atlas  (HPA)"
"35","FBgn0038790","42416","FBgn0038790","MtnC","Human","4494","7398","MT1F","ENSG00000198417","1","0.9","low","Yes","Yes","eggNOG","","Add","G2F details (MT1F)    DRscDB Data: (MT1F)                             Human Protein Atlas  (HPA)"
"35","FBgn0038790","42416","FBgn0038790","MtnC","Human","645745","31864","MT1HL1","ENSG00000244020","1","0.9","low","Yes","Yes","eggNOG","","Add","G2F details (MT1HL1)    DRscDB Data: (MT1HL1)                             Human Protein Atlas  (HPA)"
"35","FBgn0038790","42416","FBgn0038790","MtnC","Human","4504","7408","MT3","ENSG00000087250","1","0.9","low","Yes","Yes","eggNOG","","Add","G2F details (MT3)    DRscDB Data: (MT3)                             Human Protein Atlas  (HPA)"
"35","FBgn0038790","42416","FBgn0038790","MtnC","Human","4489","7393","MT1A","ENSG00000205362","1","0.9","low","Yes","Yes","eggNOG","","Add","G2F details (MT1A)    DRscDB Data: (MT1A)                             Human Protein Atlas  (HPA)"
"35","FBgn0038790","42416","FBgn0038790","MtnC","Human","4501","7405","MT1X","ENSG00000187193","1","0.9","low","Yes","Yes","eggNOG","","Add","G2F details (MT1X)    DRscDB Data: (MT1X)                             Human Protein Atlas  (HPA)"
"36","FBgn0053192","326270","FBgn0053192","MtnD","Human","4496","7400","MT1H","ENSG00000205358","1","0.9","low","Yes","Yes","eggNOG","","Add","G2F details (MT1H)    DRscDB Data: (MT1H)                             Human Protein Atlas  (HPA)"
"36","FBgn0053192","326270","FBgn0053192","MtnD","Human","4502","7406","MT2A","ENSG00000125148","1","0.9","low","Yes","Yes","eggNOG","","Add","G2F details (MT2A)    DRscDB Data: (MT2A)                             Human Protein Atlas  (HPA)"
"36","FBgn0053192","326270","FBgn0053192","MtnD","Human","4493","7397","MT1E","ENSG00000169715","1","0.9","low","Yes","Yes","eggNOG","","Add","G2F details (MT1E)    DRscDB Data: (MT1E)                             Human Protein Atlas  (HPA)"
"36","FBgn0053192","326270","FBgn0053192","MtnD","Human","84560","18705","MT4","ENSG00000102891","1","0.9","low","Yes","Yes","eggNOG","","Add","G2F details (MT4)    DRscDB Data: (MT4)                             Human Protein Atlas  (HPA)"
"36","FBgn0053192","326270","FBgn0053192","MtnD","Human","4495","7399","MT1G","ENSG00000125144","1","0.9","low","Yes","Yes","eggNOG","","Add","G2F details (MT1G)    DRscDB Data: (MT1G)                             Human Protein Atlas  (HPA)"
"36","FBgn0053192","326270","FBgn0053192","MtnD","Human","4490","7394","MT1B","ENSG00000169688","1","0.9","low","Yes","Yes","eggNOG","","Add","G2F details (MT1B)    DRscDB Data: (MT1B)                             Human Protein Atlas  (HPA)"
"36","FBgn0053192","326270","FBgn0053192","MtnD","Human","4499","14296","MT1M","ENSG00000205364","1","0.9","low","Yes","Yes","eggNOG","","Add","G2F details (MT1M)    DRscDB Data: (MT1M)                             Human Protein Atlas  (HPA)"
"36","FBgn0053192","326270","FBgn0053192","MtnD","Human","4504","7408","MT3","ENSG00000087250","1","0.9","low","Yes","Yes","eggNOG","","Add","G2F details (MT3)    DRscDB Data: (MT3)                             Human Protein Atlas  (HPA)"
"36","FBgn0053192","326270","FBgn0053192","MtnD","Human","4489","7393","MT1A","ENSG00000205362","1","0.9","low","Yes","Yes","eggNOG","","Add","G2F details (MT1A)    DRscDB Data: (MT1A)                             Human Protein Atlas  (HPA)"
"36","FBgn0053192","326270","FBgn0053192","MtnD","Human","4501","7405","MT1X","ENSG00000187193","1","0.9","low","Yes","Yes","eggNOG","","Add","G2F details (MT1X)    DRscDB Data: (MT1X)                             Human Protein Atlas  (HPA)"
"36","FBgn0053192","326270","FBgn0053192","MtnD","Human","4494","7398","MT1F","ENSG00000198417","1","0.9","low","Yes","Yes","eggNOG","","Add","G2F details (MT1F)    DRscDB Data: (MT1F)                             Human Protein Atlas  (HPA)"
"36","FBgn0053192","326270","FBgn0053192","MtnD","Human","645745","31864","MT1HL1","ENSG00000244020","1","0.9","low","Yes","Yes","eggNOG","","Add","G2F details (MT1HL1)    DRscDB Data: (MT1HL1)                             Human Protein Atlas  (HPA)"
"37","FBgn0032006","34127","FBgn0032006","Pvr","Human","2321","3763","FLT1","ENSG00000102755","12","11.8","high","Yes","Yes","Domainoid, eggNOG, Inparanoid, OMA, OrthoFinder, OrthoInspector, Compara, Hieranoid, Panther, Phylome, SonicParanoid, orthoMCL","","Add","G2F details (FLT1)    DRscDB Data: (FLT1)                             Human Protein Atlas  (HPA)"
"37","FBgn0032006","34127","FBgn0032006","Pvr","Human","3791","6307","KDR","ENSG00000128052","11","10.79","moderate","No","Yes","Domainoid, eggNOG, Inparanoid, OrthoFinder, OrthoInspector, Compara, Hieranoid, Panther, Phylome, SonicParanoid, orthoMCL","","Add","G2F details (KDR)    DRscDB Data: (KDR)                             Human Protein Atlas  (HPA)"
"37","FBgn0032006","34127","FBgn0032006","Pvr","Human","2324","3767","FLT4","ENSG00000037280","10","9.86","moderate","No","Yes","Domainoid, eggNOG, Inparanoid, OrthoFinder, OrthoInspector, Hieranoid, Panther, Phylome, SonicParanoid, orthoMCL","","Add","G2F details (FLT4)    DRscDB Data: (FLT4)                             Human Protein Atlas  (HPA)"
"37","FBgn0032006","34127","FBgn0032006","Pvr","Human","3815","6342","KIT","ENSG00000157404","7","6.85","moderate","No","Yes","Domainoid, eggNOG, OrthoDB, OrthoInspector, Compara, Panther, Phylome","","Add","G2F details (KIT)    DRscDB Data: (KIT)                             Human Protein Atlas  (HPA)"
"37","FBgn0032006","34127","FBgn0032006","Pvr","Human","1436","2433","CSF1R","ENSG00000182578","7","6.85","moderate","No","Yes","Domainoid, eggNOG, OrthoDB, OrthoInspector, Compara, Panther, Phylome","","Add","G2F details (CSF1R)    DRscDB Data: (CSF1R)                             Human Protein Atlas  (HPA)"
"37","FBgn0032006","34127","FBgn0032006","Pvr","Human","2322","3765","FLT3","ENSG00000122025","6","5.94","moderate","No","Yes","Domainoid, eggNOG, OrthoDB, OrthoInspector, Compara, Panther","","Add","G2F details (FLT3)    DRscDB Data: (FLT3)                             Human Protein Atlas  (HPA)"
"37","FBgn0032006","34127","FBgn0032006","Pvr","Human","5156","8803","PDGFRA","ENSG00000134853","6","5.93","moderate","No","Yes","Domainoid, eggNOG, OrthoInspector, Compara, Hieranoid, Panther","","Add","G2F details (PDGFRA)    DRscDB Data: (PDGFRA)                             Human Protein Atlas  (HPA)"
"37","FBgn0032006","34127","FBgn0032006","Pvr","Human","5159","8804","PDGFRB","ENSG00000113721","6","5.84","moderate","No","Yes","Domainoid, eggNOG, OrthoInspector, Compara, Panther, Phylome","","Add","G2F details (PDGFRB)    DRscDB Data: (PDGFRB)                             Human Protein Atlas  (HPA)"
"37","FBgn0032006","34127","FBgn0032006","Pvr","Human","7010","11724","TEK","ENSG00000120156","2","1.83","moderate","No","Yes","eggNOG, Compara","","Add","G2F details (TEK)    DRscDB Data: (TEK)                             Human Protein Atlas  (HPA)"
"37","FBgn0032006","34127","FBgn0032006","Pvr","Human","3645","6093","INSRR","ENSG00000027644","1","0.93","low","No","No","Compara","","Add","G2F details (INSRR)    DRscDB Data: (INSRR)                             Human Protein Atlas  (HPA)"
"37","FBgn0032006","34127","FBgn0032006","Pvr","Human","2044","3389","EPHA5","ENSG00000145242","1","0.93","low","No","No","Compara","","Add","G2F details (EPHA5)    DRscDB Data: (EPHA5)                             Human Protein Atlas  (HPA)"
"37","FBgn0032006","34127","FBgn0032006","Pvr","Human","238","427","ALK","ENSG00000171094","1","0.93","low","No","No","Compara","","Add","G2F details (ALK)    DRscDB Data: (ALK)                             Human Protein Atlas  (HPA)"
"37","FBgn0032006","34127","FBgn0032006","Pvr","Human","284656","19987","EPHA10","ENSG00000183317","1","0.93","low","No","No","Compara","","Add","G2F details (EPHA10)    DRscDB Data: (EPHA10)                             Human Protein Atlas  (HPA)"
"37","FBgn0032006","34127","FBgn0032006","Pvr","Human","4058","6721","LTK","ENSG00000062524","1","0.93","low","No","No","Compara","","Add","G2F details (LTK)    DRscDB Data: (LTK)                             Human Protein Atlas  (HPA)"
"37","FBgn0032006","34127","FBgn0032006","Pvr","Human","780","2730","DDR1","ENSG00000204580","1","0.93","low","No","No","Compara","","Add","G2F details (DDR1)    DRscDB Data: (DDR1)                             Human Protein Atlas  (HPA)"
"37","FBgn0032006","34127","FBgn0032006","Pvr","Human","2051","3396","EPHB6","ENSG00000106123","1","0.93","low","No","No","Compara","","Add","G2F details (EPHB6)    DRscDB Data: (EPHB6)                             Human Protein Atlas  (HPA)"
"37","FBgn0032006","34127","FBgn0032006","Pvr","Human","2047","3392","EPHB1","ENSG00000154928","1","0.93","low","No","No","Compara","","Add","G2F details (EPHB1)    DRscDB Data: (EPHB1)                             Human Protein Atlas  (HPA)"
"37","FBgn0032006","34127","FBgn0032006","Pvr","Human","7301","12446","TYRO3","ENSG00000092445","1","0.93","low","No","Yes","Compara","","Add","G2F details (TYRO3)    DRscDB Data: (TYRO3)                             Human Protein Atlas  (HPA)"
"37","FBgn0032006","34127","FBgn0032006","Pvr","Human","4914","8031","NTRK1","ENSG00000198400","1","0.93","low","No","No","Compara","","Add","G2F details (NTRK1)    DRscDB Data: (NTRK1)                             Human Protein Atlas  (HPA)"
"37","FBgn0032006","34127","FBgn0032006","Pvr","Human","4486","7381","MST1R","ENSG00000164078","1","0.93","low","No","No","Compara","","Add","G2F details (MST1R)    DRscDB Data: (MST1R)                             Human Protein Atlas  (HPA)"
"37","FBgn0032006","34127","FBgn0032006","Pvr","Human","2066","3432","ERBB4","ENSG00000178568","1","0.93","low","No","No","Compara","","Add","G2F details (ERBB4)    DRscDB Data: (ERBB4)                             Human Protein Atlas  (HPA)"
"37","FBgn0032006","34127","FBgn0032006","Pvr","Human","2049","3394","EPHB3","ENSG00000182580","1","0.93","low","No","No","Compara","","Add","G2F details (EPHB3)    DRscDB Data: (EPHB3)                             Human Protein Atlas  (HPA)"
"37","FBgn0032006","34127","FBgn0032006","Pvr","Human","3480","5465","IGF1R","ENSG00000140443","1","0.93","low","No","No","Compara","","Add","G2F details (IGF1R)    DRscDB Data: (IGF1R)                             Human Protein Atlas  (HPA)"
"37","FBgn0032006","34127","FBgn0032006","Pvr","Human","4916","8033","NTRK3","ENSG00000140538","1","0.93","low","No","No","Compara","","Add","G2F details (NTRK3)    DRscDB Data: (NTRK3)                             Human Protein Atlas  (HPA)"
"37","FBgn0032006","34127","FBgn0032006","Pvr","Human","1969","3386","EPHA2","ENSG00000142627","1","0.93","low","No","No","Compara","","Add","G2F details (EPHA2)    DRscDB Data: (EPHA2)                             Human Protein Atlas  (HPA)"
"37","FBgn0032006","34127","FBgn0032006","Pvr","Human","10461","7027","MERTK","ENSG00000153208","1","0.93","low","No","Yes","Compara","","Add","G2F details (MERTK)    DRscDB Data: (MERTK)                             Human Protein Atlas  (HPA)"
"37","FBgn0032006","34127","FBgn0032006","Pvr","Human","2045","3390","EPHA7","ENSG00000135333","1","0.93","low","No","No","Compara","","Add","G2F details (EPHA7)    DRscDB Data: (EPHA7)                             Human Protein Atlas  (HPA)"
"37","FBgn0032006","34127","FBgn0032006","Pvr","Human","4919","10256","ROR1","ENSG00000185483","1","0.93","low","No","No","Compara","","Add","G2F details (ROR1)    DRscDB Data: (ROR1)                             Human Protein Atlas  (HPA)"
"37","FBgn0032006","34127","FBgn0032006","Pvr","Human","2048","3393","EPHB2","ENSG00000133216","1","0.93","low","No","No","Compara","","Add","G2F details (EPHB2)    DRscDB Data: (EPHB2)                             Human Protein Atlas  (HPA)"
"37","FBgn0032006","34127","FBgn0032006","Pvr","Human","2042","3387","EPHA3","ENSG00000044524","1","0.93","low","No","No","Compara","","Add","G2F details (EPHA3)    DRscDB Data: (EPHA3)                             Human Protein Atlas  (HPA)"
"37","FBgn0032006","34127","FBgn0032006","Pvr","Human","2041","3385","EPHA1","ENSG00000146904","1","0.93","low","No","No","Compara","","Add","G2F details (EPHA1)    DRscDB Data: (EPHA1)                             Human Protein Atlas  (HPA)"
"37","FBgn0032006","34127","FBgn0032006","Pvr","Human","4920","10257","ROR2","ENSG00000169071","1","0.93","low","No","No","Compara","","Add","G2F details (ROR2)    DRscDB Data: (ROR2)                             Human Protein Atlas  (HPA)"
"37","FBgn0032006","34127","FBgn0032006","Pvr","Human","4915","8032","NTRK2","ENSG00000148053","1","0.93","low","No","No","Compara","","Add","G2F details (NTRK2)    DRscDB Data: (NTRK2)                             Human Protein Atlas  (HPA)"
"37","FBgn0032006","34127","FBgn0032006","Pvr","Human","2050","3395","EPHB4","ENSG00000196411","1","0.93","low","No","No","Compara","","Add","G2F details (EPHB4)    DRscDB Data: (EPHB4)                             Human Protein Atlas  (HPA)"
"37","FBgn0032006","34127","FBgn0032006","Pvr","Human","2043","3388","EPHA4","ENSG00000116106","1","0.93","low","No","No","Compara","","Add","G2F details (EPHA4)    DRscDB Data: (EPHA4)                             Human Protein Atlas  (HPA)"
"37","FBgn0032006","34127","FBgn0032006","Pvr","Human","4233","7029","MET","ENSG00000105976","1","0.93","low","No","No","Compara","","Add","G2F details (MET)    DRscDB Data: (MET)                             Human Protein Atlas  (HPA)"
"37","FBgn0032006","34127","FBgn0032006","Pvr","Human","2046","3391","EPHA8","ENSG00000070886","1","0.93","low","No","No","Compara","","Add","G2F details (EPHA8)    DRscDB Data: (EPHA8)                             Human Protein Atlas  (HPA)"
"37","FBgn0032006","34127","FBgn0032006","Pvr","Human","2264","3691","FGFR4","ENSG00000160867","1","0.9","low","No","No","eggNOG","","Add","G2F details (FGFR4)    DRscDB Data: (FGFR4)                             Human Protein Atlas  (HPA)"
"37","FBgn0032006","34127","FBgn0032006","Pvr","Human","5157","8805","PDGFRL","ENSG00000104213","1","0.9","low","No","Yes","eggNOG","","Add","G2F details (PDGFRL)    DRscDB Data: (PDGFRL)                             Human Protein Atlas  (HPA)"
"37","FBgn0032006","34127","FBgn0032006","Pvr","Human","65117","30559","RSRC2","ENSG00000111011","1","0.9","low","No","No","eggNOG","","Add","G2F details (RSRC2)    DRscDB Data: (RSRC2)                             Human Protein Atlas  (HPA)"
"37","FBgn0032006","34127","FBgn0032006","Pvr","Human","53834","3693","FGFRL1","ENSG00000127418","1","0.9","low","No","No","eggNOG","","Add","G2F details (FGFRL1)    DRscDB Data: (FGFRL1)                             Human Protein Atlas  (HPA)"
"37","FBgn0032006","34127","FBgn0032006","Pvr","Human","5979","9967","RET","ENSG00000165731","1","0.9","low","No","No","eggNOG","","Add","G2F details (RET)    DRscDB Data: (RET)                             Human Protein Atlas  (HPA)"
"37","FBgn0032006","34127","FBgn0032006","Pvr","Human","22853","17880","LMTK2","ENSG00000164715","1","0.9","low","No","No","eggNOG","","Add","G2F details (LMTK2)    DRscDB Data: (LMTK2)                             Human Protein Atlas  (HPA)"
"37","FBgn0032006","34127","FBgn0032006","Pvr","Human","2260","3688","FGFR1","ENSG00000077782","1","0.9","low","No","No","eggNOG","","Add","G2F details (FGFR1)    DRscDB Data: (FGFR1)                             Human Protein Atlas  (HPA)"
"37","FBgn0032006","34127","FBgn0032006","Pvr","Human","7075","11809","TIE1","ENSG00000066056","1","0.9","low","No","No","eggNOG","","Add","G2F details (TIE1)    DRscDB Data: (TIE1)                             Human Protein Atlas  (HPA)"
"37","FBgn0032006","34127","FBgn0032006","Pvr","Human","2261","3690","FGFR3","ENSG00000068078","1","0.9","low","No","No","eggNOG","","Add","G2F details (FGFR3)    DRscDB Data: (FGFR3)                             Human Protein Atlas  (HPA)"
"37","FBgn0032006","34127","FBgn0032006","Pvr","Human","2263","3689","FGFR2","ENSG00000066468","1","0.9","low","No","No","eggNOG","","Add","G2F details (FGFR2)    DRscDB Data: (FGFR2)                             Human Protein Atlas  (HPA)"
"37","FBgn0032006","34127","FBgn0032006","Pvr","Human","6491","10879","STIL","ENSG00000123473","1","0.9","low","No","Yes","eggNOG","","Add","G2F details (STIL)    DRscDB Data: (STIL)                             Human Protein Atlas  (HPA)"
"37","FBgn0032006","34127","FBgn0032006","Pvr","Human","55359","18889","STYK1","ENSG00000060140","1","0.9","low","No","Yes","eggNOG","","Add","G2F details (STYK1)    DRscDB Data: (STYK1)                             Human Protein Atlas  (HPA)"
"37","FBgn0032006","34127","FBgn0032006","Pvr","Human","9625","21","AATK","ENSG00000181409","1","0.9","low","No","Yes","eggNOG","","Add","G2F details (AATK)    DRscDB Data: (AATK)                             Human Protein Atlas  (HPA)"
"38","FBgn0014010","33418","FBgn0014010","Rab5","Human","5878","9785","RAB5C","ENSG00000108774","13","12.81","high","Yes","Yes","Compara, Domainoid, eggNOG, Inparanoid, OMA, OrthoDB, OrthoFinder, OrthoInspector, Hieranoid, Panther, Phylome, SonicParanoid, orthoMCL","","Add","G2F details (RAB5C)    DRscDB Data: (RAB5C)                             Human Protein Atlas  (HPA)"
"38","FBgn0014010","33418","FBgn0014010","Rab5","Human","5868","9783","RAB5A","ENSG00000144566","12","11.88","moderate","No","Yes","Domainoid, eggNOG, Inparanoid, OMA, OrthoDB, OrthoFinder, OrthoInspector, Hieranoid, Panther, Phylome, SonicParanoid, orthoMCL","","Add","G2F details (RAB5A)    DRscDB Data: (RAB5A)                             Human Protein Atlas  (HPA)"
"38","FBgn0014010","33418","FBgn0014010","Rab5","Human","5869","9784","RAB5B","ENSG00000111540","12","11.88","moderate","No","Yes","Domainoid, eggNOG, Inparanoid, OMA, OrthoDB, OrthoFinder, OrthoInspector, Hieranoid, Panther, Phylome, SonicParanoid, orthoMCL","","Add","G2F details (RAB5B)    DRscDB Data: (RAB5B)                             Human Protein Atlas  (HPA)"
"38","FBgn0014010","33418","FBgn0014010","Rab5","Human","64284","16523","RAB17","ENSG00000124839","7","6.82","moderate","No","Yes","eggNOG, OrthoDB, OrthoFinder, Panther, Phylome, SonicParanoid, orthoMCL","","Add","G2F details (RAB17)    DRscDB Data: (RAB17)                             Human Protein Atlas  (HPA)"
"38","FBgn0014010","33418","FBgn0014010","Rab5","Human","11031","9771","RAB31","ENSG00000168461","4","3.81","moderate","No","Yes","eggNOG, OrthoDB, SonicParanoid, orthoMCL","","Add","G2F details (RAB31)    DRscDB Data: (RAB31)                             Human Protein Atlas  (HPA)"
"38","FBgn0014010","33418","FBgn0014010","Rab5","Human","57403","9764","RAB22A","ENSG00000124209","4","3.81","moderate","No","Yes","eggNOG, OrthoDB, SonicParanoid, orthoMCL","","Add","G2F details (RAB22A)    DRscDB Data: (RAB22A)                             Human Protein Atlas  (HPA)"
"38","FBgn0014010","33418","FBgn0014010","Rab5","Human","55647","18260","RAB20","ENSG00000139832","2","2","moderate","No","Yes","eggNOG, Panther","","Add","G2F details (RAB20)    DRscDB Data: (RAB20)                             Human Protein Atlas  (HPA)"
"38","FBgn0014010","33418","FBgn0014010","Rab5","Human","347517","18293","RAB41","ENSG00000147127","2","1.91","low","No","No","OrthoDB, orthoMCL","","Add","G2F details (RAB41)    DRscDB Data: (RAB41)                             Human Protein Atlas  (HPA)"
"38","FBgn0014010","33418","FBgn0014010","Rab5","Human","23011","18263","RAB21","ENSG00000080371","2","1.91","low","No","No","OrthoDB, orthoMCL","","Add","G2F details (RAB21)    DRscDB Data: (RAB21)                             Human Protein Atlas  (HPA)"
"38","FBgn0014010","33418","FBgn0014010","Rab5","Human","150786","30272","RAB6D","ENSG00000233087","2","1.91","low","No","No","OrthoDB, orthoMCL","","Add","G2F details (RAB6D)    DRscDB Data: (RAB6D)                             Human Protein Atlas  (HPA)"
"38","FBgn0014010","33418","FBgn0014010","Rab5","Human","84084","16525","RAB6C","ENSG00000222014","2","1.91","low","No","No","OrthoDB, orthoMCL","","Add","G2F details (RAB6C)    DRscDB Data: (RAB6C)                             Human Protein Atlas  (HPA)"
"38","FBgn0014010","33418","FBgn0014010","Rab5","Human","51560","14902","RAB6B","ENSG00000154917","2","1.91","low","No","No","OrthoDB, orthoMCL","","Add","G2F details (RAB6B)    DRscDB Data: (RAB6B)                             Human Protein Atlas  (HPA)"
"38","FBgn0014010","33418","FBgn0014010","Rab5","Human","5870","9786","RAB6A","ENSG00000175582","2","1.91","low","No","No","OrthoDB, orthoMCL","","Add","G2F details (RAB6A)    DRscDB Data: (RAB6A)                             Human Protein Atlas  (HPA)"
"38","FBgn0014010","33418","FBgn0014010","Rab5","Human","121268","21166","RHEBL1","ENSG00000167550","1","1","low","No","No","SonicParanoid","","Add","G2F details (RHEBL1)    DRscDB Data: (RHEBL1)                             Human Protein Atlas  (HPA)"
"38","FBgn0014010","33418","FBgn0014010","Rab5","Human","85004","15980","RERG","ENSG00000134533","1","1","low","No","No","SonicParanoid","","Add","G2F details (RERG)    DRscDB Data: (RERG)                             Human Protein Atlas  (HPA)"
"38","FBgn0014010","33418","FBgn0014010","Rab5","Human","5862","9763","RAB2A","ENSG00000104388","1","0.9","low","No","No","orthoMCL","","Add","G2F details (RAB2A)    DRscDB Data: (RAB2A)                             Human Protein Atlas  (HPA)"
"38","FBgn0014010","33418","FBgn0014010","Rab5","Human","11021","9774","RAB35","ENSG00000111737","1","0.9","low","No","No","orthoMCL","","Add","G2F details (RAB35)    DRscDB Data: (RAB35)                             Human Protein Atlas  (HPA)"
"38","FBgn0014010","33418","FBgn0014010","Rab5","Human","11158","9800","RABL2B","ENSG00000079974","1","0.9","low","No","No","orthoMCL","","Add","G2F details (RABL2B)    DRscDB Data: (RABL2B)                             Human Protein Atlas  (HPA)"
"38","FBgn0014010","33418","FBgn0014010","Rab5","Human","51715","14263","RAB23","ENSG00000112210","1","0.9","low","No","No","orthoMCL","","Add","G2F details (RAB23)    DRscDB Data: (RAB23)                             Human Protein Atlas  (HPA)"
"38","FBgn0014010","33418","FBgn0014010","Rab5","Human","10890","9759","RAB10","ENSG00000084733","1","0.9","low","No","No","orthoMCL","","Add","G2F details (RAB10)    DRscDB Data: (RAB10)                             Human Protein Atlas  (HPA)"
"38","FBgn0014010","33418","FBgn0014010","Rab5","Human","57111","18238","RAB25","ENSG00000132698","1","0.9","low","No","No","orthoMCL","","Add","G2F details (RAB25)    DRscDB Data: (RAB25)                             Human Protein Atlas  (HPA)"
"38","FBgn0014010","33418","FBgn0014010","Rab5","Human","401409","19982","RAB19","ENSG00000146955","1","0.9","low","No","No","orthoMCL","","Add","G2F details (RAB19)    DRscDB Data: (RAB19)                             Human Protein Atlas  (HPA)"
"38","FBgn0014010","33418","FBgn0014010","Rab5","Human","51277","30290","DNAJC27","ENSG00000115137","1","0.9","low","No","No","orthoMCL","","Add","G2F details (DNAJC27)    DRscDB Data: (DNAJC27)                             Human Protein Atlas  (HPA)"
"38","FBgn0014010","33418","FBgn0014010","Rab5","Human","22882","18513","ZHX2","ENSG00000178764","1","0.9","low","No","Yes","eggNOG","","Add","G2F details (ZHX2)    DRscDB Data: (ZHX2)                             Human Protein Atlas  (HPA)"
"38","FBgn0014010","33418","FBgn0014010","Rab5","Human","10981","9772","RAB32","ENSG00000118508","1","0.9","low","No","No","orthoMCL","","Add","G2F details (RAB32)    DRscDB Data: (RAB32)                             Human Protein Atlas  (HPA)"
"38","FBgn0014010","33418","FBgn0014010","Rab5","Human","282808","25410","RAB40AL","ENSG00000102128","1","0.9","low","No","No","orthoMCL","","Add","G2F details (RAB40AL)    DRscDB Data: (RAB40AL)                             Human Protein Atlas  (HPA)"
"38","FBgn0014010","33418","FBgn0014010","Rab5","Human","338382","30513","RAB7B","ENSG00000276600","1","0.9","low","No","No","orthoMCL","","Add","G2F details (RAB7B)    DRscDB Data: (RAB7B)                             Human Protein Atlas  (HPA)"
"38","FBgn0014010","33418","FBgn0014010","Rab5","Human","158158","26464","RASEF","ENSG00000165105","1","0.9","low","No","No","orthoMCL","","Add","G2F details (RASEF)    DRscDB Data: (RASEF)                             Human Protein Atlas  (HPA)"
"38","FBgn0014010","33418","FBgn0014010","Rab5","Human","84766","28657","CRACR2A","ENSG00000130038","1","0.9","low","No","No","orthoMCL","","Add","G2F details (CRACR2A)    DRscDB Data: (CRACR2A)                             Human Protein Atlas  (HPA)"
"38","FBgn0014010","33418","FBgn0014010","Rab5","Human","5861","9758","RAB1A","ENSG00000138069","1","0.9","low","No","No","orthoMCL","","Add","G2F details (RAB1A)    DRscDB Data: (RAB1A)                             Human Protein Atlas  (HPA)"
"38","FBgn0014010","33418","FBgn0014010","Rab5","Human","4218","7007","RAB8A","ENSG00000167461","1","0.9","low","No","No","orthoMCL","","Add","G2F details (RAB8A)    DRscDB Data: (RAB8A)                             Human Protein Atlas  (HPA)"
"38","FBgn0014010","33418","FBgn0014010","Rab5","Human","7879","9788","RAB7A","ENSG00000075785","1","0.9","low","No","No","orthoMCL","","Add","G2F details (RAB7A)    DRscDB Data: (RAB7A)                             Human Protein Atlas  (HPA)"
"38","FBgn0014010","33418","FBgn0014010","Rab5","Human","339122","19983","RAB43","ENSG00000172780","1","0.9","low","No","No","orthoMCL","","Add","G2F details (RAB43)    DRscDB Data: (RAB43)                             Human Protein Atlas  (HPA)"
"38","FBgn0014010","33418","FBgn0014010","Rab5","Human","201475","31332","RAB12","ENSG00000206418","1","0.9","low","No","No","orthoMCL","","Add","G2F details (RAB12)    DRscDB Data: (RAB12)                             Human Protein Atlas  (HPA)"
"38","FBgn0014010","33418","FBgn0014010","Rab5","Human","9230","9761","RAB11B","ENSG00000185236","1","0.9","low","No","No","orthoMCL","","Add","G2F details (RAB11B)    DRscDB Data: (RAB11B)                             Human Protein Atlas  (HPA)"
"38","FBgn0014010","33418","FBgn0014010","Rab5","Human","57799","18285","RAB40C","ENSG00000197562","1","0.9","low","No","No","orthoMCL","","Add","G2F details (RAB40C)    DRscDB Data: (RAB40C)                             Human Protein Atlas  (HPA)"
"38","FBgn0014010","33418","FBgn0014010","Rab5","Human","84932","20246","RAB2B","ENSG00000129472","1","0.9","low","No","No","orthoMCL","","Add","G2F details (RAB2B)    DRscDB Data: (RAB2B)                             Human Protein Atlas  (HPA)"
"38","FBgn0014010","33418","FBgn0014010","Rab5","Human","27314","9770","RAB30","ENSG00000137502","1","0.9","low","No","No","orthoMCL","","Add","G2F details (RAB30)    DRscDB Data: (RAB30)                             Human Protein Atlas  (HPA)"
"38","FBgn0014010","33418","FBgn0014010","Rab5","Human","5873","9766","RAB27A","ENSG00000069974","1","0.9","low","No","No","orthoMCL","","Add","G2F details (RAB27A)    DRscDB Data: (RAB27A)                             Human Protein Atlas  (HPA)"
"38","FBgn0014010","33418","FBgn0014010","Rab5","Human","51209","14090","RAB9B","ENSG00000123570","1","0.9","low","No","No","orthoMCL","","Add","G2F details (RAB9B)    DRscDB Data: (RAB9B)                             Human Protein Atlas  (HPA)"
"38","FBgn0014010","33418","FBgn0014010","Rab5","Human","53916","9782","RAB4B","ENSG00000167578","1","0.9","low","No","No","orthoMCL","","Add","G2F details (RAB4B)    DRscDB Data: (RAB4B)                             Human Protein Atlas  (HPA)"
"38","FBgn0014010","33418","FBgn0014010","Rab5","Human","5865","9778","RAB3B","ENSG00000169213","1","0.9","low","No","No","orthoMCL","","Add","G2F details (RAB3B)    DRscDB Data: (RAB3B)                             Human Protein Atlas  (HPA)"
"38","FBgn0014010","33418","FBgn0014010","Rab5","Human","51552","16524","RAB14","ENSG00000119396","1","0.9","low","No","No","orthoMCL","","Add","G2F details (RAB14)    DRscDB Data: (RAB14)                             Human Protein Atlas  (HPA)"
"38","FBgn0014010","33418","FBgn0014010","Rab5","Human","51762","30273","RAB8B","ENSG00000166128","1","0.9","low","No","No","orthoMCL","","Add","G2F details (RAB8B)    DRscDB Data: (RAB8B)                             Human Protein Atlas  (HPA)"
"38","FBgn0014010","33418","FBgn0014010","Rab5","Human","142684","18283","RAB40A","ENSG00000172476","1","0.9","low","No","No","orthoMCL","","Add","G2F details (RAB40A)    DRscDB Data: (RAB40A)                             Human Protein Atlas  (HPA)"
"38","FBgn0014010","33418","FBgn0014010","Rab5","Human","5872","9762","RAB13","ENSG00000143545","1","0.9","low","No","No","orthoMCL","","Add","G2F details (RAB13)    DRscDB Data: (RAB13)                             Human Protein Atlas  (HPA)"
"38","FBgn0014010","33418","FBgn0014010","Rab5","Human","115827","30269","RAB3C","ENSG00000152932","1","0.9","low","No","No","orthoMCL","","Add","G2F details (RAB3C)    DRscDB Data: (RAB3C)                             Human Protein Atlas  (HPA)"
"38","FBgn0014010","33418","FBgn0014010","Rab5","Human","5874","9767","RAB27B","ENSG00000041353","1","0.9","low","No","No","orthoMCL","","Add","G2F details (RAB27B)    DRscDB Data: (RAB27B)                             Human Protein Atlas  (HPA)"
"38","FBgn0014010","33418","FBgn0014010","Rab5","Human","326624","30268","RAB37","ENSG00000172794","1","0.9","low","No","No","orthoMCL","","Add","G2F details (RAB37)    DRscDB Data: (RAB37)                             Human Protein Atlas  (HPA)"
"38","FBgn0014010","33418","FBgn0014010","Rab5","Human","23682","9776","RAB38","ENSG00000123892","1","0.9","low","No","No","orthoMCL","","Add","G2F details (RAB38)    DRscDB Data: (RAB38)                             Human Protein Atlas  (HPA)"
"38","FBgn0014010","33418","FBgn0014010","Rab5","Human","376267","20150","RAB15","ENSG00000139998","1","0.9","low","No","No","orthoMCL","","Add","G2F details (RAB15)    DRscDB Data: (RAB15)                             Human Protein Atlas  (HPA)"
"38","FBgn0014010","33418","FBgn0014010","Rab5","Human","11020","18626","IFT27","ENSG00000100360","1","0.9","low","No","No","orthoMCL","","Add","G2F details (IFT27)    DRscDB Data: (IFT27)                             Human Protein Atlas  (HPA)"
"38","FBgn0014010","33418","FBgn0014010","Rab5","Human","8766","9760","RAB11A","ENSG00000103769","1","0.9","low","No","No","orthoMCL","","Add","G2F details (RAB11A)    DRscDB Data: (RAB11A)                             Human Protein Atlas  (HPA)"
"38","FBgn0014010","33418","FBgn0014010","Rab5","Human","22931","14244","RAB18","ENSG00000099246","1","0.9","low","No","No","orthoMCL","","Add","G2F details (RAB18)    DRscDB Data: (RAB18)                             Human Protein Atlas  (HPA)"
"38","FBgn0014010","33418","FBgn0014010","Rab5","Human","54734","16521","RAB39A","ENSG00000179331","1","0.9","low","No","No","orthoMCL","","Add","G2F details (RAB39A)    DRscDB Data: (RAB39A)                             Human Protein Atlas  (HPA)"
"38","FBgn0014010","33418","FBgn0014010","Rab5","Human","9367","9792","RAB9A","ENSG00000123595","1","0.9","low","No","No","orthoMCL","","Add","G2F details (RAB9A)    DRscDB Data: (RAB9A)                             Human Protein Atlas  (HPA)"
"38","FBgn0014010","33418","FBgn0014010","Rab5","Human","11159","9799","RABL2A","ENSG00000144134","1","0.9","low","No","No","orthoMCL","","Add","G2F details (RABL2A)    DRscDB Data: (RABL2A)                             Human Protein Atlas  (HPA)"
"38","FBgn0014010","33418","FBgn0014010","Rab5","Human","5867","9781","RAB4A","ENSG00000168118","1","0.9","low","No","No","orthoMCL","","Add","G2F details (RAB4A)    DRscDB Data: (RAB4A)                             Human Protein Atlas  (HPA)"
"38","FBgn0014010","33418","FBgn0014010","Rab5","Human","53917","9765","RAB24","ENSG00000169228","1","0.9","low","No","Yes","eggNOG","","Add","G2F details (RAB24)    DRscDB Data: (RAB24)                             Human Protein Atlas  (HPA)"
"38","FBgn0014010","33418","FBgn0014010","Rab5","Human","116442","16499","RAB39B","ENSG00000155961","1","0.9","low","No","No","orthoMCL","","Add","G2F details (RAB39B)    DRscDB Data: (RAB39B)                             Human Protein Atlas  (HPA)"
"38","FBgn0014010","33418","FBgn0014010","Rab5","Human","81876","18370","RAB1B","ENSG00000174903","1","0.9","low","No","No","orthoMCL","","Add","G2F details (RAB1B)    DRscDB Data: (RAB1B)                             Human Protein Atlas  (HPA)"
"38","FBgn0014010","33418","FBgn0014010","Rab5","Human","10966","18284","RAB40B","ENSG00000141542","1","0.9","low","No","No","orthoMCL","","Add","G2F details (RAB40B)    DRscDB Data: (RAB40B)                             Human Protein Atlas  (HPA)"
"38","FBgn0014010","33418","FBgn0014010","Rab5","Human","9545","9779","RAB3D","ENSG00000105514","1","0.9","low","No","No","orthoMCL","","Add","G2F details (RAB3D)    DRscDB Data: (RAB3D)                             Human Protein Atlas  (HPA)"
"38","FBgn0014010","33418","FBgn0014010","Rab5","Human","25837","14259","RAB26","ENSG00000167964","1","0.9","low","No","No","orthoMCL","","Add","G2F details (RAB26)    DRscDB Data: (RAB26)                             Human Protein Atlas  (HPA)"
"38","FBgn0014010","33418","FBgn0014010","Rab5","Human","8934","9789","RAB29","ENSG00000117280","1","0.9","low","No","No","orthoMCL","","Add","G2F details (RAB29)    DRscDB Data: (RAB29)                             Human Protein Atlas  (HPA)"
"38","FBgn0014010","33418","FBgn0014010","Rab5","Human","5864","9777","RAB3A","ENSG00000105649","1","0.9","low","No","No","orthoMCL","","Add","G2F details (RAB3A)    DRscDB Data: (RAB3A)                             Human Protein Atlas  (HPA)"
"38","FBgn0014010","33418","FBgn0014010","Rab5","Human","9364","9768","RAB28","ENSG00000157869","1","0.9","low","No","No","orthoMCL","","Add","G2F details (RAB28)    DRscDB Data: (RAB28)                             Human Protein Atlas  (HPA)"
"39","FBgn0052062","39198","FBgn0052062","Rbfox1","Human","146713","27097","RBFOX3","ENSG00000167281","9","8.85","high","Yes","Yes","Compara, Domainoid, OrthoDB, OrthoFinder, OrthoInspector, Panther, Phylome, orthoMCL, SonicParanoid","","Add","G2F details (RBFOX3)    DRscDB Data: (RBFOX3)                             Human Protein Atlas  (HPA)"
"39","FBgn0052062","39198","FBgn0052062","Rbfox1","Human","23543","9906","RBFOX2","ENSG00000100320","9","8.84","high","Yes","Yes","Compara, Domainoid, eggNOG, OrthoDB, OrthoFinder, OrthoInspector, Panther, orthoMCL, SonicParanoid","","Add","G2F details (RBFOX2)    DRscDB Data: (RBFOX2)                             Human Protein Atlas  (HPA)"
"39","FBgn0052062","39198","FBgn0052062","Rbfox1","Human","54715","18222","RBFOX1","ENSG00000078328","9","8.84","high","Yes","Yes","Compara, Domainoid, eggNOG, OrthoDB, OrthoFinder, OrthoInspector, Panther, orthoMCL, SonicParanoid","","Add","G2F details (RBFOX1)    DRscDB Data: (RBFOX1)                             Human Protein Atlas  (HPA)"
"40","FBgn0263289","44448","FBgn0263289","scrib","Human","23513","30377","SCRIB","ENSG00000180900","11","10.87","high","Yes","Yes","Domainoid, eggNOG, Inparanoid, OMA, OrthoFinder, OrthoInspector, Hieranoid, Panther, Phylome, SonicParanoid, orthoMCL","","Add","G2F details (SCRIB)    DRscDB Data: (SCRIB)                             Human Protein Atlas  (HPA)"
"40","FBgn0263289","44448","FBgn0263289","scrib","Human","57554","18531","LRRC7","ENSG00000033122","4","3.94","moderate","No","Yes","eggNOG, OrthoDB, Compara, Panther","","Add","G2F details (LRRC7)    DRscDB Data: (LRRC7)                             Human Protein Atlas  (HPA)"
"40","FBgn0263289","44448","FBgn0263289","scrib","Human","55227","14307","LRRC1","ENSG00000137269","4","3.81","moderate","No","Yes","Domainoid, eggNOG, OrthoInspector, Phylome","","Add","G2F details (LRRC1)    DRscDB Data: (LRRC1)                             Human Protein Atlas  (HPA)"
"40","FBgn0263289","44448","FBgn0263289","scrib","Human","401387","34300","LRRD1","ENSG00000240720","2","1.83","moderate","No","Yes","eggNOG, Compara","","Add","G2F details (LRRD1)    DRscDB Data: (LRRD1)                             Human Protein Atlas  (HPA)"
"40","FBgn0263289","44448","FBgn0263289","scrib","Human","55914","15842","ERBIN","ENSG00000112851","3","2.84","low","No","No","eggNOG, OrthoDB, Compara","","Add","G2F details (ERBIN)    DRscDB Data: (ERBIN)                             Human Protein Atlas  (HPA)"
"40","FBgn0263289","44448","FBgn0263289","scrib","Human","8036","15454","SHOC2","ENSG00000108061","2","1.83","low","No","No","eggNOG, Compara","","Add","G2F details (SHOC2)    DRscDB Data: (SHOC2)                             Human Protein Atlas  (HPA)"
"40","FBgn0263289","44448","FBgn0263289","scrib","Human","7082","11827","TJP1","ENSG00000104067","1","1.01","low","No","No","OMA","","Add","G2F details (TJP1)    DRscDB Data: (TJP1)                             Human Protein Atlas  (HPA)"
"40","FBgn0263289","44448","FBgn0263289","scrib","Human","376132","20264","LRRC10","ENSG00000198812","1","0.93","low","No","Yes","Compara","","Add","G2F details (LRRC10)    DRscDB Data: (LRRC10)                             Human Protein Atlas  (HPA)"
"40","FBgn0263289","44448","FBgn0263289","scrib","Human","56262","19027","LRRC8A","ENSG00000136802","1","0.93","low","No","No","Compara","","Add","G2F details (LRRC8A)    DRscDB Data: (LRRC8A)                             Human Protein Atlas  (HPA)"
"40","FBgn0263289","44448","FBgn0263289","scrib","Human","55367","16491","PIDD1","ENSG00000177595","1","0.93","low","No","Yes","Compara","","Add","G2F details (PIDD1)    DRscDB Data: (PIDD1)                             Human Protein Atlas  (HPA)"
"40","FBgn0263289","44448","FBgn0263289","scrib","Human","55144","16992","LRRC8D","ENSG00000171492","1","0.93","low","No","No","Compara","","Add","G2F details (LRRC8D)    DRscDB Data: (LRRC8D)                             Human Protein Atlas  (HPA)"
"40","FBgn0263289","44448","FBgn0263289","scrib","Human","79442","14676","LRRC2","ENSG00000163827","1","0.93","low","No","No","Compara","","Add","G2F details (LRRC2)    DRscDB Data: (LRRC2)                             Human Protein Atlas  (HPA)"
"40","FBgn0263289","44448","FBgn0263289","scrib","Human","57631","29292","LRCH2","ENSG00000130224","1","0.93","low","No","No","Compara","","Add","G2F details (LRCH2)    DRscDB Data: (LRCH2)                             Human Protein Atlas  (HPA)"
"40","FBgn0263289","44448","FBgn0263289","scrib","Human","390205","37215","LRRC10B","ENSG00000204950","1","0.93","low","No","Yes","Compara","","Add","G2F details (LRRC10B)    DRscDB Data: (LRRC10B)                             Human Protein Atlas  (HPA)"
"40","FBgn0263289","44448","FBgn0263289","scrib","Human","100130742","34303","LRRC69","ENSG00000214954","1","0.93","low","No","Yes","Compara","","Add","G2F details (LRRC69)    DRscDB Data: (LRRC69)                             Human Protein Atlas  (HPA)"
"40","FBgn0263289","44448","FBgn0263289","scrib","Human","4034","6691","LRCH4","ENSG00000077454","1","0.93","low","No","No","Compara","","Add","G2F details (LRCH4)    DRscDB Data: (LRCH4)                             Human Protein Atlas  (HPA)"
"40","FBgn0263289","44448","FBgn0263289","scrib","Human","79705","18608","LRRK1","ENSG00000154237","1","0.93","low","No","No","Compara","","Add","G2F details (LRRK1)    DRscDB Data: (LRRK1)                             Human Protein Atlas  (HPA)"
"40","FBgn0263289","44448","FBgn0263289","scrib","Human","84230","25075","LRRC8C","ENSG00000171488","1","0.93","low","No","No","Compara","","Add","G2F details (LRRC8C)    DRscDB Data: (LRRC8C)                             Human Protein Atlas  (HPA)"
"40","FBgn0263289","44448","FBgn0263289","scrib","Human","23507","30692","LRRC8B","ENSG00000197147","1","0.93","low","No","No","Compara","","Add","G2F details (LRRC8B)    DRscDB Data: (LRRC8B)                             Human Protein Atlas  (HPA)"
"40","FBgn0263289","44448","FBgn0263289","scrib","Human","127495","28228","LRRC39","ENSG00000122477","1","0.93","low","No","Yes","Compara","","Add","G2F details (LRRC39)    DRscDB Data: (LRRC39)                             Human Protein Atlas  (HPA)"
"40","FBgn0263289","44448","FBgn0263289","scrib","Human","80131","26272","LRRC8E","ENSG00000171017","1","0.93","low","No","No","Compara","","Add","G2F details (LRRC8E)    DRscDB Data: (LRRC8E)                             Human Protein Atlas  (HPA)"
"40","FBgn0263289","44448","FBgn0263289","scrib","Human","80313","29346","LRRC27","ENSG00000148814","1","0.93","low","No","Yes","Compara","","Add","G2F details (LRRC27)    DRscDB Data: (LRRC27)                             Human Protein Atlas  (HPA)"
"40","FBgn0263289","44448","FBgn0263289","scrib","Human","474354","23199","LRRC18","ENSG00000165383","1","0.93","low","No","No","Compara","","Add","G2F details (LRRC18)    DRscDB Data: (LRRC18)                             Human Protein Atlas  (HPA)"
"40","FBgn0263289","44448","FBgn0263289","scrib","Human","30851","30684","TAX1BP3","ENSG00000213977","1","0.91","low","No","No","Phylome","","Add","G2F details (TAX1BP3)    DRscDB Data: (TAX1BP3)                             Human Protein Atlas  (HPA)"
"40","FBgn0263289","44448","FBgn0263289","scrib","Human","9258","16982","MFHAS1","ENSG00000147324","1","0.9","low","No","Yes","eggNOG","","Add","G2F details (MFHAS1)    DRscDB Data: (MFHAS1)                             Human Protein Atlas  (HPA)"
"41","FBgn0003462","39251","FBgn0003462","Sod1","Human","6647","11179","SOD1","ENSG00000142168","12","11.9","high","Yes","Yes","Compara, Domainoid, eggNOG, Inparanoid, OMA, OrthoDB, OrthoFinder, OrthoInspector, Hieranoid, Panther, SonicParanoid, orthoMCL","","Add","G2F details (SOD1)    DRscDB Data: (SOD1)                             Human Protein Atlas  (HPA)"
"41","FBgn0003462","39251","FBgn0003462","Sod1","Human","9973","1613","CCS","ENSG00000173992","2","1.9","low","No","No","OrthoFinder, orthoMCL","","Add","G2F details (CCS)    DRscDB Data: (CCS)                             Human Protein Atlas  (HPA)"
"41","FBgn0003462","39251","FBgn0003462","Sod1","Human","6649","11181","SOD3","ENSG00000109610","2","1.8","low","No","No","eggNOG, orthoMCL","","Add","G2F details (SOD3)    DRscDB Data: (SOD3)                             Human Protein Atlas  (HPA)"
"42","FBgn0010213","36878","FBgn0010213","Sod2","Human","6648","11180","SOD2","ENSG00000291237","11","10.9","high","Yes","Yes","Compara, Domainoid, eggNOG, Inparanoid, OMA, OrthoFinder, OrthoInspector, Hieranoid, Panther, Phylome, SonicParanoid","","Add","G2F details (SOD2)    DRscDB Data: (SOD2)                             Human Protein Atlas  (HPA)"
"43","FBgn0033631","36232","FBgn0033631","Sod3","Human","6647","11179","SOD1","ENSG00000142168","7","6.92","moderate","Yes","No","eggNOG, OMA, OrthoDB, OrthoFinder, Panther, SonicParanoid, orthoMCL","","Add","G2F details (SOD1)    DRscDB Data: (SOD1)                             Human Protein Atlas  (HPA)"
"43","FBgn0033631","36232","FBgn0033631","Sod3","Human","6649","11181","SOD3","ENSG00000109610","3","2.73","moderate","No","Yes","eggNOG, Compara, orthoMCL","","Add","G2F details (SOD3)    DRscDB Data: (SOD3)                             Human Protein Atlas  (HPA)"
"43","FBgn0033631","36232","FBgn0033631","Sod3","Human","9973","1613","CCS","ENSG00000173992","2","1.9","low","No","No","OrthoFinder, orthoMCL","","Add","G2F details (CCS)    DRscDB Data: (CCS)                             Human Protein Atlas  (HPA)"
"44","FBgn0016917","42428","FBgn0016917","Stat92E","Human","6776","11366","STAT5A","ENSG00000126561","12","11.8","high","Yes","Yes","Compara, Domainoid, eggNOG, Inparanoid, OrthoDB, OrthoFinder, OrthoInspector, Hieranoid, Panther, Phylome, SonicParanoid, orthoMCL","","Add","G2F details (STAT5A)    DRscDB Data: (STAT5A)                             Human Protein Atlas  (HPA)"
"44","FBgn0016917","42428","FBgn0016917","Stat92E","Human","6777","11367","STAT5B","ENSG00000173757","12","11.8","high","Yes","Yes","Compara, Domainoid, eggNOG, Inparanoid, OrthoDB, OrthoFinder, OrthoInspector, Hieranoid, Panther, Phylome, SonicParanoid, orthoMCL","","Add","G2F details (STAT5B)    DRscDB Data: (STAT5B)                             Human Protein Atlas  (HPA)"
"44","FBgn0016917","42428","FBgn0016917","Stat92E","Human","6778","11368","STAT6","ENSG00000166888","10","9.89","moderate","No","Yes","Compara, Domainoid, eggNOG, Inparanoid, OrthoDB, OrthoFinder, OrthoInspector, Panther, SonicParanoid, orthoMCL","","Add","G2F details (STAT6)    DRscDB Data: (STAT6)                             Human Protein Atlas  (HPA)"
"44","FBgn0016917","42428","FBgn0016917","Stat92E","Human","6773","11363","STAT2","ENSG00000170581","7","6.84","moderate","No","Yes","Domainoid, eggNOG, OrthoDB, Compara, OrthoFinder, Panther, orthoMCL","","Add","G2F details (STAT2)    DRscDB Data: (STAT2)                             Human Protein Atlas  (HPA)"
"44","FBgn0016917","42428","FBgn0016917","Stat92E","Human","6772","11362","STAT1","ENSG00000115415","6","5.91","moderate","No","Yes","Domainoid, eggNOG, OrthoDB, OrthoFinder, Panther, orthoMCL","","Add","G2F details (STAT1)    DRscDB Data: (STAT1)                             Human Protein Atlas  (HPA)"
"44","FBgn0016917","42428","FBgn0016917","Stat92E","Human","6774","11364","STAT3","ENSG00000168610","6","5.91","moderate","No","Yes","Domainoid, eggNOG, OrthoDB, OrthoFinder, Panther, orthoMCL","","Add","G2F details (STAT3)    DRscDB Data: (STAT3)                             Human Protein Atlas  (HPA)"
"44","FBgn0016917","42428","FBgn0016917","Stat92E","Human","6775","11365","STAT4","ENSG00000138378","5","4.9","moderate","No","Yes","Domainoid, eggNOG, OrthoFinder, Panther, orthoMCL","","Add","G2F details (STAT4)    DRscDB Data: (STAT4)                             Human Protein Atlas  (HPA)"
"45","FBgn0262473","43222","FBgn0262473","Tl","Human","7099","11850","TLR4","ENSG00000136869","7","6.84","high","Yes","Yes","eggNOG, OrthoDB, Compara, OrthoFinder, Panther, orthoMCL, SonicParanoid","","Add","G2F details (TLR4)    DRscDB Data: (TLR4)                             Human Protein Atlas  (HPA)"
"45","FBgn0262473","43222","FBgn0262473","Tl","Human","81793","15634","TLR10","ENSG00000174123","6","5.83","moderate","No","No","eggNOG, Compara, OrthoFinder, Panther, orthoMCL, SonicParanoid","","Add","G2F details (TLR10)    DRscDB Data: (TLR10)                             Human Protein Atlas  (HPA)"
"45","FBgn0262473","43222","FBgn0262473","Tl","Human","7097","11848","TLR2","ENSG00000137462","6","5.83","moderate","No","No","eggNOG, Compara, OrthoFinder, Panther, orthoMCL, SonicParanoid","","Add","G2F details (TLR2)    DRscDB Data: (TLR2)                             Human Protein Atlas  (HPA)"
"45","FBgn0262473","43222","FBgn0262473","Tl","Human","7096","11847","TLR1","ENSG00000174125","6","5.83","moderate","No","No","eggNOG, Compara, OrthoFinder, Panther, orthoMCL, SonicParanoid","","Add","G2F details (TLR1)    DRscDB Data: (TLR1)                             Human Protein Atlas  (HPA)"
"45","FBgn0262473","43222","FBgn0262473","Tl","Human","10333","16711","TLR6","ENSG00000174130","5","4.93","moderate","No","No","Compara, OrthoFinder, Panther, orthoMCL, SonicParanoid","","Add","G2F details (TLR6)    DRscDB Data: (TLR6)                             Human Protein Atlas  (HPA)"
"45","FBgn0262473","43222","FBgn0262473","Tl","Human","7100","11851","TLR5","ENSG00000187554","4","3.83","moderate","No","Yes","eggNOG, Compara, Panther, orthoMCL","","Add","G2F details (TLR5)    DRscDB Data: (TLR5)                             Human Protein Atlas  (HPA)"
"45","FBgn0262473","43222","FBgn0262473","Tl","Human","4064","6726","CD180","ENSG00000134061","2","1.83","moderate","No","Yes","eggNOG, Compara","","Add","G2F details (CD180)    DRscDB Data: (CD180)                             Human Protein Atlas  (HPA)"
"45","FBgn0262473","43222","FBgn0262473","Tl","Human","7098","11849","TLR3","ENSG00000164342","2","1.83","low","No","No","eggNOG, Compara","","Add","G2F details (TLR3)    DRscDB Data: (TLR3)                             Human Protein Atlas  (HPA)"
"45","FBgn0262473","43222","FBgn0262473","Tl","Human","51311","15632","TLR8","ENSG00000101916","2","1.83","low","No","No","eggNOG, Compara","","Add","G2F details (TLR8)    DRscDB Data: (TLR8)                             Human Protein Atlas  (HPA)"
"45","FBgn0262473","43222","FBgn0262473","Tl","Human","51284","15631","TLR7","ENSG00000196664","2","1.83","low","No","No","eggNOG, Compara","","Add","G2F details (TLR7)    DRscDB Data: (TLR7)                             Human Protein Atlas  (HPA)"
"45","FBgn0262473","43222","FBgn0262473","Tl","Human","59350","19718","RXFP1","ENSG00000171509","1","0.93","low","No","No","Compara","","Add","G2F details (RXFP1)    DRscDB Data: (RXFP1)                             Human Protein Atlas  (HPA)"
"45","FBgn0262473","43222","FBgn0262473","Tl","Human","10234","16895","LRRC17","ENSG00000128606","1","0.93","low","No","No","Compara","","Add","G2F details (LRRC17)    DRscDB Data: (LRRC17)                             Human Protein Atlas  (HPA)"
"45","FBgn0262473","43222","FBgn0262473","Tl","Human","122042","17318","RXFP2","ENSG00000133105","1","0.93","low","No","No","Compara","","Add","G2F details (RXFP2)    DRscDB Data: (RXFP2)                             Human Protein Atlas  (HPA)"
"45","FBgn0262473","43222","FBgn0262473","Tl","Human","81543","14965","LRRC3","ENSG00000160233","1","0.93","low","No","No","Compara","","Add","G2F details (LRRC3)    DRscDB Data: (LRRC3)                             Human Protein Atlas  (HPA)"
"45","FBgn0262473","43222","FBgn0262473","Tl","Human","340745","23443","LRIT2","ENSG00000204033","1","0.93","low","No","No","Compara","","Add","G2F details (LRIT2)    DRscDB Data: (LRIT2)                             Human Protein Atlas  (HPA)"
"45","FBgn0262473","43222","FBgn0262473","Tl","Human","375387","24613","NRROS","ENSG00000174004","1","0.93","low","No","No","Compara","","Add","G2F details (NRROS)    DRscDB Data: (NRROS)                             Human Protein Atlas  (HPA)"
"45","FBgn0262473","43222","FBgn0262473","Tl","Human","116135","28105","LRRC3B","ENSG00000179796","1","0.93","low","No","No","Compara","","Add","G2F details (LRRC3B)    DRscDB Data: (LRRC3B)                             Human Protein Atlas  (HPA)"
"45","FBgn0262473","43222","FBgn0262473","Tl","Human","3483","5468","IGFALS","ENSG00000099769","1","0.93","low","No","No","Compara","","Add","G2F details (IGFALS)    DRscDB Data: (IGFALS)                             Human Protein Atlas  (HPA)"
"45","FBgn0262473","43222","FBgn0262473","Tl","Human","100505591","40034","LRRC3C","ENSG00000204913","1","0.93","low","No","No","Compara","","Add","G2F details (LRRC3C)    DRscDB Data: (LRRC3C)                             Human Protein Atlas  (HPA)"
"45","FBgn0262473","43222","FBgn0262473","Tl","Human","2615","4161","LRRC32","ENSG00000137507","1","0.93","low","No","No","Compara","","Add","G2F details (LRRC32)    DRscDB Data: (LRRC32)                             Human Protein Atlas  (HPA)"
"45","FBgn0262473","43222","FBgn0262473","Tl","Human","25987","28850","TSKU","ENSG00000182704","1","0.93","low","No","No","Compara","","Add","G2F details (TSKU)    DRscDB Data: (TSKU)                             Human Protein Atlas  (HPA)"
"45","FBgn0262473","43222","FBgn0262473","Tl","Human","8809","5988","IL18R1","ENSG00000115604","1","0.91","low","No","Yes","Phylome","","Add","G2F details (IL18R1)    DRscDB Data: (IL18R1)                             Human Protein Atlas  (HPA)"
"45","FBgn0262473","43222","FBgn0262473","Tl","Human","54106","15633","TLR9","ENSG00000239732","1","0.9","low","No","No","eggNOG","","Add","G2F details (TLR9)    DRscDB Data: (TLR9)                             Human Protein Atlas  (HPA)"
"46","FBgn0035934","39015","FBgn0035934","TrpA1","Human","8989","497","TRPA1","ENSG00000104321","13","12.81","high","Yes","Yes","Compara, Domainoid, eggNOG, Inparanoid, OMA, OrthoDB, OrthoFinder, OrthoInspector, Hieranoid, Panther, Phylome, SonicParanoid, orthoMCL","","Add","G2F details (TRPA1)    DRscDB Data: (TRPA1)                             Human Protein Atlas  (HPA)"
"46","FBgn0035934","39015","FBgn0035934","TrpA1","Human","83715","13281","ESPN","ENSG00000187017","1","1","low","No","No","SonicParanoid","","Add","G2F details (ESPN)    DRscDB Data: (ESPN)                             Human Protein Atlas  (HPA)"
"46","FBgn0035934","39015","FBgn0035934","TrpA1","Human","339768","27937","ESPNL","ENSG00000144488","1","1","low","No","No","SonicParanoid","","Add","G2F details (ESPNL)    DRscDB Data: (ESPNL)                             Human Protein Atlas  (HPA)"
"46","FBgn0053542","3346149","FBgn0053542","upd3","","none found","","","","","","","","","","","",""
"47","FBgn0261113","42267","FBgn0261113","Xrp1","Human","1628","2697","DBP","ENSG00000105516","1","0.9","low","Yes","No","eggNOG","","Add","G2F details (DBP)    DRscDB Data: (DBP)                             Human Protein Atlas  (HPA)"
"47","FBgn0261113","42267","FBgn0261113","Xrp1","Human","1051","1834","CEBPB","ENSG00000172216","1","0.9","low","Yes","No","eggNOG","","Add","G2F details (CEBPB)    DRscDB Data: (CEBPB)                             Human Protein Atlas  (HPA)"
"47","FBgn0261113","42267","FBgn0261113","Xrp1","Human","105372267","52681","NFILZ","ENSG00000268480","1","0.9","low","Yes","No","eggNOG","","Add","G2F details (NFILZ)    DRscDB Data: (NFILZ)                             Human Protein Atlas  (HPA)"
"47","FBgn0261113","42267","FBgn0261113","Xrp1","Human","1054","1837","CEBPG","ENSG00000153879","1","0.9","low","Yes","No","eggNOG","","Add","G2F details (CEBPG)    DRscDB Data: (CEBPG)                             Human Protein Atlas  (HPA)"
"47","FBgn0261113","42267","FBgn0261113","Xrp1","Human","4783","7787","NFIL3","ENSG00000165030","1","0.9","low","Yes","No","eggNOG","","Add","G2F details (NFIL3)    DRscDB Data: (NFIL3)                             Human Protein Atlas  (HPA)"
"47","FBgn0261113","42267","FBgn0261113","Xrp1","Human","3131","4977","HLF","ENSG00000108924","1","0.9","low","Yes","No","eggNOG","","Add","G2F details (HLF)    DRscDB Data: (HLF)                             Human Protein Atlas  (HPA)"
"47","FBgn0261113","42267","FBgn0261113","Xrp1","Human","1053","1836","CEBPE","ENSG00000092067","1","0.9","low","Yes","No","eggNOG","","Add","G2F details (CEBPE)    DRscDB Data: (CEBPE)                             Human Protein Atlas  (HPA)"
"47","FBgn0261113","42267","FBgn0261113","Xrp1","Human","7008","11722","TEF","ENSG00000167074","1","0.9","low","Yes","No","eggNOG","","Add","G2F details (TEF)    DRscDB Data: (TEF)                             Human Protein Atlas  (HPA)"
"47","FBgn0261113","42267","FBgn0261113","Xrp1","Human","1050","1833","CEBPA","ENSG00000245848","1","0.9","low","Yes","No","eggNOG","","Add","G2F details (CEBPA)    DRscDB Data: (CEBPA)                             Human Protein Atlas  (HPA)"
"47","FBgn0261113","42267","FBgn0261113","Xrp1","Human","1052","1835","CEBPD","ENSG00000221869","1","0.9","low","Yes","No","eggNOG","","Add","G2F details (CEBPD)    DRscDB Data: (CEBPD)                             Human Protein Atlas  (HPA)"
"47","FBgn0261113","42267","FBgn0261113","Xrp1","Human","1649","2726","DDIT3","ENSG00000175197","1","0.9","low","Yes","Yes","eggNOG","","Add","G2F details (DDIT3)    DRscDB Data: (DDIT3)                             Human Protein Atlas  (HPA)"