dedup_group_id,source_row,database,metal,query,pmid_clean,doi_clean,pmcid_clean,title
1,1,PubMed,Cd,"""Drosophila melanogaster"" cadmium neurotoxicity",40879645,10.1002/arch.70088,,"Nonlinear Dose-Response of Cadmium on Drosophila Larval Locomotion: Machine Learning Decodes Behavioral Complexity. PG - e70088 LID - 10.1002/arch.70088 [doi] AB - The prevalent environmental contaminant cadmium threatens ecosystems, yet the lack of high-resolution behavioral kinematics hinders assessment of cadmium neurotoxicity in ecologically critical insect larvae. This study integrated machine learning-based trajectory tracking methodologies, to meticulously quantify dose-dependent effects of cadmium on the locomotion velocity, angular velocity, directional preference, and trajectory alterations, using Drosophila larvae as a model organism. Results demonstrated that cadmium exposure not only increased the larval movement speed and the proportion of active duration but also substantially diminished the angular velocity and the duration of high angular velocity. Notably, the average speed curve among the cadmium treatment groups exhibited a ""U""-shaped distribution. At a lower concentration (1 mg/L), an increase in speed and the duration of straight movement were prominent. The medium concentrations (4 and 8 mg/L) were characterized by the highest trajectory complexity and the largest individual disparities, respectively. Despite the enhanced activity at the high concentration (16 mg/L), there was a concurrent increase in movement complexity. These behavioral changes are likely related to factors such as neurotransmitter regulation, visual damage, and antioxidant mechanisms. This study not only reveals the complex effects of cadmium on the movement behavior of insects, but also provides a reference basis for the research on the neurotoxic mechanism of cadmium on organisms and the assessment of the ecological risks of heavy metal pollution. CI - (c) 2025 Wiley Periodicals LLC. FAU - Jin, Shi AU - Jin S AD - Key Laboratory of Micro-Nano Sensing and IoT of Wenzhou, Wenzhou Institute of Hangzhou Dianzi University, Wenzhou, China. AD - College of Artificial Intelligence, Hangzhou Dianzi University, Hangzhou, China. FAU - Wang, Chengpeng AU - Wang C AD - College of Artificial Intelligence, Hangzhou Dianzi University, Hangzhou, China. FAU - Shen, Jie AU - Shen J AUID- ORCID: 0000-0002-9872-6322 AD - Key Laboratory of Micro-Nano Sensing and IoT of Wenzhou, Wenzhou Institute of Hangzhou Dianzi University, Wenzhou, China. AD - College of Artificial Intelligence, Hangzhou Dianzi University, Hangzhou, China. LA - eng GR - This study was supported by the grant to C.W. (Hangzhou Danzi University, CXJJ2024124)./ PT - Journal Article PL - United States TA - Arch Insect Biochem Physiol JT - Archives of insect biochemistry and physiology JID - 8501752 RN - 00BH33GNGH (Cadmium) RN - 0 (Environmental Pollutants) SB - IM MH - Animals MH - *Cadmium/toxicity MH - Larva/drug effects/physiology MH - *Locomotion/drug effects MH - *Machine Learning MH - Dose-Response Relationship, Drug MH - *Drosophila/drug effects/physiology MH - Behavior, Animal/drug effects MH - *Drosophila melanogaster/drug effects/physiology MH - *Environmental Pollutants/toxicity OTO - NOTNLM OT - behavioral toxicology OT - cadmium exposure OT - dose-response OT - machine learning OT - motor behavior EDAT- 2025/08/29 12:47 MHDA- 2025/08/29 12:48 CRDT- 2025/08/29 10:45 PHST- 2025/07/25 00:00 [revised] PHST- 2025/06/14 00:00 [received] PHST- 2025/07/28 00:00 [accepted] PHST- 2025/08/29 12:48 [medline] PHST- 2025/08/29 12:47 [pubmed] PHST- 2025/08/29 10:45 [entrez] AID - 10.1002/arch.70088 [doi] PST - ppublish SO - Arch Insect Biochem Physiol. 2025 Aug;119(4):e70088. doi: 10.1002/arch.70088."
1,311,Europe PMC,Cd,"""Drosophila melanogaster"" cadmium neurotoxicity",40879645,10.1002/arch.70088,,Nonlinear Dose-Response of Cadmium on Drosophila Larval Locomotion: Machine Learning Decodes Behavioral Complexity.
2,2,PubMed,Cd,"""Drosophila melanogaster"" cadmium neurotoxicity",40535972,10.3389/fnins.2025.1605687,,"Mechanistic insights into cadmium-related premature aging in Drosophila model. PG - 1605687 LID - 10.3389/fnins.2025.1605687 [doi] LID - 1605687 AB - The intricate and multifaceted relationship between environmental pollutants, particularly heavy metals such as cadmium, and human health has been extensively documented, with a significant focus on their neurotoxic effects. Notably, the connection between cadmium exposure and Alzheimer's disease is becoming increasingly evident, prompting a deeper investigation into the underlying mechanisms at play. Despite the growing body of evidence linking cadmium to neurodegeneration and although harmful molecular activities of cadmium in cells have been demonstrated, the precise molecular mechanism induced by this toxic metal within neuronal cells remains largely enigmatic. This study aims to shed light on these mechanistic processes by utilizing Drosophila melanogaster, a widely recognized model organism in neurogenetics, as our experimental framework. Through a carefully designed approach, we simulated chronic exposure to cadmium, which allowed us to observe the resulting effects on the flies over time. Our findings revealed that chronic cadmium exposure led to premature aging in flies, characterized by neurodegeneration and an exacerbation of complex neurological phenotypes. Notably, these included significant impairments in learning and memory, which are critical cognitive functions often compromised in neurodegenerative conditions. With the aim of exploring the mechanistic underpinnings of these observations, we determined that cadmium impairs RNP formation and could disrupt the delicate process of liquid-liquid phase separation within neuronal cells. This disruption appears to play a pivotal role in initiating the cascade of events that contribute to neurodegeneration. Liquid-liquid phase separation is essential for the proper organization of cellular components and the maintenance of neuronal health; thus, cadmium's interference in this process may provide a crucial insight into its neurotoxic effects. CI - Copyright (c) 2025 De Donno, Mercuri, Balena, Zangaro, Bozzetti and Specchia. FAU - De Donno, Maria Dolores AU - De Donno MD AD - Department of Biological and Environmental Sciences and Technologies, University of Salento, Lecce, Italy. FAU - Mercuri, Ester AU - Mercuri E AD - Department of Biological and Environmental Sciences and Technologies, University of Salento, Lecce, Italy. FAU - Balena, Barbara AU - Balena B AD - Department of Biological and Environmental Sciences and Technologies, University of Salento, Lecce, Italy. FAU - Zangaro, Francesco AU - Zangaro F AD - Department of Biological and Environmental Sciences and Technologies, University of Salento, Lecce, Italy. FAU - Bozzetti, Maria Pia AU - Bozzetti MP AD - Department of Biological and Environmental Sciences and Technologies, University of Salento, Lecce, Italy. FAU - Specchia, Valeria AU - Specchia V AD - Department of Biological and Environmental Sciences and Technologies, University of Salento, Lecce, Italy. LA - eng PT - Journal Article DEP - 20250604 PL - Switzerland TA - Front Neurosci JT - Frontiers in neuroscience JID - 101478481 PMC - PMC12174419 OTO - NOTNLM OT - Drosophila melanogaster OT - LLPS OT - aging OT - cadmium OT - cognitive impairments OT - neurodegeneration COIS- The authors declare that the research was conducted in the absence of any commercial or financial relationships that could be construed as a potential conflict of interest. EDAT- 2025/06/19 07:52 MHDA- 2025/06/19 07:53 PMCR- 2025/06/04 CRDT- 2025/06/19 05:31 PHST- 2025/04/03 00:00 [received] PHST- 2025/05/21 00:00 [accepted] PHST- 2025/06/19 07:53 [medline] PHST- 2025/06/19 07:52 [pubmed] PHST- 2025/06/19 05:31 [entrez] PHST- 2025/06/04 00:00 [pmc-release] AID - 10.3389/fnins.2025.1605687 [doi] PST - epublish SO - Front Neurosci. 2025 Jun 4;19:1605687. doi: 10.3389/fnins.2025.1605687. eCollection 2025."
2,312,Europe PMC,Cd,"""Drosophila melanogaster"" cadmium neurotoxicity",40535972,10.3389/fnins.2025.1605687,pmc12174419,Mechanistic insights into cadmium-related premature aging in &lt;i&gt;Drosophila&lt;/i&gt; model.
5,5,PubMed,Cd,"""Drosophila melanogaster"" cadmium gene expression",40490239,10.1016/j.cbpb.2025.111116,,"Structural and functional plasticity of metal-responsive transcription factor 1 (MTF-1) within Lophotrochozoa. PG - 111116 LID - S1096-4959(25)00047-8 [pii] LID - 10.1016/j.cbpb.2025.111116 [doi] AB - Control of metal ion metabolism in animals is crucial for their survival. In this context, the regulation of metallothioneins (MTs), key proteins in metal metabolism and detoxification, by the metal regulatory transcription factor MTF-1 is well established in vertebrates and Drosophila melanogaster. However, the metal-dependent regulation of MT genes in most other invertebrates remains poorly understood, with MTF-1 so far identified in only a few invertebrate species. In the present study, we identified the presence of MTF-1 in diverse species within Lophotrochozoa. Specifically, we confirmed the functionality of MTF-1 from Helix pomatia (Gastropoda) and Lumbricus terrestris (Annelida) through in vitro co-expression studies using a dual-luciferase assay. We also demonstrate that the conserved zinc finger region appears to be the functional centrepiece of MTF-1 throughout all animal phyla, supporting core transcription factor functions across different species. In contrast, there is high variability in the up- and downstream MTF-1 sequences which may reflect the potential for additional functions, such as species- and habitat-specific adaptations. Our study provides a comprehensive framework for better understanding MTF-1 sequence and functional variability between closely and more distantly related species. CI - Copyright (c) 2025 The Authors. Published by Elsevier Inc. All rights reserved. FAU - Pedrini-Martha, Veronika AU - Pedrini-Martha V AD - Institute of Zoology, Center of Molecular Biosciences Innsbruck, University of Innsbruck, Austria. Electronic address: Veronika.Pedrini-Martha@uibk.ac.at. FAU - Egger, Bernhard AU - Egger B AD - Institute of Zoology, Center of Molecular Biosciences Innsbruck, University of Innsbruck, Austria. Electronic address: Bernhard.Egger@uibk.ac.at. FAU - Niederwanger, Michael AU - Niederwanger M AD - Department of Gynecological Endocrinology and Reproductive Medicine, Medical University of Innsbruck, Austria. Electronic address: Michael.Niederwanger@i-med.ac.at. FAU - Dallinger, Reinhard AU - Dallinger R AD - Institute of Zoology, Center of Molecular Biosciences Innsbruck, University of Innsbruck, Austria. Electronic address: Reinhard.Dallinger@uibk.ac.at. FAU - Hockner, Martina AU - Hockner M AD - Institute of Zoology, Center of Molecular Biosciences Innsbruck, University of Innsbruck, Austria. Electronic address: Martina.Hoeckner@uibk.ac.at. LA - eng PT - Journal Article DEP - 20250607 PL - England TA - Comp Biochem Physiol B Biochem Mol Biol JT - Comparative biochemistry and physiology. Part B, Biochemistry & molecular biology JID - 9516061 RN - 0 (Transcription Factors) RN - 0 (Transcription Factor MTF-1) RN - 0 (DNA-Binding Proteins) RN - 9038-94-2 (Metallothionein) SB - IM MH - Animals MH - *Transcription Factors/metabolism/genetics/chemistry MH - Transcription Factor MTF-1 MH - *DNA-Binding Proteins/genetics/metabolism/chemistry MH - Metallothionein/metabolism/genetics MH - Phylogeny MH - Amino Acid Sequence MH - Zinc Fingers OTO - NOTNLM OT - Cadmium OT - Earthworm OT - Evolution OT - Invertebrates OT - MRE binding site OT - Metallothionein gene OT - Zinc finger COIS- Declaration of competing interest The authors declare that they have no known competing financial interests or personal relationships that could have appeared to influence the work reported in this paper. EDAT- 2025/06/10 00:30 MHDA- 2025/07/25 00:28 CRDT- 2025/06/09 19:36 PHST- 2025/03/28 00:00 [received] PHST- 2025/06/06 00:00 [revised] PHST- 2025/06/06 00:00 [accepted] PHST- 2025/07/25 00:28 [medline] PHST- 2025/06/10 00:30 [pubmed] PHST- 2025/06/09 19:36 [entrez] AID - S1096-4959(25)00047-8 [pii] AID - 10.1016/j.cbpb.2025.111116 [doi] PST - ppublish SO - Comp Biochem Physiol B Biochem Mol Biol. 2025 Aug-Sep;279:111116. doi: 10.1016/j.cbpb.2025.111116. Epub 2025 Jun 7."
5,345,Europe PMC,Cd,"""Drosophila melanogaster"" cadmium gene expression",40490239,10.1016/j.cbpb.2025.111116,,Structural and functional plasticity of metal-responsive transcription factor 1 (MTF-1) within Lophotrochozoa.
6,6,PubMed,Cd,"""Drosophila melanogaster"" cadmium gene expression",36789168,10.21769/bioprotoc.4598,,"A Reliable and Consistent Method to Quantify Percent Lethality and Life Span in Drosophila melanogaster. PG - e4598 LID - 10.21769/BioProtoc.4598 [doi] LID - e4598 AB - Drosophila melanogaster is a classic model organism to study gene function as well as toxicological effects. To study gene function, the expression of a particular gene of interest is disrupted by using the widely explorable Drosophila genetic toolkit, whereas to study toxicological effects the flies are exposed to a particular toxicant through diet. These experiments often require the quantification of lethality from embryonic to adult stages, as well as the assessment of the life span in order to check the role of the gene/toxicant of interest in Drosophila. Here, we propose an experimental protocol that enables a consistent and rigorous assessment of lethality and life span of cadmium chloride (CdCl(2))-exposed or genetically perturbed flies [downregulation and overexpression of the cytosolic Cu, Zn superoxide dismutase (SOD1) gene], consecutively. The protocol insists upon the requirement of one single experimental setup that is unique, distinctive, and cost-effective as it engages minimal laboratory equipment and resources. The described methods lead to the smooth observation of the embryos, their successive stagewise transition, and life span of the adult flies post eclosion. Additionally, these methods also facilitate the assessment of crawling and climbing behavioral parameters of the larvae and adults, respectively, and allow the calculation of lethal concentration (LC(50)) for the mentioned toxicant as well as median survival of the flies, which can be a determining factor in proceeding with further stages of experiments. Graphical abstract. CI - Copyright (c) 2023 The Authors; exclusive licensee Bio-protocol LLC. FAU - Kumari, Priyanka AU - Kumari P AD - Department of Life Sciences, Central University of Jharkhand, CTI Campus, Ratu-Lohardaga Road, Ranchi-835205, India. FAU - Ain, Ushashi AU - Ain U AD - Department of Life Sciences, Central University of Jharkhand, CTI Campus, Ratu-Lohardaga Road, Ranchi-835205, India. FAU - Firdaus, Hena AU - Firdaus H AD - Department of Life Sciences, Central University of Jharkhand, CTI Campus, Ratu-Lohardaga Road, Ranchi-835205, India. LA - eng PT - Journal Article DEP - 20230120 PL - United States TA - Bio Protoc JT - Bio-protocol JID - 101635102 PMC - PMC9901450 OTO - NOTNLM OT - Drosophila OT - Lethality OT - Life span OT - Mutant developmental analysis OT - Toxicant exposure COIS- Competing interests The authors declare no competing interest. EDAT- 2023/02/16 06:00 MHDA- 2023/02/16 06:01 PMCR- 2023/01/20 CRDT- 2023/02/15 02:09 PHST- 2022/08/22 00:00 [received] PHST- 2022/10/17 00:00 [revised] PHST- 2023/01/03 00:00 [accepted] PHST- 2023/02/15 02:09 [entrez] PHST- 2023/02/16 06:00 [pubmed] PHST- 2023/02/16 06:01 [medline] PHST- 2023/01/20 00:00 [pmc-release] AID - e4598 [pii] AID - 4598 [pii] AID - 10.21769/BioProtoc.4598 [doi] PST - epublish SO - Bio Protoc. 2023 Jan 20;13(2):e4598. doi: 10.21769/BioProtoc.4598. eCollection 2023 Jan 20."
6,497,Europe PMC,Hg,"""Drosophila melanogaster"" mercury gene expression",36789168,10.21769/bioprotoc.4598,pmc9901450,A Reliable and Consistent Method to Quantify Percent Lethality and Life Span in <i>Drosophila melanogaster</i>.
8,8,PubMed,Cd,"""Drosophila melanogaster"" cadmium gene expression",35856016,10.17912/micropub.biology.000591,,"Pre-adult exposure to three heavy metals leads to changes in the head transcriptome of adult flies. LID - 10.17912/micropub.biology.000591 [doi] AB - We examined the effect of developmental exposure to three heavy metals - cadmium, copper, and lead - on gene expression in adult head tissue in the model organism Drosophila melanogaster . All metals affected development time and/or gene expression level. While variation in the response to each metal was apparent, two differentially-expressed genes were upregulated in response to all three metal treatments, and 11 genes were downregulated in two of the three treatments. Our work reveals that developmental metal exposure has the potential to have long-lasting, metal-specific effects on gene expression in adults, even after the metal stress has been removed. CI - Copyright: (c) 2022 by the authors. FAU - Felmlee, Kenton R AU - Felmlee KR AD - Department of Molecular Biosciences, University of Kansas. FAU - Macdonald, Stuart J AU - Macdonald SJ AD - Department of Molecular Biosciences, University of Kansas; Center for Computational Biology, University of Kansas. FAU - Everman, Elizabeth R AU - Everman ER AD - Department of Molecular Biosciences, University of Kansas. LA - eng GR - P20 GM103418/GM/NIGMS NIH HHS/United States GR - P20 GM103638/GM/NIGMS NIH HHS/United States GR - K99 ES033257/ES/NIEHS NIH HHS/United States GR - P30 GM145499/GM/NIGMS NIH HHS/United States GR - R01 OD010974/OD/NIH HHS/United States GR - R01 ES029922/ES/NIEHS NIH HHS/United States PT - Journal Article DEP - 20220702 PL - United States TA - MicroPubl Biol JT - microPublication biology JID - 101759238 PMC - PMC9287740 EDAT- 2022/07/21 06:00 MHDA- 2022/07/21 06:01 PMCR- 2022/07/02 CRDT- 2022/07/20 04:11 PHST- 2022/06/07 00:00 [received] PHST- 2022/06/22 00:00 [revised] PHST- 2022/06/25 00:00 [accepted] PHST- 2022/07/20 04:11 [entrez] PHST- 2022/07/21 06:00 [pubmed] PHST- 2022/07/21 06:01 [medline] PHST- 2022/07/02 00:00 [pmc-release] AID - 10.17912/micropub.biology.000591 [doi] PST - epublish SO - MicroPubl Biol. 2022 Jul 2;2022:10.17912/micropub.biology.000591. doi: 10.17912/micropub.biology.000591. eCollection 2022."
8,297,PMC,Hg,"""Drosophila melanogaster"" mercury toxicogenomics",35856016,10.17912/micropub.biology.000591,9287740,"Pre-adult exposure to three heavy metals leads to changes in the head transcriptome of adult flies. LID - 10.17912/micropub.biology.000591 [doi] AB - We examined the effect of developmental exposure to three heavy metals - cadmium, copper, and lead - on gene expression in adult head tissue in the model organism Drosophila melanogaster . All metals affected development time and/or gene expression level. While variation in the response to each metal was apparent, two differentially-expressed genes were upregulated in response to all three metal treatments, and 11 genes were downregulated in two of the three treatments. Our work reveals that developmental metal exposure has the potential to have long-lasting, metal-specific effects on gene expression in adults, even after the metal stress has been removed. CI - Copyright: © 2022 by the authors. FAU - Felmlee, Kenton R AU - Felmlee KR AD - Department of Molecular Biosciences, University of Kansas. FAU - Macdonald, Stuart J AU - Macdonald SJ AD - Department of Molecular Biosciences, University of Kansas; Center for Computational Biology, University of Kansas. FAU - Everman, Elizabeth R AU - Everman ER AD - Department of Molecular Biosciences, University of Kansas. LA - eng GR - P20 GM103418/GM/NIGMS NIH HHS/United States GR - P20 GM103638/GM/NIGMS NIH HHS/United States GR - K99 ES033257/ES/NIEHS NIH HHS/United States GR - P30 GM145499/GM/NIGMS NIH HHS/United States GR - R01 OD010974/OD/NIH HHS/United States GR - R01 ES029922/ES/NIEHS NIH HHS/United States PT - Journal Article DEP - 20220702 PL - United States TA - MicroPubl Biol JT - microPublication biology JID - 101759238 PMC - PMC9287740 EDAT- 2022/07/21 06:00 MHDA- 2022/07/21 06:01 PMCR- 2022/07/02 CRDT- 2022/07/20 04:11 PHST- 2022/06/07 00:00 [received] PHST- 2022/06/22 00:00 [revised] PHST- 2022/06/25 00:00 [accepted] PHST- 2022/07/20 04:11 [entrez] PHST- 2022/07/21 06:00 [pubmed] PHST- 2022/07/21 06:01 [medline] PHST- 2022/07/02 00:00 [pmc-release] AID - 10.17912/micropub.biology.000591 [doi] PST - epublish SO - MicroPubl Biol. 2022 Jul 2;2022:10.17912/micropub.biology.000591. doi: 10.17912/micropub.biology.000591. eCollection 2022."
11,11,PubMed,Cd,"""Drosophila melanogaster"" cadmium gene expression",34052756,10.1016/j.ecoenv.2021.112377,,"Single and mixed exposure to cadmium and mercury in Drosophila melanogaster: Molecular responses and impact on post-embryonic development. PG - 112377 LID - S0147-6513(21)00489-9 [pii] LID - 10.1016/j.ecoenv.2021.112377 [doi] AB - Heavy metals, like many other chemical elements, are naturally present in the environment; however, the concentrations of these metals in various environmental matrices have increased through their intensive use in many human activities (such as industry, mining and agriculture). Among the heavy metals, cadmium (Cd) and mercury (Hg) induce a wide variety of defects in animals. While the effects of these heavy metals have been widely documented, a single exposure paradigm is typically used. Few studies have focused on evaluating combined exposure to these metals. However, in the environment, animals are confronted with a plethora of substances simultaneously; thus, the presence and origin of such substances must be determined to reduce the sources of contamination. Using the model of the fruit fly Drosophila melanogaster, for which many tools are readily available, we investigated how different concentrations of Cd and Hg in single and combined exposures impact post-embryonic development. In parallel, we evaluated the extended expression pattern of 38 molecular targets used as potential biomarkers of exposure through qPCR. Our results showed that both metals caused developmental delays and mortality in dose-dependent responses. Both metals were able to deregulate genes involved in hormonal control, general stress, and oxidative stress. Importantly, we confirmed synergistic interactions between Cd and Hg. Our results indicate the importance of assessing several biomarkers and their kinetics in mixtures. Drosophila represents a useful model for monitoring the toxicity of substances in polluted environments. CI - Copyright (c) 2021 The Authors. Published by Elsevier Inc. All rights reserved. FAU - Frat, Laetitia AU - Frat L AD - Syndicat Intercommunal pour l'Assainissement de la Region de Pontoise (SIARP), 95000 Pontoise, France; Sorbonne Universite, INRA, CNRS, IRD, UPEC, Institut d'Ecologie et des Sciences de l'Environnement de Paris (iEES-Paris), F75005 Paris, France. FAU - Chertemps, Thomas AU - Chertemps T AD - Sorbonne Universite, INRA, CNRS, IRD, UPEC, Institut d'Ecologie et des Sciences de l'Environnement de Paris (iEES-Paris), F75005 Paris, France. FAU - Pesce, Elise AU - Pesce E AD - Sorbonne Universite, INRA, CNRS, IRD, UPEC, Institut d'Ecologie et des Sciences de l'Environnement de Paris (iEES-Paris), F75005 Paris, France. FAU - Bozzolan, Francoise AU - Bozzolan F AD - Sorbonne Universite, INRA, CNRS, IRD, UPEC, Institut d'Ecologie et des Sciences de l'Environnement de Paris (iEES-Paris), F75005 Paris, France. FAU - Dacher, Matthieu AU - Dacher M AD - Sorbonne Universite, INRA, CNRS, IRD, UPEC, Institut d'Ecologie et des Sciences de l'Environnement de Paris (iEES-Paris), F75005 Paris, France; Sorbonne Universite, INRA, CNRS, IRD, UPEC, Institut d'Ecologie et des Sciences de l'Environnement de Paris (iEES-Paris), 78026 Versailles, France. FAU - Planello, Rosario AU - Planello R AD - Biology and Environmental Toxicology Group, Faculty of Sciences, Universidad Nacional de Educacion a Distancia (UNED), Paseo de la Senda del Rey 9, 28040 Madrid, Spain. FAU - Herrero, Oscar AU - Herrero O AD - Biology and Environmental Toxicology Group, Faculty of Sciences, Universidad Nacional de Educacion a Distancia (UNED), Paseo de la Senda del Rey 9, 28040 Madrid, Spain. FAU - Llorente, Lola AU - Llorente L AD - Biology and Environmental Toxicology Group, Faculty of Sciences, Universidad Nacional de Educacion a Distancia (UNED), Paseo de la Senda del Rey 9, 28040 Madrid, Spain. FAU - Moers, Didier AU - Moers D AD - Syndicat Intercommunal pour l'Assainissement de la Region de Pontoise (SIARP), 95000 Pontoise, France. FAU - Siaussat, David AU - Siaussat D AD - Sorbonne Universite, INRA, CNRS, IRD, UPEC, Institut d'Ecologie et des Sciences de l'Environnement de Paris (iEES-Paris), F75005 Paris, France. Electronic address: david.siaussat@sorbonne-universite.fr. LA - eng PT - Journal Article DEP - 20210527 PL - Netherlands TA - Ecotoxicol Environ Saf JT - Ecotoxicology and environmental safety JID - 7805381 RN - 0 (Environmental Pollutants) RN - 0 (Hormones) RN - 0 (Metals, Heavy) RN - 00BH33GNGH (Cadmium) RN - FXS1BY2PGL (Mercury) SB - IM MH - Animals MH - Cadmium/*toxicity MH - Drosophila melanogaster/*drug effects/genetics/growth & development/metabolism MH - *Drug Synergism MH - Embryonic Development MH - Environmental Exposure/*adverse effects/analysis MH - Environmental Pollutants/*toxicity MH - Gene Expression Regulation/drug effects MH - Hormones/metabolism MH - Mercury/*toxicity MH - Metals, Heavy/toxicity MH - Oxidative Stress MH - Polymerase Chain Reaction OTO - NOTNLM OT - Gene expression OT - Heavy metals OT - Insect OT - Mixture OT - Sublethal concentration OT - Wastewater OT - qPCR EDAT- 2021/05/31 06:00 MHDA- 2021/07/14 06:00 CRDT- 2021/05/30 21:01 PHST- 2021/01/23 00:00 [received] PHST- 2021/05/22 00:00 [revised] PHST- 2021/05/24 00:00 [accepted] PHST- 2021/05/31 06:00 [pubmed] PHST- 2021/07/14 06:00 [medline] PHST- 2021/05/30 21:01 [entrez] AID - S0147-6513(21)00489-9 [pii] AID - 10.1016/j.ecoenv.2021.112377 [doi] PST - ppublish SO - Ecotoxicol Environ Saf. 2021 Sep 1;220:112377. doi: 10.1016/j.ecoenv.2021.112377. Epub 2021 May 27."
11,498,Europe PMC,Hg,"""Drosophila melanogaster"" mercury gene expression",34052756,10.1016/j.ecoenv.2021.112377,,Single and mixed exposure to cadmium and mercury in Drosophila melanogaster: Molecular responses and impact on post-embryonic development.
35,35,PubMed,Cd,"""Drosophila melanogaster"" cadmium toxicogenomics",28732062,10.1371/journal.pgen.1006907,,"A Drosophila model for toxicogenomics: Genetic variation in susceptibility to heavy metal exposure. PG - e1006907 LID - 10.1371/journal.pgen.1006907 [doi] LID - e1006907 AB - The genetic factors that give rise to variation in susceptibility to environmental toxins remain largely unexplored. Studies on genetic variation in susceptibility to environmental toxins are challenging in human populations, due to the variety of clinical symptoms and difficulty in determining which symptoms causally result from toxic exposure; uncontrolled environments, often with exposure to multiple toxicants; and difficulty in relating phenotypic effect size to toxic dose, especially when symptoms become manifest with a substantial time lag. Drosophila melanogaster is a powerful model that enables genome-wide studies for the identification of allelic variants that contribute to variation in susceptibility to environmental toxins, since the genetic background, environmental rearing conditions and toxic exposure can be precisely controlled. Here, we used extreme QTL mapping in an outbred population derived from the D. melanogaster Genetic Reference Panel to identify alleles associated with resistance to lead and/or cadmium, two ubiquitous environmental toxins that present serious health risks. We identified single nucleotide polymorphisms (SNPs) associated with variation in resistance to both heavy metals as well as SNPs associated with resistance specific to each of them. The effects of these SNPs were largely sex-specific. We applied mutational and RNAi analyses to 33 candidate genes and functionally validated 28 of them. We constructed networks of candidate genes as blueprints for orthologous networks of human genes. The latter not only provided functional contexts for known human targets of heavy metal toxicity, but also implicated novel candidate susceptibility genes. These studies validate Drosophila as a translational toxicogenomics gene discovery system. FAU - Zhou, Shanshan AU - Zhou S AUID- ORCID: 0000-0001-8861-096X AD - Program in Genetics, W. M. Keck Center for Behavioral Biology, and Department of Biological Sciences, North Carolina State University, Raleigh, North Carolina, United States of America. FAU - Luoma, Sarah E AU - Luoma SE AD - Program in Genetics, W. M. Keck Center for Behavioral Biology, and Department of Biological Sciences, North Carolina State University, Raleigh, North Carolina, United States of America. FAU - St Armour, Genevieve E AU - St Armour GE AD - Program in Genetics, W. M. Keck Center for Behavioral Biology, and Department of Biological Sciences, North Carolina State University, Raleigh, North Carolina, United States of America. FAU - Thakkar, Esha AU - Thakkar E AD - Enloe Magnet High School, Raleigh, North Carolina, United States of America. FAU - Mackay, Trudy F C AU - Mackay TFC AUID- ORCID: 0000-0002-2312-7245 AD - Program in Genetics, W. M. Keck Center for Behavioral Biology, and Department of Biological Sciences, North Carolina State University, Raleigh, North Carolina, United States of America. FAU - Anholt, Robert R H AU - Anholt RRH AUID- ORCID: 0000-0001-7196-8324 AD - Program in Genetics, W. M. Keck Center for Behavioral Biology, and Department of Biological Sciences, North Carolina State University, Raleigh, North Carolina, United States of America. LA - eng GR - R01 AA016560/AA/NIAAA NIH HHS/United States GR - R01 AG043490/AG/NIA NIH HHS/United States GR - R01 GM059469/GM/NIGMS NIH HHS/United States PT - Journal Article DEP - 20170721 PL - United States TA - PLoS Genet JT - PLoS genetics JID - 101239074 RN - 0 (Metals, Heavy) SB - IM MH - Animals MH - Drosophila melanogaster/drug effects/*genetics MH - Drug Resistance/*genetics MH - Female MH - Genetic Predisposition to Disease MH - *Genome-Wide Association Study MH - Humans MH - Male MH - Metals, Heavy/toxicity MH - Mutation MH - Polymorphism, Single Nucleotide/genetics MH - Quantitative Trait Loci/*genetics MH - Sex Characteristics MH - Toxicogenetics PMC - PMC5544243 COIS- The authors have declared that no competing interests exist. EDAT- 2017/07/22 06:00 MHDA- 2017/08/23 06:00 PMCR- 2017/07/21 CRDT- 2017/07/22 06:00 PHST- 2017/01/26 00:00 [received] PHST- 2017/07/06 00:00 [accepted] PHST- 2017/08/04 00:00 [revised] PHST- 2017/07/22 06:00 [pubmed] PHST- 2017/08/23 06:00 [medline] PHST- 2017/07/22 06:00 [entrez] PHST- 2017/07/21 00:00 [pmc-release] AID - PGENETICS-D-17-00184 [pii] AID - 10.1371/journal.pgen.1006907 [doi] PST - epublish SO - PLoS Genet. 2017 Jul 21;13(7):e1006907. doi: 10.1371/journal.pgen.1006907. eCollection 2017 Jul."
35,363,Europe PMC,Cd,"""Drosophila melanogaster"" cadmium toxicogenomics",28732062,10.1371/journal.pgen.1006907,pmc5544243,A Drosophila model for toxicogenomics: Genetic variation in susceptibility to heavy metal exposure.
36,36,PubMed,Pb,"""Drosophila melanogaster"" lead neurotoxicity",41692328,10.1016/j.neuro.2026.103407,,"Nanoplastics exacerbate lead exposure-induced developmental neurotoxicity by disrupting gut integrity in Drosophila. PG - 103407 LID - S0161-813X(26)00028-8 [pii] LID - 10.1016/j.neuro.2026.103407 [doi] AB - Lead (Pb), a neurotoxic heavy metal, can accumulate in the central nervous system (CNS) by crossing the blood-brain barrier and cause damage, while micro-nanoplastics (MNPs) are known to absorb Pb and enhance its toxicity. However, the synergistic effects of co-exposure on neurodevelopment remain unclear. This study established a Drosophila model to systematically evaluate the neurodevelopmental toxicity of combined nanoplastics (NPs) and Pb exposure. Behavioral tests revealed that co-exposure significantly exacerbated learning and memory deficits compared to Pb exposure alone, accompanied by reduced pupation and eclosion rates, as well as delayed development. Female flies showed decreased survival rates and more severe impairments in climbing and motor activity. Mechanistic investigations indicated that co-exposure promoted Pb accumulation in neural tissues, aggravated oxidative stress (elevated SOD activity, decreased CAT activity, and increased MDA levels), disrupted neuromuscular junction (NMJ) development and Mushroom body (MB) axon guidance, and induced intestinal damage (increased epithelial cell mortality and microvilli structural abnormalities). This study demonstrates that NPs synergistically enhance Pb-induced neurodevelopmental toxicity through multiple pathways, providing critical toxicological evidence for the health risks of environmental composite pollutants. CI - Copyright (c) 2026 Elsevier B.V. All rights reserved. FAU - Luo, Xiaoxiao AU - Luo X AD - The Key Laboratory of Modern Toxicology of Ministry of Education, Department of Toxicology, School of Public Health, Nanjing Medical University, Nanjing 211166, China. FAU - Zhang, Ke AU - Zhang K AD - The Key Laboratory of Modern Toxicology of Ministry of Education, Department of Toxicology, School of Public Health, Nanjing Medical University, Nanjing 211166, China. FAU - Chen, Kaishun AU - Chen K AD - The second Clinical Medical School, Nanjing Medical University, Nanjing 211166, China. FAU - Pan, Jiangyan AU - Pan J AD - The Key Laboratory of Modern Toxicology of Ministry of Education, Department of Toxicology, School of Public Health, Nanjing Medical University, Nanjing 211166, China. FAU - Ding, Yiming AU - Ding Y AD - The First Clinical Medical School, Nanjing Medical University, Nanjing 211166, China. FAU - Zhang, Xiaoyan AU - Zhang X AD - The Key Laboratory of Modern Toxicology of Ministry of Education, Department of Toxicology, School of Public Health, Nanjing Medical University, Nanjing 211166, China. FAU - Li, Qian AU - Li Q AD - Department of Neurobiology, School of Basic Medical Sciences, Nanjing Medical University, Nanjing 211166, China. FAU - Sun, Mingkuan AU - Sun M AD - The Key Laboratory of Modern Toxicology of Ministry of Education, Department of Toxicology, School of Public Health, Nanjing Medical University, Nanjing 211166, China. Electronic address: sunmk@njmu.edu.cn. LA - eng PT - Journal Article DEP - 20260213 PL - Netherlands TA - Neurotoxicology JT - Neurotoxicology JID - 7905589 RN - 2P299V784P (Lead) RN - 0 (Microplastics) SB - IM MH - Animals MH - *Lead/toxicity MH - Female MH - Drosophila melanogaster MH - Oxidative Stress/drug effects MH - *Microplastics/toxicity MH - Neuromuscular Junction/drug effects MH - Behavior, Animal/drug effects MH - Male MH - Mushroom Bodies/drug effects OTO - NOTNLM OT - Drosophila OT - Gut damage OT - Lead OT - Learning and memory OT - Nanoplastics COIS- Declaration of Competing Interest The authors declare that they have no known competing financial interests or personal relationships that could have appeared to influence the work reported in this paper. EDAT- 2026/02/16 00:31 MHDA- 2026/03/14 06:33 CRDT- 2026/02/15 19:32 PHST- 2025/09/22 00:00 [received] PHST- 2026/02/11 00:00 [revised] PHST- 2026/02/12 00:00 [accepted] PHST- 2026/03/14 06:33 [medline] PHST- 2026/02/16 00:31 [pubmed] PHST- 2026/02/15 19:32 [entrez] AID - S0161-813X(26)00028-8 [pii] AID - 10.1016/j.neuro.2026.103407 [doi] PST - ppublish SO - Neurotoxicology. 2026 Mar;113:103407. doi: 10.1016/j.neuro.2026.103407. Epub 2026 Feb 13."
36,385,Europe PMC,Pb,"""Drosophila melanogaster"" lead neurotoxicity",41692328,10.1016/j.neuro.2026.103407,,Nanoplastics exacerbate lead exposure-induced developmental neurotoxicity by disrupting gut integrity in Drosophila.
37,37,PubMed,Pb,"""Drosophila melanogaster"" lead neurotoxicity",41533031,10.1007/s10522-026-10388-2,,"Geroprotective effects of Salvianolic acid A through redox and detoxification pathway activation in an aging Drosophila Alzheimer's model. PG - 39 LID - 10.1007/s10522-026-10388-2 [doi] LID - 39 AB - Alzheimer's disease (AD) is characterized by the accumulation of amyloid-beta42 (Abeta42) neurotoxic peptides that cause oxidative stress and neurodegeneration. The current study examined the neuroprotective properties of salvianolic acid A (SalA), an antioxidant polyphenol, in a Drosophila melanogaster model of AD. Transgenic flies expressing human Abeta42 were assayed for eye morphology, life span, and locomotor function after SalA diet supplementation. RNA-seq and RT-qPCR were used to quantify transcriptional regulation with SalA treatment. Abeta42 expression resulted in classic AD phenotypes, including retinal degeneration, shortened lifespan, and compromised climbing ability. Partial rescue of the rough-eye phenotype, significant prolongation of lifespan, and improved locomotor function in aging flies were induced by SalA treatment. Transcriptome profiling showed the upregulation of glutathione metabolism-associated, cytochrome P450 activity-associated, and antioxidant defence-associated genes, while muscle development-associated, cell adhesion-associated, and apoptosis-associated genes were downregulated. Network analysis identified a SalA-responsive gene module enriched in detoxification and immune pathways that was conducive to enhanced cellular resistance to Abeta42 toxicity. These findings identify a redox-regulated aging mechanism whereby SalA maintains neuronal and systemic homeostasis during aging. SalA inhibits Abeta42-induced neurotoxicity in Drosophila via promoting redox equilibrium and detoxification. These findings present SalA as a potential multi-target lead drug for AD and other age-related neurodegenerative diseases. CI - (c) 2026. The Author(s). FAU - Tan, Florence Hui Ping AU - Tan FHP AUID- ORCID: 0000-0001-7273-1847 AD - School of Mathematical Sciences, Universiti Sains Malaysia, 11800, Georgetown, Penang, Malaysia. AD - School of Health Sciences, Universiti Sains Malaysia, 16150, Kelantan, Malaysia. AD - School of Biological Sciences, Universiti Sains Malaysia, 11800, Penang, Malaysia. FAU - Najimudin, Nazalan AU - Najimudin N AUID- ORCID: 0000-0002-6009-688X AD - School of Biological Sciences, Universiti Sains Malaysia, 11800, Penang, Malaysia. FAU - Azzam, Ghows AU - Azzam G AUID- ORCID: 0000-0001-5352-8675 AD - School of Biological Sciences, Universiti Sains Malaysia, 11800, Penang, Malaysia. FAU - Zainuddin, Azalina AU - Zainuddin A AUID- ORCID: 0000-0003-2274-9787 AD - Department of Chemical Pathology, School of Medical Sciences, Universiti Sains Malaysia, 16150, Kelantan, Malaysia. FAU - Shamsuddin, Shaharum AU - Shamsuddin S AUID- ORCID: 0000-0001-9997-7740 AD - School of Health Sciences, Universiti Sains Malaysia, 16150, Kelantan, Malaysia. AD - Nanobiotech Research Initiative, Institute for Research in Molecular Medicine (INFORMM), Universiti Sains Malaysia, 11800, Penang, Malaysia. FAU - Mohd Kasihmuddin, Mohd Shareduwan AU - Mohd Kasihmuddin MS AUID- ORCID: 0000-0001-9125-1101 AD - School of Mathematical Sciences, Universiti Sains Malaysia, 11800, Georgetown, Penang, Malaysia. shareduwan@usm.my. LA - eng PT - Journal Article DEP - 20260114 PL - Netherlands TA - Biogerontology JT - Biogerontology JID - 100930043 RN - 51622542XO (salvianolic acid A) RN - 0 (Amyloid beta-Peptides) RN - 0 (Caffeic Acids) RN - 0 (Lactates) RN - 0 (Neuroprotective Agents) RN - 0 (amyloid beta-protein (1-42)) RN - 0 (Peptide Fragments) SB - IM EIN - Biogerontology. 2026 Feb 4;27(1):45. doi: 10.1007/s10522-026-10396-2. PMID: 41636859 MH - Animals MH - *Alzheimer Disease/metabolism/drug therapy/genetics MH - Drosophila melanogaster MH - Disease Models, Animal MH - *Aging/drug effects/metabolism MH - Oxidation-Reduction MH - Animals, Genetically Modified MH - Oxidative Stress/drug effects MH - Amyloid beta-Peptides/metabolism/genetics MH - *Caffeic Acids/pharmacology MH - *Lactates/pharmacology MH - Humans MH - *Neuroprotective Agents/pharmacology MH - Longevity/drug effects MH - Peptide Fragments PMC - PMC12804309 OTO - NOTNLM OT - Drosophila melanogaster OT - Alzheimer's disease OT - Abeta42 OT - Glutathione metabolism OT - Neuroprotection OT - Oxidative stress OT - Salvianolic acid A OT - Transcriptomics COIS- Declarations. Conflict of interest: The authors declare that they have no known competing financial interests or personal relationships that could have appeared to influence the work reported in this paper. EDAT- 2026/01/14 12:31 MHDA- 2026/01/14 12:32 PMCR- 2026/01/14 CRDT- 2026/01/14 11:05 PHST- 2025/11/23 00:00 [received] PHST- 2026/01/06 00:00 [accepted] PHST- 2026/01/14 12:32 [medline] PHST- 2026/01/14 12:31 [pubmed] PHST- 2026/01/14 11:05 [entrez] PHST- 2026/01/14 00:00 [pmc-release] AID - 10.1007/s10522-026-10388-2 [pii] AID - 10388 [pii] AID - 10.1007/s10522-026-10388-2 [doi] PST - epublish SO - Biogerontology. 2026 Jan 14;27(1):39. doi: 10.1007/s10522-026-10388-2."
37,388,Europe PMC,Pb,"""Drosophila melanogaster"" lead neurotoxicity",41533031,10.1007/s10522-026-10388-2,pmc12804309,Geroprotective effects of Salvianolic acid A through redox and detoxification pathway activation in an aging Drosophila Alzheimer's model.
40,40,PubMed,Pb,"""Drosophila melanogaster"" lead neurotoxicity",38237395,10.1016/j.ecoenv.2024.115991,,"Lead exposure induced transgenerational developmental neurotoxicity by altering genome methylation in Drosophila melanogaster. PG - 115991 LID - S0147-6513(24)00066-6 [pii] LID - 10.1016/j.ecoenv.2024.115991 [doi] AB - Heavy metal toxicity is a significant global health concern, with particular attention given to lead (Pb) exposure due to its adverse effects on cognitive development, especially in children exposed to low concentrations. While Pb neurotoxicity has been extensively studied, the analysis and molecular mechanisms underlying the transgenerational effects of Pb exposure-induced neurotoxicity remain poorly understood. In this study, we utilized Drosophila, a powerful developmental animal model, to investigate this phenomenon. Our findings demonstrated that Pb exposure during the developmental stage had a profound effect on the neurodevelopment of F0 fruit flies. Specifically, we observed a loss of correlation between the terminal motor area and muscle fiber area, along with an increased frequency of the beta-lobe midline crossing phenotype in mushroom bodies. Western blot analysis indicated altered expression levels of synaptic vesicle proteins, with a decrease in Synapsin (SYN) and an increase in Bruchpilot (BRP) expression, suggesting changes in synaptic vesicle release sites. These findings were corroborated by electrophysiological data, showing an increase in the amplitude of evoked excitatory junctional potential (EJP) and an increase in the frequency of spontaneous excitatory junctional potential (mEJP) following Pb exposure. Importantly, our results further confirmed that the developmental neurotoxicity resulting from grandparental Pb exposure exhibited a transgenerational effect. The F3 offspring displayed neurodevelopmental defects, synaptic function abnormalities, and repetitive behavior despite lacking direct Pb exposure. Our MeDIP-seq analysis further revealed significant alterations in DNA methylation levels in several neurodevelopmental associated genes (eagle, happyhour, neuroglian, bazooka, and spinophilin) in the F3 offspring exposed to Pb. These findings suggest that DNA methylation modifications may underlie the inheritance of acquired phenotypic traits resulting from environmental Pb exposure. CI - Copyright (c) 2024 The Authors. Published by Elsevier Inc. All rights reserved. FAU - Wu, Chunyan AU - Wu C AD - The Key Laboratory of Modern Toxicology, Ministry of Education, School of Public Health, Nanjing Medical University, Nanjing 211166, China. FAU - Wang, Jie AU - Wang J AD - The Key Laboratory of Modern Toxicology, Ministry of Education, School of Public Health, Nanjing Medical University, Nanjing 211166, China. FAU - Luo, Xiaoxiao AU - Luo X AD - The Key Laboratory of Modern Toxicology, Ministry of Education, School of Public Health, Nanjing Medical University, Nanjing 211166, China. FAU - Wang, Binquan AU - Wang B AD - The Key Laboratory of Modern Toxicology, Ministry of Education, School of Public Health, Nanjing Medical University, Nanjing 211166, China. FAU - Zhang, Xing AU - Zhang X AD - The Key Laboratory of Modern Toxicology, Ministry of Education, School of Public Health, Nanjing Medical University, Nanjing 211166, China. FAU - Song, Yuanyuan AU - Song Y AD - The Key Laboratory of Modern Toxicology, Ministry of Education, School of Public Health, Nanjing Medical University, Nanjing 211166, China. FAU - Zhang, Ke AU - Zhang K AD - The Key Laboratory of Modern Toxicology, Ministry of Education, School of Public Health, Nanjing Medical University, Nanjing 211166, China. FAU - Zhang, Xiaoyan AU - Zhang X AD - The Key Laboratory of Modern Toxicology, Ministry of Education, School of Public Health, Nanjing Medical University, Nanjing 211166, China. FAU - Sun, Mingkuan AU - Sun M AD - The Key Laboratory of Modern Toxicology, Ministry of Education, School of Public Health, Nanjing Medical University, Nanjing 211166, China. Electronic address: sunmk@njmu.edu.cn. LA - eng PT - Journal Article DEP - 20240117 PL - Netherlands TA - Ecotoxicol Environ Saf JT - Ecotoxicology and environmental safety JID - 7805381 RN - 2P299V784P (Lead) SB - IM MH - Animals MH - Child MH - Humans MH - *Drosophila melanogaster MH - Lead/metabolism MH - DNA Methylation MH - *Neurotoxicity Syndromes/genetics MH - Genome OTO - NOTNLM OT - DNA methylation OT - Drosophila OT - MeDIP-seq OT - Pb neurotoxicity OT - Transgenerational effects COIS- Declaration of Competing Interest The authors declare that they have no known competing financial interests or personal relationships that could have appeared to influence the work reported in this paper. EDAT- 2024/01/19 00:42 MHDA- 2024/02/05 06:42 CRDT- 2024/01/18 18:09 PHST- 2023/09/13 00:00 [received] PHST- 2024/01/10 00:00 [revised] PHST- 2024/01/13 00:00 [accepted] PHST- 2024/02/05 06:42 [medline] PHST- 2024/01/19 00:42 [pubmed] PHST- 2024/01/18 18:09 [entrez] AID - S0147-6513(24)00066-6 [pii] AID - 10.1016/j.ecoenv.2024.115991 [doi] PST - ppublish SO - Ecotoxicol Environ Saf. 2024 Feb;271:115991. doi: 10.1016/j.ecoenv.2024.115991. Epub 2024 Jan 17."
40,395,Europe PMC,Pb,"""Drosophila melanogaster"" lead neurotoxicity",38237395,10.1016/j.ecoenv.2024.115991,,Lead exposure induced transgenerational developmental neurotoxicity by altering genome methylation in Drosophila melanogaster.
53,53,PubMed,Pb,"""Drosophila melanogaster"" lead neurotoxicity",22586431,10.3389/fgene.2012.00068,,"Drosophila melanogaster as a model for lead neurotoxicology and toxicogenomics research. PG - 68 LID - 10.3389/fgene.2012.00068 [doi] LID - 68 AB - Drosophila melanogaster is an excellent model animal for studying the neurotoxicology of lead. It has been known since ancient Roman times that long-term exposure to low levels of lead results in behavioral abnormalities, such as what is now known as attention deficit hyperactivity disorder (ADHD). Because lead alters mechanisms that underlie developmental neuronal plasticity, chronic exposure of children, even at blood lead levels below the current CDC community action level (10 mug/dl), can result in reduced cognitive ability, increased likelihood of delinquency, behaviors associated with ADHD, changes in activity level, altered sensory function, delayed onset of sexual maturity in girls, and changes in immune function. In order to better understand how lead affects neuronal plasticity, we will describe recent findings from a Drosophila behavioral genetics laboratory, a Drosophila neurophysiology laboratory, and a Drosophila quantitative genetics laboratory who have joined forces to study the effects of lead on the Drosophila nervous system. Studying the effects of lead on Drosophila nervous system development will give us a better understanding of the mechanisms of Pb neurotoxicity in the developing human nervous system. FAU - Hirsch, Helmut V B AU - Hirsch HV AD - Department of Biological Sciences, University at Albany, State University of New York, Albany, NY, USA. FAU - Lnenicka, Gregory AU - Lnenicka G FAU - Possidente, Debra AU - Possidente D FAU - Possidente, Bernard AU - Possidente B FAU - Garfinkel, Mark D AU - Garfinkel MD FAU - Wang, Luan AU - Wang L FAU - Lu, Xiangyi AU - Lu X FAU - Ruden, Douglas M AU - Ruden DM LA - eng GR - R01 DK071073/DK/NIDDK NIH HHS/United States GR - R01 ES012933/ES/NIEHS NIH HHS/United States GR - R21 ES021983/ES/NIEHS NIH HHS/United States PT - Journal Article DEP - 20120504 PL - Switzerland TA - Front Genet JT - Frontiers in genetics JID - 101560621 PMC - PMC3343274 OTO - NOTNLM OT - toxicology OT - Drosophila OT - behavioral toxicology OT - toxicogenomics EDAT- 2012/05/16 06:00 MHDA- 2012/05/16 06:01 PMCR- 2012/05/04 CRDT- 2012/05/16 06:00 PHST- 2012/02/29 00:00 [received] PHST- 2012/04/09 00:00 [accepted] PHST- 2012/05/16 06:00 [entrez] PHST- 2012/05/16 06:00 [pubmed] PHST- 2012/05/16 06:01 [medline] PHST- 2012/05/04 00:00 [pmc-release] AID - 10.3389/fgene.2012.00068 [doi] PST - epublish SO - Front Genet. 2012 May 4;3:68. doi: 10.3389/fgene.2012.00068. eCollection 2012."
53,454,Europe PMC,Pb,"""Drosophila melanogaster"" lead toxicogenomics",22586431,10.3389/fgene.2012.00068,pmc3343274,Drosophila melanogaster as a model for lead neurotoxicology and toxicogenomics research.
60,60,PubMed,Pb,"""Drosophila melanogaster"" lead gene expression",41500834,10.1523/eneuro.0051-25.2025,,"The E-Protein Daughterless Regulates Olfactory Learning of Adult Drosophila melanogaster. LID - ENEURO.0051-25.2025 [pii] LID - 10.1523/ENEURO.0051-25.2025 [doi] AB - Daughterless (Da), the Drosophila melanogaster homolog of mammalian E-protein transcription factor 4 (TCF4), is well studied in fruit fly embryonic development but its functions in adult nervous system are poorly understood. Mutations in human TCF4 gene lead to intellectual disabilities such as Pitt-Hopkins syndrome and TCF4 has also been linked to schizophrenia. Here, to explore the roles of Da in the Drosophila mature brain, we map Da DNA binding sites and study the transcriptomics of the brains where Da function is inhibited by pan-neuronal Extramacrohaete (Emc) overexpression, in both male and female Drosophila Our transcriptome analyses reveal that in the adult brain Da regulates the expression of genes involved in behavior, memory, synaptic signaling, protein translation, and metabolic processes. Moreover, combining the RNA sequencing data with Da ChIP sequencing results indicates that genes associated with neuronal projection guidance, metabolism, and translation are direct targets of Da. In addition, we validate the involvement of Da in memory formation. Overall, our results provide valuable information about the functions of Da in the adult brain and aid in better understanding the mechanisms of TCF4-related disorders. CI - Copyright (c) 2026 Tamberg et al. FAU - Tamberg, Laura AU - Tamberg L AUID- ORCID: 0000-0002-7878-4218 AD - Department of Chemistry and Biotechnology, Tallinn University of Technology, Tallinn 12618, Harjumaa, Estonia laura.tamberg@taltech.ee tonis.timmusk@taltech.ee. FAU - Kiir, Carl Sander AU - Kiir CS AD - Department of Chemistry and Biotechnology, Tallinn University of Technology, Tallinn 12618, Harjumaa, Estonia. FAU - Tuvikene, Jurgen AU - Tuvikene J AD - Department of Chemistry and Biotechnology, Tallinn University of Technology, Tallinn 12618, Harjumaa, Estonia. AD - Protobios LLC, Tallinn 12618, Harjumaa, Estonia. FAU - Rannaste, Kathy AU - Rannaste K AD - Department of Chemistry and Biotechnology, Tallinn University of Technology, Tallinn 12618, Harjumaa, Estonia. FAU - Palgi, Mari AU - Palgi M AD - Department of Chemistry and Biotechnology, Tallinn University of Technology, Tallinn 12618, Harjumaa, Estonia. FAU - Koppel, Indrek AU - Koppel I AD - Department of Chemistry and Biotechnology, Tallinn University of Technology, Tallinn 12618, Harjumaa, Estonia. FAU - Timmusk, Tonis AU - Timmusk T AD - Department of Chemistry and Biotechnology, Tallinn University of Technology, Tallinn 12618, Harjumaa, Estonia laura.tamberg@taltech.ee tonis.timmusk@taltech.ee. AD - Protobios LLC, Tallinn 12618, Harjumaa, Estonia. LA - eng PT - Journal Article DEP - 20260126 PL - United States TA - eNeuro JT - eNeuro JID - 101647362 RN - 0 (Drosophila Proteins) RN - 0 (Transcription Factors) SB - IM MH - Animals MH - Drosophila melanogaster MH - *Drosophila Proteins/metabolism/genetics MH - Male MH - Female MH - *Brain/metabolism MH - *Learning/physiology MH - Animals, Genetically Modified MH - Transcriptome MH - *Olfactory Perception/physiology MH - Memory/physiology MH - *Smell/physiology MH - Transcription Factors/metabolism PMC - PMC12834652 OTO - NOTNLM OT - ChIP sequencing OT - Daughterless OT - Drosophila melanogaster OT - E-protein OT - memory OT - transcriptomics COIS- The authors declare no competing financial interests. EDAT- 2026/01/08 00:26 MHDA- 2026/01/27 00:52 PMCR- 2026/01/20 CRDT- 2026/01/07 21:33 PHST- 2025/01/28 00:00 [received] PHST- 2025/12/10 00:00 [revised] PHST- 2025/12/11 00:00 [accepted] PHST- 2026/01/27 00:52 [medline] PHST- 2026/01/08 00:26 [pubmed] PHST- 2026/01/07 21:33 [entrez] PHST- 2026/01/20 00:00 [pmc-release] AID - ENEURO.0051-25.2025 [pii] AID - eneuro-13-ENEURO.0051-25.2025 [pii] AID - 10.1523/ENEURO.0051-25.2025 [doi] PST - epublish SO - eNeuro. 2026 Jan 26;13(1):ENEURO.0051-25.2025. doi: 10.1523/ENEURO.0051-25.2025. Print 2026 Jan."
60,427,Europe PMC,Pb,"""Drosophila melanogaster"" lead gene expression",41500834,10.1523/eneuro.0051-25.2025,pmc12834652,The E-Protein Daughterless Regulates Olfactory Learning of Adult <i>Drosophila melanogaster</i>.
62,62,PubMed,Pb,"""Drosophila melanogaster"" lead gene expression",41135857,10.1016/j.yexcr.2025.114808,,"Developmental delay in DCP2(l(3)tb) of Drosophila melanogaster is due to disruption in the regulation of ecdysone signaling. PG - 114808 LID - S0014-4827(25)00408-2 [pii] LID - 10.1016/j.yexcr.2025.114808 [doi] AB - The balance between mRNA synthesis and degradation plays an important role in gene regulation, their perturbation can lead to deleterious consequences to the cell. In eukaryotes, mRNA is degraded by a decapping protein-2 (DCP2). A hypomorph mutant allele of DCP2, DCP2(l(3)tb), identified in our lab, shows delayed moulting, pupariation and absolute lethality in pupal stages. In Drosophila, moulting and pupariation are primarily regulated by ecdysone which is modulated by a few regulators synthesized by the larval brain, some are stimulatory such as Prothoracicotropic hormone (PTTH) and Drosophila insulin-like peptides (Dilps); whereas some are inhibitory, such as Lgr3-expressing neurons. We aimed to investigate the cause of the delay in moulting and pupariation in DCP2(l(3)tb) homozygous mutants. Through our RNA Seq data, we found downregulated expression of brain-derived neuropeptides such as PTTH and Dilps which were further confirmed and validated through qRT-PCR and semiquantitative PCR. Furthermore, we assessed the mRNA level of Lgr3 which was found to be upregulated in the larval CNS of DCP2(l(3)tb) homozygotes suggesting insufficient production of stimulatory modulators. Further, providing 20H-ecdysone exogenously through diet, curtailed the extended larval life. We propose that the larval CNS of DCP2(l(3)tb) homozygotes produces insufficient brain-derived neuropeptides to stimulate the prothoracic gland to synthesize the ecdysone required for moulting and metamorphosis. CI - Copyright (c) 2025. Published by Elsevier Inc. FAU - Chaudhary, Govind R AU - Chaudhary GR AD - Cytogenetics Laboratory, Department of Zoology, Banaras Hindu University, Varanasi, 221005, India. FAU - Yadav, Vaishali AU - Yadav V AD - Cytogenetics Laboratory, Department of Zoology, Banaras Hindu University, Varanasi, 221005, India. FAU - Roy, Jagat Kumar AU - Roy JK AD - Cytogenetics Laboratory, Department of Zoology, Banaras Hindu University, Varanasi, 221005, India. Electronic address: jkroy@bhu.ac.in. LA - eng PT - Journal Article DEP - 20251022 PL - United States TA - Exp Cell Res JT - Experimental cell research JID - 0373226 RN - 0 (Drosophila Proteins) RN - 3604-87-3 (Ecdysone) RN - 0 (Neuropeptides) RN - 0 (Insect Hormones) SB - IM MH - Animals MH - *Drosophila melanogaster/growth & development/genetics/metabolism MH - *Drosophila Proteins/genetics/metabolism MH - *Ecdysone/metabolism/genetics MH - *Signal Transduction MH - Gene Expression Regulation, Developmental MH - Larva/growth & development/metabolism/genetics MH - Molting/genetics MH - Neuropeptides/metabolism/genetics MH - Mutation MH - Pupa/growth & development/genetics MH - Brain/metabolism MH - Insect Hormones/genetics/metabolism OTO - NOTNLM OT - DCP2 OT - Ecdysone OT - Hormone OT - Metamorphosis OT - Transcripts OT - mRNA COIS- Declaration of competing interest The authors declare no competing or financial interests. EDAT- 2025/10/25 00:30 MHDA- 2025/11/14 00:28 CRDT- 2025/10/24 19:40 PHST- 2024/11/02 00:00 [received] PHST- 2025/10/17 00:00 [revised] PHST- 2025/10/21 00:00 [accepted] PHST- 2025/11/14 00:28 [medline] PHST- 2025/10/25 00:30 [pubmed] PHST- 2025/10/24 19:40 [entrez] AID - S0014-4827(25)00408-2 [pii] AID - 10.1016/j.yexcr.2025.114808 [doi] PST - ppublish SO - Exp Cell Res. 2025 Dec 1;453(2):114808. doi: 10.1016/j.yexcr.2025.114808. Epub 2025 Oct 22."
62,424,Europe PMC,Pb,"""Drosophila melanogaster"" lead gene expression",41135857,10.1016/j.yexcr.2025.114808,,Developmental delay in DCP2&lt;sup&gt;l(3)tb&lt;/sup&gt; of Drosophila melanogaster is due to disruption in the regulation of ecdysone signaling.
88,88,PubMed,Pb,"""Drosophila melanogaster"" lead toxicogenomics",30294342,10.3389/fgene.2018.00395,,"Lead Modulates trans- and cis-Expression Quantitative Trait Loci (eQTLs) in Drosophila melanogaster Heads. PG - 395 LID - 10.3389/fgene.2018.00395 [doi] LID - 395 AB - Lead exposure has long been one of the most important topics in global public health because it is a potent developmental neurotoxin. Here, an eQTL analysis, which is the genome-wide association analysis of genetic variants with gene expression, was performed. In this analysis, the male heads of 79 Drosophila melanogaster inbred lines from Drosophila Synthetic Population Resource (DSPR) were treated with or without developmental exposure, from hatching to adults, to 250 muM lead acetate [Pb(C(2)H(3)O(2))(2)]. The goal was to identify genomic intervals that influence the gene-expression response to lead. After detecting 1798 cis-eQTLs and performing an initial trans-eQTL analysis, we focused our analysis on lead-sensitive ""trans-eQTL hotspots,"" defined as genomic regions that are associated with a cluster of genes in a lead-dependent manner. We noticed that the genes associated with one of the 14 detected trans-eQTL hotspots, Chr 2L: 6,250,000 could be roughly divided into two groups based on their differential expression profile patterns and different categories of function. This trans-eQTL hotspot validates one identified in a previous study using different recombinant inbred lines. The expression of all the associated genes in the trans-eQTL hotspot was visualized with hierarchical clustering analysis. Besides the overall expression profile patterns, the heatmap displayed the segregation of differential parental genetic contributions. This suggested that trans-regulatory regions with different genetic contributions from the parental lines have significantly different expression changes after lead exposure. We believe this study confirms our earlier study, and provides important insights to unravel the genetic variation in lead susceptibility in Drosophila model. FAU - Qu, Wen AU - Qu W AD - Department of Pharmacology, Wayne State University, Detroit, MI, United States. FAU - Gurdziel, Katherine AU - Gurdziel K AD - Department of Obstetrics and Gynecology, Wayne State University, Detroit, MI, United States. FAU - Pique-Regi, Roger AU - Pique-Regi R AD - Department of Obstetrics and Gynecology, Wayne State University, Detroit, MI, United States. AD - Center for Molecular Medicine and Genetics, Wayne State University, Detroit, MI, United States. FAU - Ruden, Douglas M AU - Ruden DM AD - Department of Pharmacology, Wayne State University, Detroit, MI, United States. AD - Department of Obstetrics and Gynecology, Wayne State University, Detroit, MI, United States. AD - Institute of Environmental Health Sciences, Wayne State University, Detroit, MI, United States. LA - eng GR - UH3 OD023285/OD/NIH HHS/United States GR - R01 GM109215/GM/NIGMS NIH HHS/United States GR - R01 ES012933/ES/NIEHS NIH HHS/United States GR - S10 OD025170/OD/NIH HHS/United States GR - P30 ES020957/ES/NIEHS NIH HHS/United States GR - R21 ES021983/ES/NIEHS NIH HHS/United States GR - UG3 OD023285/OD/NIH HHS/United States PT - Journal Article DEP - 20180920 PL - Switzerland TA - Front Genet JT - Frontiers in genetics JID - 101560621 PMC - PMC6158337 OTO - NOTNLM OT - Drosophila melanogaster OT - Drosophila synthetic population resource (DSPR) OT - RNA-seq OT - developmental lead exposure OT - expression quantitative trait loci (eQTL) OT - toxicogenomics EDAT- 2018/10/09 06:00 MHDA- 2018/10/09 06:01 PMCR- 2018/09/20 CRDT- 2018/10/09 06:00 PHST- 2018/05/01 00:00 [received] PHST- 2018/08/30 00:00 [accepted] PHST- 2018/10/09 06:00 [entrez] PHST- 2018/10/09 06:00 [pubmed] PHST- 2018/10/09 06:01 [medline] PHST- 2018/09/20 00:00 [pmc-release] AID - 10.3389/fgene.2018.00395 [doi] PST - epublish SO - Front Genet. 2018 Sep 20;9:395. doi: 10.3389/fgene.2018.00395. eCollection 2018."
88,446,Europe PMC,Pb,"""Drosophila melanogaster"" lead toxicogenomics",30294342,10.3389/fgene.2018.00395,pmc6158337,Lead Modulates <i>trans-</i> and <i>cis-</i>Expression Quantitative Trait Loci (eQTLs) in <i>Drosophila melanogaster</i> Heads.
89,89,PubMed,Pb,"""Drosophila melanogaster"" lead toxicogenomics",29114259,10.3389/fgene.2017.00145,,"Identification of Splicing Quantitative Trait Loci (sQTL) in Drosophila melanogaster with Developmental Lead (Pb(2+)) Exposure. PG - 145 LID - 10.3389/fgene.2017.00145 [doi] LID - 145 AB - Lead (Pb) poisoning has been a major public health issue globally and the recent Flint water crisis has drawn nation-wide attention to its effects. To better understand how lead plays a role as a neurotoxin, we utilized the Drosophila melanogaster model to study the genetic effects of lead exposure during development and identified lead-responsive genes. In our previous studies, we have successfully identified hundreds of lead-responsive expression QTLs (eQTLs) by using RNA-seq analysis on heads collected from the Drosophila Synthetic Population Resource. Cis-eQTLs, also known as allele-specific expression (ASE) polymorphisms, are generally single-nucleotide polymorphisms in the promoter regions of genes that affect expression of the gene, such as by inhibiting the binding of transcription factors. Trans-eQTLs are genes that regulate mRNA levels for many genes, and are generally thought to be SNPs in trans-acting transcription or translation factors. In this study, we focused our attention on alternative splicing events that are affected by lead exposure. Splicing QTLs (sQTLs), which can be caused by SNPs that alter splicing or alternative splicing (AS), such as by changing the sequence-specific binding affinity of splicing factors to the pre-mRNA. We applied two methods in search for sQTLs by using RNA-seq data from control and lead-exposed w(1118)Drosophila heads. First, we used the fraction of reads in a gene that falls in each exon as the phenotype. Second, we directly compared the transcript counts among the various splicing isoforms as the phenotype. Among the 1,236 potential Pb-responsive sQTLs (p < 0.0001, FDR < 0.39), mostly cis-sQTLs, one of the most distinct genes is Dscam1 (Down Syndrome Cell Adhesion Molecule), which has over 30,000 potential alternative splicing isoforms. We have also identified a candidate Pb-responsive trans-sQTL hotspot that appears to regulate 129 genes that are enriched in the ""cation channel"" gene ontology category, suggesting a model in which alternative splicing of these channels might lead to an increase in the elimination of Pb(2+) from the neurons encoding these channels. To our knowledge, this is the first paper that uses sQTL analyses to understand the neurotoxicology of an environmental toxin in any organism, and the first reported discovery of a candidate trans-sQTL hotspot. FAU - Qu, Wen AU - Qu W AD - Laboratory of Epigenomics, Department of Pharmacology, C.S. Mott Center for Human Growth and Development, Wayne State University, Detroit, MI, United States. FAU - Gurdziel, Katherine AU - Gurdziel K AD - Department of Obstetrics and Gynecology, Wayne State University, Detroit, MI, United States. FAU - Pique-Regi, Roger AU - Pique-Regi R AD - Center for Molecular Medicine and Genetics, Wayne State University, Detroit, MI, United States. FAU - Ruden, Douglas M AU - Ruden DM AD - Laboratory of Epigenomics, Department of Pharmacology, C.S. Mott Center for Human Growth and Development, Wayne State University, Detroit, MI, United States. AD - Center for Molecular Medicine and Genetics, Wayne State University, Detroit, MI, United States. AD - Institute of Environmental Health Sciences, Wayne State University, Detroit, MI, United States. LA - eng GR - UH3 OD023285/OD/NIH HHS/United States GR - R01 GM109215/GM/NIGMS NIH HHS/United States GR - R01 ES012933/ES/NIEHS NIH HHS/United States GR - S10 OD025170/OD/NIH HHS/United States GR - P30 ES020957/ES/NIEHS NIH HHS/United States GR - R21 ES021983/ES/NIEHS NIH HHS/United States GR - UG3 OD023285/OD/NIH HHS/United States PT - Journal Article DEP - 20171024 PL - Switzerland TA - Front Genet JT - Frontiers in genetics JID - 101560621 PMC - PMC5660682 OTO - NOTNLM OT - Drosophila melanogaster OT - Drosophila synthetic population resource (DSPR) OT - RNA-seq OT - developmental lead exposure OT - splicing quantitative trait loci (sQTL or splice QTL) OT - toxicogenomics EDAT- 2017/11/09 06:00 MHDA- 2017/11/09 06:01 PMCR- 2017/10/24 CRDT- 2017/11/09 06:00 PHST- 2017/08/04 00:00 [received] PHST- 2017/09/22 00:00 [accepted] PHST- 2017/11/09 06:00 [entrez] PHST- 2017/11/09 06:00 [pubmed] PHST- 2017/11/09 06:01 [medline] PHST- 2017/10/24 00:00 [pmc-release] AID - 10.3389/fgene.2017.00145 [doi] PST - epublish SO - Front Genet. 2017 Oct 24;8:145. doi: 10.3389/fgene.2017.00145. eCollection 2017."
89,450,Europe PMC,Pb,"""Drosophila melanogaster"" lead toxicogenomics",29114259,10.3389/fgene.2017.00145,pmc5660682,Identification of Splicing Quantitative Trait Loci (sQTL) in <i>Drosophila melanogaster</i> with Developmental Lead (Pb<sup>2+</sup>) Exposure.
90,90,PubMed,Hg,"""Drosophila melanogaster"" mercury neurotoxicity",39951334,10.1093/toxsci/kfaf018,,"Transcriptomic analysis identifies muscle-specific mitochondrial and vesicular transport genes as methylmercury toxicity targets in a Drosophila model of congenital Minamata disease. PG - 106-123 LID - 10.1093/toxsci/kfaf018 [doi] AB - Prenatal methylmercury (MeHg) exposure presents a heightened concern in early human development, as has been exemplified in historic cases of congenital minimata disease (CMD). Children who experience CMD characteristically present with various degrees of cognitive and motor symptoms and signs, much like cerebral palsy. MeHg has thus been characterized as a neurotoxicant, where motor deficits are ascribed to central nervous system targets. Skeletal muscle as a post-synaptic MeHg target and contributor to the etiology of CMD has garnered far less attention. Prior studies using Drosophila to model CMD revealed that developmental exposure of MeHg in the larval/pupal stages can elicit graded and latent dose responses affecting adult flight behavior at lower doses (0.4-2.5 ppm in food) and eclosion (emergence from the pupa case) at higher doses (>2.5 ppm in food). The latter phenotype is accompanied by dysmorphogenesis of skeletal muscles. Here, we investigate respective roles for muscle and neural targets in MeHg toxicity. Using RNA-seq analysis, we find that developmental MeHg exposure produces 10 times as many differentially expressed transcripts in indirect flight muscle compared to the ventral nerve cord. Among known MeHg response genes, Nrf2 antioxidant response pathway genes showed muscle-specific MeHg-induced expression changes. Within the muscle transcriptome, the most enriched and significant Gene Ontology terms identified genes required for mitochondrial ribosomal translation at the pupa stage and mitochondrial function (respiratory chain complex I) and vesicle trafficking (ESCRT III) pathways in adults, all showing decreased expression with MeHg exposure. By using an intact, whole-animal developmental model, we identify preferential candidates to evaluate a novel role for muscle-specific mitochondria and intercellular vesicular communication mechanisms as targets in MeHg toxicity and the etiology of CMD. CI - (c) The Author(s) 2025. Published by Oxford University Press on behalf of the Society of Toxicology. All rights reserved. For commercial re-use, please contact reprints@oup.com for reprints and translation rights for reprints. All other permissions can be obtained through our RightsLink service via the Permissions link on the article page on our site-for further information please contact journals.permissions@oup.com. FAU - Beamish, Catherine R AU - Beamish CR AD - Department of Environmental Medicine, University of Rochester School of Medicine and Dentistry, Rochester, NY 14620, United States. FAU - Becker, Jennifer AU - Becker J AD - Department of Environmental Medicine, University of Rochester School of Medicine and Dentistry, Rochester, NY 14620, United States. FAU - Tam, Lok Ming AU - Tam LM AD - Department of Environmental Medicine, University of Rochester School of Medicine and Dentistry, Rochester, NY 14620, United States. FAU - Love, Tanzy AU - Love T AUID- ORCID: 0000-0002-7154-0229 AD - Department of Biostatistics and Computational Biology, University of Rochester School of Medicine and Dentistry, Rochester, NY 14642, United States. FAU - Rand, Matthew D AU - Rand MD AUID- ORCID: 0000-0001-7871-0895 AD - Department of Environmental Medicine, University of Rochester School of Medicine and Dentistry, Rochester, NY 14620, United States. LA - eng GR - P30 ES001247/ES/NIEHS NIH HHS/United States GR - T32 GM007356/GM/NIGMS NIH HHS/United States GR - Medical Scientist Training Program/ GR - K12GM106997/IRACDA/ GR - T32 ES007026/ES/NIEHS NIH HHS/United States GR - R01 ES025721/ES/NIEHS NIH HHS/United States GR - K12 GM106997/GM/NIGMS NIH HHS/United States GR - NH/NIH HHS/United States PT - Journal Article PL - United States TA - Toxicol Sci JT - Toxicological sciences : an official journal of the Society of Toxicology JID - 9805461 RN - 0 (Methylmercury Compounds) SB - IM MH - Animals MH - *Methylmercury Compounds/toxicity MH - Disease Models, Animal MH - *Muscle, Skeletal/drug effects/metabolism MH - Gene Expression Profiling MH - *Transcriptome/drug effects MH - Drosophila melanogaster/genetics MH - Drosophila MH - *Mitochondria/drug effects/genetics/metabolism MH - *Mercury Poisoning, Nervous System/genetics/metabolism PMC - PMC12038250 OTO - NOTNLM OT - ESCRT OT - electron transport chain complex I OT - methylmercury OT - minamata disease OT - mitochondria OT - skeletal muscle EDAT- 2025/02/14 12:28 MHDA- 2025/04/29 06:25 PMCR- 2026/02/14 CRDT- 2025/02/14 11:53 PHST- 2025/04/29 06:25 [medline] PHST- 2025/02/14 12:28 [pubmed] PHST- 2025/02/14 11:53 [entrez] PHST- 2026/02/14 00:00 [pmc-release] AID - 8015633 [pii] AID - kfaf018 [pii] AID - 10.1093/toxsci/kfaf018 [doi] PST - ppublish SO - Toxicol Sci. 2025 May 1;205(1):106-123. doi: 10.1093/toxsci/kfaf018."
90,247,PMC,Hg,"""Drosophila melanogaster"" mercury neurotoxicity",39951334,10.1093/toxsci/kfaf018,12038250,"Transcriptomic analysis identifies muscle-specific mitochondrial and vesicular transport genes as methylmercury toxicity targets in a Drosophila model of congenital Minamata disease. PG - 106-123 LID - 10.1093/toxsci/kfaf018 [doi] AB - Prenatal methylmercury (MeHg) exposure presents a heightened concern in early human development, as has been exemplified in historic cases of congenital minimata disease (CMD). Children who experience CMD characteristically present with various degrees of cognitive and motor symptoms and signs, much like cerebral palsy. MeHg has thus been characterized as a neurotoxicant, where motor deficits are ascribed to central nervous system targets. Skeletal muscle as a post-synaptic MeHg target and contributor to the etiology of CMD has garnered far less attention. Prior studies using Drosophila to model CMD revealed that developmental exposure of MeHg in the larval/pupal stages can elicit graded and latent dose responses affecting adult flight behavior at lower doses (0.4-2.5 ppm in food) and eclosion (emergence from the pupa case) at higher doses (>2.5 ppm in food). The latter phenotype is accompanied by dysmorphogenesis of skeletal muscles. Here, we investigate respective roles for muscle and neural targets in MeHg toxicity. Using RNA-seq analysis, we find that developmental MeHg exposure produces 10 times as many differentially expressed transcripts in indirect flight muscle compared to the ventral nerve cord. Among known MeHg response genes, Nrf2 antioxidant response pathway genes showed muscle-specific MeHg-induced expression changes. Within the muscle transcriptome, the most enriched and significant Gene Ontology terms identified genes required for mitochondrial ribosomal translation at the pupa stage and mitochondrial function (respiratory chain complex I) and vesicle trafficking (ESCRT III) pathways in adults, all showing decreased expression with MeHg exposure. By using an intact, whole-animal developmental model, we identify preferential candidates to evaluate a novel role for muscle-specific mitochondria and intercellular vesicular communication mechanisms as targets in MeHg toxicity and the etiology of CMD. CI - © The Author(s) 2025. Published by Oxford University Press on behalf of the Society of Toxicology. All rights reserved. For commercial re-use, please contact reprints@oup.com for reprints and translation rights for reprints. All other permissions can be obtained through our RightsLink service via the Permissions link on the article page on our site—for further information please contact journals.permissions@oup.com. FAU - Beamish, Catherine R AU - Beamish CR AD - Department of Environmental Medicine, University of Rochester School of Medicine and Dentistry, Rochester, NY 14620, United States. FAU - Becker, Jennifer AU - Becker J AD - Department of Environmental Medicine, University of Rochester School of Medicine and Dentistry, Rochester, NY 14620, United States. FAU - Tam, Lok Ming AU - Tam LM AD - Department of Environmental Medicine, University of Rochester School of Medicine and Dentistry, Rochester, NY 14620, United States. FAU - Love, Tanzy AU - Love T AUID- ORCID: 0000-0002-7154-0229 AD - Department of Biostatistics and Computational Biology, University of Rochester School of Medicine and Dentistry, Rochester, NY 14642, United States. FAU - Rand, Matthew D AU - Rand MD AUID- ORCID: 0000-0001-7871-0895 AD - Department of Environmental Medicine, University of Rochester School of Medicine and Dentistry, Rochester, NY 14620, United States. LA - eng GR - P30 ES001247/ES/NIEHS NIH HHS/United States GR - T32 GM007356/GM/NIGMS NIH HHS/United States GR - Medical Scientist Training Program/ GR - K12GM106997/IRACDA/ GR - T32 ES007026/ES/NIEHS NIH HHS/United States GR - R01 ES025721/ES/NIEHS NIH HHS/United States GR - K12 GM106997/GM/NIGMS NIH HHS/United States GR - NH/NIH HHS/United States PT - Journal Article PL - United States TA - Toxicol Sci JT - Toxicological sciences : an official journal of the Society of Toxicology JID - 9805461 RN - 0 (Methylmercury Compounds) SB - IM MH - Animals MH - *Methylmercury Compounds/toxicity MH - Disease Models, Animal MH - *Muscle, Skeletal/drug effects/metabolism MH - Gene Expression Profiling MH - *Transcriptome/drug effects MH - Drosophila melanogaster/genetics MH - Drosophila MH - *Mitochondria/drug effects/genetics/metabolism MH - *Mercury Poisoning, Nervous System/genetics/metabolism PMC - PMC12038250 OTO - NOTNLM OT - ESCRT OT - electron transport chain complex I OT - methylmercury OT - minamata disease OT - mitochondria OT - skeletal muscle EDAT- 2025/02/14 12:28 MHDA- 2025/04/29 06:25 PMCR- 2026/02/14 CRDT- 2025/02/14 11:53 PHST- 2025/04/29 06:25 [medline] PHST- 2025/02/14 12:28 [pubmed] PHST- 2025/02/14 11:53 [entrez] PHST- 2026/02/14 00:00 [pmc-release] AID - 8015633 [pii] AID - kfaf018 [pii] AID - 10.1093/toxsci/kfaf018 [doi] PST - ppublish SO - Toxicol Sci. 2025 May 1;205(1):106-123. doi: 10.1093/toxsci/kfaf018."
91,91,PubMed,Hg,"""Drosophila melanogaster"" mercury neurotoxicity",28946640,10.3390/ijerph14101108,,"Methylmercury Exposure Induces Sexual Dysfunction in Male and Female Drosophila Melanogaster. LID - 10.3390/ijerph14101108 [doi] LID - 1108 AB - Mercury, an environmental health hazard, is a neurotoxic heavy metal. In this study, the effect of methylmercury (MeHg) exposure was analyzed on sexual behavior in Drosophila melanogaster (fruit fly), because neurons play a vital role in sexual functions. The virgin male and female flies were fed a diet mixed with different concentrations of MeHg (28.25, 56.5, 113, 226, and 339 microM) for four days, and the effect of MeHg on copulation of these flies was studied. While male and female control flies (no MeHg) and flies fed with lower concentrations of MeHg (28.25, 56.5 microM) copulated in a normal manner, male and female flies exposed to higher concentrations of MeHg (113, 226, and 339 microM) did not copulate. When male flies exposed to higher concentrations of MeHg were allowed to copulate with control female flies, only male flies fed with 113 microM MeHg were able to copulate. On the other hand, when female flies exposed to higher concentrations of MeHg were allowed to copulate with control male flies, none of the flies could copulate. After introduction of male and female flies in the copulation chamber, duration of wing flapping by male flies decreased in a MeHg-concentration-dependent manner from 101 +/- 24 seconds (control) to 100.7 +/- 18, 96 +/-12, 59 +/- 44, 31 +/- 15, and 3.7 +/- 2.7 seconds at 28.25, 56.5, 113, 226, and 339 microM MeHg, respectively. On the other hand, grooming in male and female flies increased in a MeHg-concentration-dependent manner. These findings suggest that MeHg exposure causes sexual dysfunction in male and female Drosophila melanogaster. Further studies showed that MeHg exposure increased oxidative stress and decreased triglyceride levels in a concentration-dependent manner in both male and female flies, suggesting that MeHg-induced oxidative stress and decreased triglyceride levels may partly contribute to sexual dysfunction in fruit flies. FAU - Chauhan, Ved AU - Chauhan V AD - New York State Institute for Basic Research in Developmental Disabilities, 1050 Forest Hill Road, Staten Island, NY 10314, USA. ved.chauhan@opwdd.ny.gov. FAU - Srikumar, Syian AU - Srikumar S AD - New York State Institute for Basic Research in Developmental Disabilities, 1050 Forest Hill Road, Staten Island, NY 10314, USA. syians@bu.edu. FAU - Aamer, Sarah AU - Aamer S AD - New York State Institute for Basic Research in Developmental Disabilities, 1050 Forest Hill Road, Staten Island, NY 10314, USA. sarah.aamer@gmail.com. FAU - Pandareesh, Mirazkar D AU - Pandareesh MD AUID- ORCID: 0000-0003-4988-5180 AD - New York State Institute for Basic Research in Developmental Disabilities, 1050 Forest Hill Road, Staten Island, NY 10314, USA. pandareesh.d.mirazkar@opwdd.ny.gov. FAU - Chauhan, Abha AU - Chauhan A AD - New York State Institute for Basic Research in Developmental Disabilities, 1050 Forest Hill Road, Staten Island, NY 10314, USA. abha.chauhan@opwdd.ny.gov. LA - eng PT - Journal Article DEP - 20170924 PL - Switzerland TA - Int J Environ Res Public Health JT - International journal of environmental research and public health JID - 101238455 RN - 0 (Methylmercury Compounds) RN - 0 (Triglycerides) SB - IM MH - Animals MH - Diet MH - Drosophila melanogaster/*drug effects/physiology MH - Female MH - Grooming/drug effects MH - Male MH - Methylmercury Compounds/*toxicity MH - Oxidative Stress/drug effects MH - Sexual Behavior, Animal/*drug effects MH - Triglycerides/metabolism PMC - PMC5664609 OTO - NOTNLM OT - Drosophila melanogaster OT - copulation OT - methylmercury OT - oxidative stress OT - sexual dysfunction COIS- The authors declare no conflict of interest. EDAT- 2017/09/28 06:00 MHDA- 2018/03/13 06:00 PMCR- 2017/10/01 CRDT- 2017/09/27 06:00 PHST- 2017/09/05 00:00 [received] PHST- 2017/09/19 00:00 [revised] PHST- 2017/09/20 00:00 [accepted] PHST- 2017/09/27 06:00 [entrez] PHST- 2017/09/28 06:00 [pubmed] PHST- 2018/03/13 06:00 [medline] PHST- 2017/10/01 00:00 [pmc-release] AID - ijerph14101108 [pii] AID - ijerph-14-01108 [pii] AID - 10.3390/ijerph14101108 [doi] PST - epublish SO - Int J Environ Res Public Health. 2017 Sep 24;14(10):1108. doi: 10.3390/ijerph14101108."
91,480,Europe PMC,Hg,"""Drosophila melanogaster"" mercury neurotoxicity",28946640,10.3390/ijerph14101108,pmc5664609,Methylmercury Exposure Induces Sexual Dysfunction in Male and Female Drosophila Melanogaster.
92,92,PubMed,Hg,"""Drosophila melanogaster"" mercury gene expression",39350189,10.1186/s13104-024-06945-y,,"Acute exposure to mercury drives changes in gene expression in Drosophila melanogaster. PG - 279 LID - 10.1186/s13104-024-06945-y [doi] LID - 279 AB - OBJECTIVE: We quantified the effect of acute exposure to a high dosage of inorganic mercury on gene expression in Drosophila melanogaster using RNA-sequencing of whole adult females. RESULTS: We found 119 genes with higher gene expression following treatment (including all 5 Drosophila metallothionine genes and a number of heat shock protein genes), and 31 with lower expression (several of which are involved in egg formation). Our results highlight biological processes and genetic pathways impacted by exposure to this toxic metal, and provide motivation for future studies to understand the genetic basis of response to mercury. CI - (c) 2024. The Author(s). FAU - Sanderson, Brian J AU - Sanderson BJ AD - Department of Molecular Biosciences, University of Kansas, Lawrence, KS, 66045, USA. brian.sanderson@ku.edu. FAU - Sims-West, Dylan J AU - Sims-West DJ AD - Department of Molecular Biosciences, University of Kansas, Lawrence, KS, 66045, USA. AD - Center for Reproductive Evolution, Department of Biology, Syracuse University, Syracuse, NY, 13244, USA. FAU - Macdonald, Stuart J AU - Macdonald SJ AD - Department of Molecular Biosciences, University of Kansas, Lawrence, KS, 66045, USA. LA - eng GR - R01 ES029922/ES/NIEHS NIH HHS/United States GR - P20 GM103418/GM/NIGMS NIH HHS/United States GR - R01 ES029922/NH/NIH HHS/United States GR - R01 OD034064/OD/NIH HHS/United States GR - P20 GM103418/NH/NIH HHS/United States GR - P30 GM145499/GM/NIGMS NIH HHS/United States PT - Journal Article DEP - 20240930 PL - England TA - BMC Res Notes JT - BMC research notes JID - 101462768 RN - FXS1BY2PGL (Mercury) RN - 0 (Drosophila Proteins) RN - 0 (Heat-Shock Proteins) SB - IM MH - Animals MH - *Drosophila melanogaster/genetics/drug effects MH - Female MH - *Mercury/toxicity MH - Drosophila Proteins/genetics/metabolism MH - Gene Expression Regulation/drug effects MH - Heat-Shock Proteins/genetics/metabolism PMC - PMC11443822 OTO - NOTNLM OT - Drosophila melanogaster OT - Mercury OT - RNA-seq COIS- The authors declare no competing interests. EDAT- 2024/10/01 10:18 MHDA- 2024/10/01 10:19 PMCR- 2024/09/30 CRDT- 2024/10/01 00:01 PHST- 2023/12/15 00:00 [received] PHST- 2024/09/13 00:00 [accepted] PHST- 2024/10/01 10:19 [medline] PHST- 2024/10/01 10:18 [pubmed] PHST- 2024/10/01 00:01 [entrez] PHST- 2024/09/30 00:00 [pmc-release] AID - 10.1186/s13104-024-06945-y [pii] AID - 6945 [pii] AID - 10.1186/s13104-024-06945-y [doi] PST - epublish SO - BMC Res Notes. 2024 Sep 30;17(1):279. doi: 10.1186/s13104-024-06945-y."
92,170,PMC,Cd,"""Drosophila melanogaster"" cadmium toxicogenomics",39350189,10.1186/s13104-024-06945-y,11443822,"Acute exposure to mercury drives changes in gene expression in Drosophila melanogaster. PG - 279 LID - 10.1186/s13104-024-06945-y [doi] LID - 279 AB - OBJECTIVE: We quantified the effect of acute exposure to a high dosage of inorganic mercury on gene expression in Drosophila melanogaster using RNA-sequencing of whole adult females. RESULTS: We found 119 genes with higher gene expression following treatment (including all 5 Drosophila metallothionine genes and a number of heat shock protein genes), and 31 with lower expression (several of which are involved in egg formation). Our results highlight biological processes and genetic pathways impacted by exposure to this toxic metal, and provide motivation for future studies to understand the genetic basis of response to mercury. CI - © 2024. The Author(s). FAU - Sanderson, Brian J AU - Sanderson BJ AD - Department of Molecular Biosciences, University of Kansas, Lawrence, KS, 66045, USA. brian.sanderson@ku.edu. FAU - Sims-West, Dylan J AU - Sims-West DJ AD - Department of Molecular Biosciences, University of Kansas, Lawrence, KS, 66045, USA. AD - Center for Reproductive Evolution, Department of Biology, Syracuse University, Syracuse, NY, 13244, USA. FAU - Macdonald, Stuart J AU - Macdonald SJ AD - Department of Molecular Biosciences, University of Kansas, Lawrence, KS, 66045, USA. LA - eng GR - R01 ES029922/ES/NIEHS NIH HHS/United States GR - P20 GM103418/GM/NIGMS NIH HHS/United States GR - R01 ES029922/NH/NIH HHS/United States GR - R01 OD034064/OD/NIH HHS/United States GR - P20 GM103418/NH/NIH HHS/United States GR - P30 GM145499/GM/NIGMS NIH HHS/United States PT - Journal Article DEP - 20240930 PL - England TA - BMC Res Notes JT - BMC research notes JID - 101462768 RN - FXS1BY2PGL (Mercury) RN - 0 (Drosophila Proteins) RN - 0 (Heat-Shock Proteins) SB - IM MH - Animals MH - *Drosophila melanogaster/genetics/drug effects MH - Female MH - *Mercury/toxicity MH - Drosophila Proteins/genetics/metabolism MH - Gene Expression Regulation/drug effects MH - Heat-Shock Proteins/genetics/metabolism PMC - PMC11443822 OTO - NOTNLM OT - Drosophila melanogaster OT - Mercury OT - RNA-seq COIS- The authors declare no competing interests. EDAT- 2024/10/01 10:18 MHDA- 2024/10/01 10:19 PMCR- 2024/09/30 CRDT- 2024/10/01 00:01 PHST- 2023/12/15 00:00 [received] PHST- 2024/09/13 00:00 [accepted] PHST- 2024/10/01 10:19 [medline] PHST- 2024/10/01 10:18 [pubmed] PHST- 2024/10/01 00:01 [entrez] PHST- 2024/09/30 00:00 [pmc-release] AID - 10.1186/s13104-024-06945-y [pii] AID - 6945 [pii] AID - 10.1186/s13104-024-06945-y [doi] PST - epublish SO - BMC Res Notes. 2024 Sep 30;17(1):279. doi: 10.1186/s13104-024-06945-y."
92,485,Europe PMC,Hg,"""Drosophila melanogaster"" mercury gene expression",39350189,10.1186/s13104-024-06945-y,pmc11443822,Acute exposure to mercury drives changes in gene expression in Drosophila melanogaster.
95,95,PubMed,Hg,"""Drosophila melanogaster"" mercury gene expression",29619629,10.1007/s12640-018-9891-5,,"Effect of Kynurenic Acid on Pupae Viability of Drosophila melanogaster cinnabar and cardinal Eye Color Mutants with Altered Tryptophan-Kynurenine Metabolism. PG - 324-331 LID - 10.1007/s12640-018-9891-5 [doi] AB - Kynurenic acid (KYNA) is one of the metabolites of evolutionary conserved tryptophan (Trp)/kynurenine (Kyn) metabolic pathway. Elevation of KYNA contributes to development of psychosis in schizophrenia but attenuates neurodegeneration in Drosophila model of Huntington's disease. We have reported that KYNA increased lethality of pupae of wild-type flies, but not of vermilion (v) mutants with impaired formation of Kyn from Trp, suggesting that KYNA toxicity depends on its interaction with downstream Kyn metabolites [i.e., 3-hydroxykynurenine (3-HK) and/or xanthurenic acid (XA)]. The present study aimed to further explore the mechanisms of KYNA-induced lethality by the assessment of KYNA effect on pupae of two Drosophila mutants: cinnabar (cn), characterized by higher KYNA and lower 3-HK production, and cardinal (cd), characterized by higher 3-HK and XA levels compared to wild-type flies. Our microarray datamining revealed that the gene expression pattern of enzymes forming Trp/Kyn pathway stands in line with previously reported developmental changes in KYNA, 3-HK, and XA concentrations in wild-type and mutant flies. Administration of KYNA increased pupae lethality in cd, but not in cn mutants. Present data suggest that toxic effect of exogenous KYNA depends on the presence of 3-HK and/or XA. This is further supported by our finding that early stages of Drosophila development are associated with a positive expression pattern of genes encoding sulfotransferases, enzymes that are inhibited by KYNA and are involved in detoxification of XA. Alternatively, the toxic effect of KYNA might depend on anti-proliferative effects of KYNA. FAU - Navrotskaya, Valeriya AU - Navrotskaya V AD - Department of Genetics and Cytology, V.N. Karazin Kharkiv National University, Kharkiv, Ukraine. FAU - Wnorowski, Artur AU - Wnorowski A AD - Department of Biopharmacy, Medical University of Lublin, Chodzki 4a/01a, 20-093, Lublin, Poland. FAU - Turski, Waldemar AU - Turski W AD - Department of Experimental and Clinical Pharmacology, Medical University of Lublin, Jaczewskiego 8b, 20-090, Lublin, Poland. FAU - Oxenkrug, Gregory AU - Oxenkrug G AUID- ORCID: 0000-0002-7193-9117 AD - Psychiatry and Inflammation Program, Department of Psychiatry, Tufts University School of Medicine and Tufts Medical Center, 800 Washington St, no. 1107, Boston, MA, 02111, USA. goxenkrug@tuftsmedicalcenter.org. LA - eng GR - MH104810./MH/NIMH NIH HHS/United States PT - Journal Article PT - Research Support, N.I.H., Extramural DEP - 20180404 PL - United States TA - Neurotox Res JT - Neurotoxicity research JID - 100929017 RN - 0 (Excitatory Amino Acid Antagonists) RN - 0 (Mercury Compounds) RN - 343-65-7 (Kynurenine) RN - 8DUH1N11BX (Tryptophan) RN - H030S2S85J (Kynurenic Acid) RN - ZI0T668SF1 (cinnabar) SB - IM MH - Animals MH - Animals, Genetically Modified MH - Drosophila melanogaster/genetics/metabolism MH - Excitatory Amino Acid Antagonists/*pharmacology MH - Eye Color/*drug effects/genetics MH - Gene Expression/drug effects/genetics MH - Kynurenic Acid/*pharmacology MH - Kynurenine/genetics/*metabolism MH - Mercury Compounds/*metabolism MH - Microarray Analysis MH - Pupa/*drug effects MH - Signal Transduction/drug effects/genetics MH - Tryptophan/genetics/*metabolism OTO - NOTNLM OT - 3-Hydroxykynurenine OT - Drosophila melanogaster OT - Kynurenic acid OT - Kynurenine OT - Kynurenine-3-monooxygenase OT - cardinal, pupae OT - cinnabar OT - vermilion EDAT- 2018/04/06 06:00 MHDA- 2018/12/12 06:00 CRDT- 2018/04/06 06:00 PHST- 2017/10/10 00:00 [received] PHST- 2018/03/19 00:00 [accepted] PHST- 2018/03/15 00:00 [revised] PHST- 2018/04/06 06:00 [pubmed] PHST- 2018/12/12 06:00 [medline] PHST- 2018/04/06 06:00 [entrez] AID - 10.1007/s12640-018-9891-5 [pii] AID - 10.1007/s12640-018-9891-5 [doi] PST - ppublish SO - Neurotox Res. 2018 Aug;34(2):324-331. doi: 10.1007/s12640-018-9891-5. Epub 2018 Apr 4."
95,471,Europe PMC,Hg,"""Drosophila melanogaster"" mercury neurotoxicity",29619629,10.1007/s12640-018-9891-5,,Effect of Kynurenic Acid on Pupae Viability of Drosophila melanogaster cinnabar and cardinal Eye Color Mutants with Altered Tryptophan-Kynurenine Metabolism.
103,103,PMC,Cd,"""Drosophila melanogaster"" cadmium neurotoxicity",41566795,10.1002/adhm.202505218,13088764,"Evaluation of the Dual Impact of Nanotechnologies on Health and Environment Through Alternative Bridging Models. PG - e05218 LID - 10.1002/adhm.202505218 [doi] LID - e05218 AB - Nanotechnology holds substantial promise across medicine, industry, and environmental science, yet its rapid advancement raises important concerns about potential impacts on both human health and ecosystems. This review explores evidence on alternative bridging models that connect cellular responses to organism-level outcomes, enabling integrated evaluation of nanomaterial safety and efficacy. Beyond conventional in vitro and mammalian systems, we focus on a diverse range of invertebrates, including Hydra spp., planarians, Caenorhabditis elegans, Drosophila melanogaster, Bombyx mori, and bivalve mollusks, and small vertebrates, notably zebrafish and avian embryos. These ethically compliant, cost-effective, and biologically relevant platforms have been compared regarding the main experimental readouts they provide, from survival and regeneration to behavior, metabolism, and molecular stress responses. Across studies, applications in nanotoxicology and ecotoxicology reveal conserved mechanisms of nanoparticle action, including oxidative stress, genotoxicity, inflammation, and immune modulation, while clarifying links between environmental exposure and human health. In parallel, these models advance nanomedicine development, improving our understanding of biodistribution, targeting precision, and therapeutic efficacy. Finally, we discuss their current limitations, such as a lack of standardization, and propose practical considerations for model selection to strengthen risk assessment, support safer-by-design strategies, and promote the responsible development of next-generation nanotechnologies that balance innovation with sustainability. CI - © 2026 The Author(s). Advanced Healthcare Materials published by Wiley‐VCH GmbH. FAU - Lefevre, Marie Celine AU - Lefevre MC AUID- ORCID: 0000-0001-8633-9782 AD - Istituto Italiano di Tecnologia, Smart Bio-Interfaces, Pontedera, Italy. FAU - Bernardeschi, Margherita AU - Bernardeschi M AUID- ORCID: 0000-0003-2650-1834 AD - Istituto Italiano di Tecnologia, Smart Bio-Interfaces, Pontedera, Italy. FAU - Battaglini, Matteo AU - Battaglini M AUID- ORCID: 0000-0003-3601-1425 AD - Istituto Italiano di Tecnologia, Smart Bio-Interfaces, Pontedera, Italy. FAU - Ciofani, Gianni AU - Ciofani G AUID- ORCID: 0000-0003-1192-3647 AD - Istituto Italiano di Tecnologia, Smart Bio-Interfaces, Pontedera, Italy. LA - eng GR - 101092971/HORIZON EUROPE Framework Programme/ PT - Journal Article PT - Review DEP - 20260121 PL - Germany TA - Adv Healthc Mater JT - Advanced healthcare materials JID - 101581613 SB - IM MH - Animals MH - Humans MH - *Nanotechnology/methods MH - Environmental Exposure PMC - PMC13088764 OTO - NOTNLM OT - alternative models OT - ecotoxicology OT - nanomedicine OT - nanotechnology OT - translational research COIS- The authors declare no conflicts of interest. EDAT- 2026/01/22 07:43 MHDA- 2026/04/18 04:10 PMCR- 2026/04/17 CRDT- 2026/01/22 01:43 PHST- 2026/01/14 00:00 [revised] PHST- 2025/10/20 00:00 [received] PHST- 2026/01/15 00:00 [accepted] PHST- 2026/04/18 04:10 [medline] PHST- 2026/01/22 07:43 [pubmed] PHST- 2026/01/22 01:43 [entrez] PHST- 2026/04/17 00:00 [pmc-release] AID - ADHM70814 [pii] AID - 10.1002/adhm.202505218 [doi] PST - ppublish SO - Adv Healthc Mater. 2026 Apr;15(15):e05218. doi: 10.1002/adhm.202505218. Epub 2026 Jan 21."
103,313,Europe PMC,Cd,"""Drosophila melanogaster"" cadmium neurotoxicity",41566795,10.1002/adhm.202505218,pmc13088764,Evaluation of the Dual Impact of Nanotechnologies on Health and Environment Through Alternative Bridging Models.
105,105,PMC,Cd,"""Drosophila melanogaster"" cadmium neurotoxicity",41970634,10.1016/j.bbrep.2026.102519,13068512,"In silico docking and in vivo assessment of Mondia whitei fruit extract in attenuating CdCl(2)-Induced neurodegeneration in rat. PG - 102519 LID - 10.1016/j.bbrep.2026.102519 [doi] LID - 102519 AB - Cadmium is a toxic heavy metal found in the atmosphere. Its frequent exposure can lead to neurodegeneration. Medicinal plants are scavengers of free radicals that could result from exposure to heavy metals. In this study, the neuroprotective effect of the aqueous extract of Mondia whitei fruit (AEMW) against cadmium chloride (CdCl(2))-induced neurotoxicity was investigated using an in silico and in vivo approach. The biological constituents in the AEMW were identified using high-performance liquid chromatography, and the compounds were docked against a target protein related to neurodegeneration. Rats were exposed to CdCl(2) at 5 mg/kg for 5 days and co-treated with AEMW (250 or 500 mg/kg) for 7 days via oral administration. The levels of biogenic amines and activities of cholinergic and oxidative stress biomarkers were also evaluated. The molecular docking and ligand interactions of this study identified rutin, quercetin and kaempferol as the hit compounds with binding affinities of -15.197, -12.181 and -11.327 kcal/mol for acetylcholinesterase (AChE), and 10.325, -7.168 and -6.558 kcal/mol for human serotonin transporter (SERT), respectively. Cadmium chloride caused a significant (p < 0.05) elevation in the activities of AChE and BChE, and the levels of dopamine, serotonin and malondialdehyde with a significant (p < 0.05) decrease in the antioxidant activities. Co-administration of CdCl(2) with AEMW, especially at the dose of 500 mg/kg, attenuated the effect of CdCl(2) in the rats. Similar effect was also observed in the rat's brain histology. Therefore, AEMW could be a potential cholinesterase inhibitor to manage neuronal damage caused by heavy metal. CI - © 2026 Published by Elsevier B.V. FAU - Anadozie, Scholastica O AU - Anadozie SO AD - Biochemistry Program, Department of Chemical Sciences, Afe Babalola University, Ado-Ekiti, P.M.B 5454, Nigeria. FAU - Adewale, Olusola B AU - Adewale OB AD - Biochemistry Program, Department of Chemical Sciences, Afe Babalola University, Ado-Ekiti, P.M.B 5454, Nigeria. FAU - Akawa, Oluwole B AU - Akawa OB AD - Department of Pharmaceutical and Medicinal Chemistry, College of Pharmacy, Afe Babalola University, Ado-Ekiti, Ekiti State, Nigeria. FAU - Aduma, Asueiza U AU - Aduma AU AD - Department of Internal Medicine, Afe Babalola University Teaching Hospital, Ado-Ekiti, P.M.B 5454, Nigeria. FAU - Ebe, Ikechukwu T AU - Ebe IT AD - Department of Medical Biochemistry, Faculty of Basic Medical Sciences, David Umahi Federal University of Health Sciences, Uburu, 491105, Nigeria. LA - eng PT - Journal Article DEP - 20260330 PL - Netherlands TA - Biochem Biophys Rep JT - Biochemistry and biophysics reports JID - 101660999 PMC - PMC13068512 OTO - NOTNLM OT - Acetylcholinesterase OT - Cadmium OT - In silico OT - Mondia whitei OT - Neurotoxicity OT - Serotonin COIS- The authors declare that they have no known competing financial interests or personal relationships that could have appeared to influence the work reported in this paper. EDAT- 2026/04/13 18:17 MHDA- 2026/04/13 18:18 PMCR- 2026/03/30 CRDT- 2026/04/13 06:36 PHST- 2025/09/28 00:00 [received] PHST- 2026/01/30 00:00 [revised] PHST- 2026/02/19 00:00 [accepted] PHST- 2026/04/13 18:18 [medline] PHST- 2026/04/13 18:17 [pubmed] PHST- 2026/04/13 06:36 [entrez] PHST- 2026/03/30 00:00 [pmc-release] AID - S2405-5808(26)00079-8 [pii] AID - 102519 [pii] AID - 10.1016/j.bbrep.2026.102519 [doi] PST - epublish SO - Biochem Biophys Rep. 2026 Mar 30;46:102519. doi: 10.1016/j.bbrep.2026.102519. eCollection 2026 Jun."
105,309,Europe PMC,Cd,"""Drosophila melanogaster"" cadmium neurotoxicity",41970634,10.1016/j.bbrep.2026.102519,pmc13068512,&lt;i&gt;In silico&lt;/i&gt; docking and &lt;i&gt;in vivo&lt;/i&gt; assessment of &lt;i&gt;Mondia whitei&lt;/i&gt; fruit extract in attenuating CdCl&lt;sub&gt;2&lt;/sub&gt;-Induced neurodegeneration in rat.
112,112,PMC,Cd,"""Drosophila melanogaster"" cadmium neurotoxicity",40582565,10.1016/j.jare.2025.06.074,13000941,"Intestinal microplastic debris, flora dysbiosis, and insidious combined hazards across diverse aquatic and terrestrial organisms. PG - 1-31 LID - S2090-1232(25)00483-7 [pii] LID - 10.1016/j.jare.2025.06.074 [doi] AB - BACKGROUND: Microplastics and nanoplastics, ubiquitous in ecosystems, pose significant ecological and health risks. At the biological level, plastics impact multiple trophic levels. While numerous studies have confirmed this phenomenon, conflicting conclusions may arise due to variations in particle types or target organisms, underscoring the necessity for additional exploration. AIM OF REVIEW: This review explores their sources, environmental pathways, and interactions with other pollutants, emphasizing the multifaceted threats they present to biodiversity and ecosystem stability. This paper delves deeply into bridging knowledge gaps by presenting emerging evidence of differential effects across trophic levels and organism groups, and highlighting the role of vectors for other environmental pollutants and modifying factors of photodegradation and weathering, offering a nuanced analysis of their synergistic effects on gut microbiota and intestinal health. KEY SCIENTIFIC CONCEPTS OF REVIEW: Emerging insights into photodegraded plastics, synergistic toxicities, and their role as pollutant vectors call for immediate action. Ultraviolet radiation accelerates the aging of plastics, enhancing their adsorption capacity for pollutants like heavy metals and persistent organic pollutants, thereby amplifying their toxicity. For instance, aged plastic particles in zebrafish have been shown to induce severe intestinal damage and disrupt microbial balance. Similarly, combined exposures of plastics and antibiotics alter the gut microbiota in organisms, affecting phyla such as Firmicutes and Bacteroidetes. In soil ecosystems, aged plastics elevate heavy metal accumulation in earthworms, intensifying intestinal injury. Our analysis reveals a remarkable ability of the gut microbiota in certain terrestrial organisms to break down microplastics, while specific chemicals help alleviate the intestinal toxicity caused by microplastics and nanoplastics. These findings provide fresh perspectives for future mitigation tactics, underscoring the need for sustainable plastic alternatives, improved waste management strategies, and further research to mitigate the long-term impacts of microplastics and nanoplastics on ecosystem health and functionality. CI - Copyright © 2025. Published by Elsevier B.V. FAU - Gao, Tiantian AU - Gao T AD - School of Public Health, Anhui Medical University, Hefei, Anhui 230032 China. FAU - Jiang, Yang AU - Jiang Y AD - School of Public Health, Anhui Medical University, Hefei, Anhui 230032 China. FAU - Han, Yapeng AU - Han Y AD - School of Public Health, Anhui Medical University, Hefei, Anhui 230032 China. FAU - Wāng, Yán AU - Wāng Y AD - Key Laboratory of Environmental Medicine Engineering of Ministry of Education, School of Public Health, Southeast University, Nanjing, Jiangsu 210009 China. Electronic address: yanwang829@seu.edu.cn. LA - eng PT - Journal Article PT - Review DEP - 20250627 PL - Egypt TA - J Adv Res JT - Journal of advanced research JID - 101546952 RN - 0 (Microplastics) RN - 0 (Environmental Pollutants) RN - 0 (Water Pollutants, Chemical) RN - 0 (Plastics) SB - IM MH - *Microplastics/toxicity MH - Animals MH - *Gastrointestinal Microbiome/drug effects MH - *Dysbiosis/chemically induced/microbiology MH - Humans MH - Ecosystem MH - Aquatic Organisms/drug effects MH - *Environmental Pollutants/toxicity MH - *Water Pollutants, Chemical/toxicity MH - *Intestines/microbiology/drug effects MH - *Plastics PMC - PMC13000941 OTO - NOTNLM OT - Gut microbiome OT - Intestinal permeability OT - Joint toxicity OT - Microbiota dysbiosis OT - Microplastics COIS- Declaration of competing interest The authors declare that they have no known competing financial interests or personal relationships that could have appeared to influence the work reported in this paper. EDAT- 2025/07/01 04:06 MHDA- 2026/03/15 05:36 PMCR- 2025/06/27 CRDT- 2025/06/29 19:14 PHST- 2025/01/30 00:00 [received] PHST- 2025/05/11 00:00 [revised] PHST- 2025/06/24 00:00 [accepted] PHST- 2026/03/15 05:36 [medline] PHST- 2025/07/01 04:06 [pubmed] PHST- 2025/06/29 19:14 [entrez] PHST- 2025/06/27 00:00 [pmc-release] AID - S2090-1232(25)00483-7 [pii] AID - 10.1016/j.jare.2025.06.074 [doi] PST - ppublish SO - J Adv Res. 2026 Apr;82:1-31. doi: 10.1016/j.jare.2025.06.074. Epub 2025 Jun 27."
112,327,Europe PMC,Cd,"""Drosophila melanogaster"" cadmium neurotoxicity",40582565,10.1016/j.jare.2025.06.074,pmc13000941,"Intestinal microplastic debris, flora dysbiosis, and insidious combined hazards across diverse aquatic and terrestrial organisms."
115,115,PMC,Cd,"""Drosophila melanogaster"" cadmium neurotoxicity",41242758,10.1111/brv.70105,12965860,"Integration of epigenetics into ecotoxicology: insights and fundamental research needs. PG - 826-847 LID - 10.1111/brv.70105 [doi] AB - Epigenetics refers to heritable changes in genome function that occur without direct alterations to the DNA sequence. A multitude of environmental contaminants can influence the epigenetic marks of a genome. Changes of epigenetic marks including DNA methylation, histone modifications, and non-coding RNAs can induce alterations at the gene transcription level, potentially leading to physiological long-term changes that can be inherited transgenerationally. (Eco)Toxicoepigenetics is thus an emerging field of research focusing on linking environmental exposure with epigenome alterations, with a high postulated relevance for improved ecological risk assessment at the regulatory level. Despite its huge potential, fundamental knowledge is scarce and scattered concerning epigenetic regulation in relevant ecotoxicological model species and mechanisms of interaction between environmental contaminants and the epigenome. This is a paramount challenge for the efficient implementation of (eco)toxicoepigenetics that is not often recognised in the literature. Herein, we provide updated knowledge regarding the main epigenetic modifications that occur on ecotoxicologically relevant models and summarize the differences in epigenetic patterns between vertebrate and invertebrate species that are routinely used as test organisms in ecotoxicology. We also systematically revise what is known on the mechanisms through which environmental contaminants can modulate the epigenome, using three legacy contaminants of the aquatic compartment for which appreciable information exists concerning ecotoxicologically relevant species. Future directions for (eco)toxicoepigenetics research are discussed in the context of the existing knowledge, with particular emphasis on the much-needed characterization of the epigenomes of ecotoxicological models and the need to understand better the mechanisms underlying the modulation of epigenetic marks and related machinery by environmental contaminants. This review will hopefully stimulate future research contributing to the continuous incorporation of epigenetic studies in ecotoxicology and the development and implementation of effective epigenetic-based ecotoxicological biomarkers for environmental stress assessment. CI - © 2025 The Author(s). Biological Reviews published by John Wiley & Sons Ltd on behalf of Cambridge Philosophical Society. FAU - Pinto, Albano AU - Pinto A AUID- ORCID: 0000-0002-3453-8744 AD - CESAM - Centre for Environmental and Marine Studies, Department of Biology, University of Aveiro, Campus de Santiago, Aveiro, 3810-193, Portugal. FAU - Asselman, Jana AU - Asselman J AD - Blue Growth Research Lab, Ghent University, Bluebridge Building, Ostend Science Park 1, Ostend, 8400, Belgium. FAU - Pereira, Patrícia AU - Pereira P AUID- ORCID: 0000-0001-7613-0635 AD - CESAM - Centre for Environmental and Marine Studies, Department of Biology, University of Aveiro, Campus de Santiago, Aveiro, 3810-193, Portugal. FAU - Pereira, Joana Luísa AU - Pereira JL AUID- ORCID: 0000-0001-7573-6184 AD - CESAM - Centre for Environmental and Marine Studies, Department of Biology, University of Aveiro, Campus de Santiago, Aveiro, 3810-193, Portugal. LA - eng GR - 2022.10817.BD/Fundação para a Ciência e a Tecnologia/ GR - CEECIND/01144/2017/Fundação para a Ciência e a Tecnologia/ GR - LA/P/0094/2020/Fundação para a Ciência e a Tecnologia/ GR - UID/50006/Fundação para a Ciência e a Tecnologia/ GR - 101078991/European Union/ PT - Journal Article PT - Review DEP - 20251116 PL - England TA - Biol Rev Camb Philos Soc JT - Biological reviews of the Cambridge Philosophical Society JID - 0414576 RN - 0 (Environmental Pollutants) SB - IM MH - *Ecotoxicology/methods MH - Animals MH - *Epigenesis, Genetic/drug effects MH - *Environmental Pollutants/toxicity MH - DNA Methylation PMC - PMC12965860 OTO - NOTNLM OT - DNA methylation OT - ecotoxicology OT - environmental epigenetics OT - epigenetic mechanisms OT - histone modifications OT - invertebrates OT - non‐coding RNA EDAT- 2025/11/17 00:28 MHDA- 2026/03/08 01:38 PMCR- 2026/03/07 CRDT- 2025/11/16 20:42 PHST- 2025/11/01 00:00 [revised] PHST- 2025/01/02 00:00 [received] PHST- 2025/11/04 00:00 [accepted] PHST- 2026/03/08 01:38 [medline] PHST- 2025/11/17 00:28 [pubmed] PHST- 2025/11/16 20:42 [entrez] PHST- 2026/03/07 00:00 [pmc-release] AID - BRV70105 [pii] AID - 10.1111/brv.70105 [doi] PST - ppublish SO - Biol Rev Camb Philos Soc. 2026 Apr;101(2):826-847. doi: 10.1111/brv.70105. Epub 2025 Nov 16."
115,350,Europe PMC,Cd,"""Drosophila melanogaster"" cadmium gene expression",41242758,10.1111/brv.70105,pmc12965860,Integration of epigenetics into ecotoxicology: insights and fundamental research needs.
119,119,PMC,Cd,"""Drosophila melanogaster"" cadmium neurotoxicity",41625587,10.1016/j.toxrep.2026.102205,12854038,"Phytochemical composition and anti-Alzheimer potential of medicinal plants from Central and West Africa: Systematic review. PG - 102205 LID - 10.1016/j.toxrep.2026.102205 [doi] LID - 102205 AB - In recent time, the use of medicinal plants in the management of human disease conditions has gained immense attention. The aim of the present review was to explore the phytochemical composition and anti-Alzheimer potential of medicinal plants from Central and West Africa. A structured systematic approach was used to conduct the present systematic review of articles. Scopus, PubMed, and Web of Science were searched using the following search terms combined by Boolean operators: (""Alzheimer's disease"" OR ""Neurodegenerative disease"" OR ""Nervous system diseases"") AND (""Extract"" OR ""herbs"" OR ""Plant"") AND (""West Africa"" OR ""Central Africa"" OR ""Africa"") on the 6th of July 2024 without any filters. Following the conclusion of the title, abstract, and full text screening, only 13 articles were included. Most of the included studies (10/13, 77 %) were conducted between 2014 and 2024. Geographically, 9 (69 %) studies were conducted in Nigeria. Plants identified in the present study include: Solanum macrocarpon, Solanum nigru, Pteleopsis suberosa, Macrosphyra longistyl, Beta vulgaris, Persea americana, Syzygium aromaticum, Citrullus lanatus, Cucumeropsis mannii, Lagenaria siceraria, Achyranthes aspera Linn., Tithonia diversifolia. These plants were found to contain Luteolin, Catechin, Decanoic acid methyl ester, 11,14-Eicosadienoic acid methyl ester, Caffeic acid, Syringic acid, Azelaic acid. The plant-derived phytochemicals were reported to modulate critical Alzheimer's disease (AD) pathways, notably oxidative stress, acetylcholinesterase (AChE) inhibition, and neuroinflammation. In conclusion, Central and West African medicinal plants represent a rich reservoir of multifunctional neuroprotective metabolites capable of targeting diverse AD pathways. CI - © 2026 The Authors. FAU - Mukunzi, Protais AU - Mukunzi P AD - Department of General Medicine, School of Medicine and Pharmacy, University of Rwanda, Rwanda. FAU - Byishimo, Ben Shalom AU - Byishimo BS AD - Department of General Medicine, School of Medicine and Pharmacy, University of Rwanda, Rwanda. FAU - Etukudo, Ekom Monday AU - Etukudo EM AD - Department of Human Anatomy, Faculty of Biomedical Sciences, Kampala International University, Western campus, Uganda. FAU - Iradukunda, Hyppolyte AU - Iradukunda H AD - Department of Dental Surgery, School of Medicine and Pharmacy, University of Rwanda, Rwanda. FAU - Benimana, Darius AU - Benimana D AD - Department of General Medicine, School of Medicine and Pharmacy, University of Rwanda, Rwanda. FAU - Usman, Ibe Michael AU - Usman IM AD - Department of Human Anatomy, School of Medicine and Pharmacy, University of Rwanda, Rwanda. FAU - Oviosun, Augustin AU - Oviosun A AD - Department of Human Anatomy, Faculty of Biomedical Sciences, Kampala International University, Western campus, Uganda. FAU - Usman, Comfort Ojochenemi AU - Usman CO AD - Department of Nursing Sciences, Kampala International University, Western campus, Uganda. FAU - Ikwuka, David AU - Ikwuka D AD - Department of Human Physiology, School of Medicine and Pharmacy, University of Rwanda, Rwanda. FAU - Makena, Wusa AU - Makena W AD - Department of Human Anatomy, Faculty of Biomedical Sciences, Kampala International University, Western campus, Uganda. FAU - Archibong, Victor Bassey AU - Archibong VB AD - Department of Human Anatomy, School of Medicine and Pharmacy, University of Rwanda, Rwanda. LA - eng PT - Journal Article PT - Review DEP - 20260114 PL - Ireland TA - Toxicol Rep JT - Toxicology reports JID - 101630272 PMC - PMC12854038 OTO - NOTNLM OT - African Medicinal plants OT - Alzheimer's disease OT - Anti-Alzheimer potential COIS- The authors declare that they have no known competing financial interests or personal relationships that could have appeared to influence the work reported in this paper. EDAT- 2026/02/02 18:13 MHDA- 2026/02/02 18:14 PMCR- 2026/01/14 CRDT- 2026/02/02 06:55 PHST- 2025/11/19 00:00 [received] PHST- 2026/01/01 00:00 [revised] PHST- 2026/01/13 00:00 [accepted] PHST- 2026/02/02 18:14 [medline] PHST- 2026/02/02 18:13 [pubmed] PHST- 2026/02/02 06:55 [entrez] PHST- 2026/01/14 00:00 [pmc-release] AID - S2214-7500(26)00007-7 [pii] AID - 102205 [pii] AID - 10.1016/j.toxrep.2026.102205 [doi] PST - epublish SO - Toxicol Rep. 2026 Jan 14;16:102205. doi: 10.1016/j.toxrep.2026.102205. eCollection 2026 Jun."
119,400,Europe PMC,Pb,"""Drosophila melanogaster"" lead neurotoxicity",41625587,10.1016/j.toxrep.2026.102205,pmc12854038,Phytochemical composition and anti-Alzheimer potential of medicinal plants from Central and West Africa: Systematic review.
123,123,PMC,Cd,"""Drosophila melanogaster"" cadmium neurotoxicity",41563947,10.1002/cbdv.202503347,12822853,"Characterization of Polysaccharides Derived From Cinnamomum cassia and Their Potential of Antioxidant Activity and Protective Action Against Methomyl Induced Rats Damage With In Silico Docking. PG - e03347 LID - 10.1002/cbdv.202503347 [doi] LID - e03347 AB - Herbal medicine is an important field focused on the treatment and prevention of various health conditions that may occur due to oxidative stress. Our investigation aimed to determine the chemical composition, antioxidant, and the protective activity of polysaccharides isolated from Cinnamomum cassia (Cc-Ps). Cc-Ps underwent thorough characterization through various analytical methods, including UV, Fourier Transform Infrared (FTIR) spectroscopy, and HPLC. Our analysis showed that the Cc-Ps exhibited highest amount of uronic acid. In addition, Cc-Ps extract showed high ability to scavenge 2,2 diphenylpicrylhydrazyl radical (DPPH(●)), 2,2'-azinobis-(3 ethylbenzothiazoline-6 sulfonic acid radical (ABTS(•+)), and NO free radicals in reaction system. There was a noticeable decrease in the activity of key antioxidant enzymes such a superoxide dismutase and glutathione (GSH) peroxidase accompanied by an increase in malondialdehyde, a marker of oxidative stress. MET led to a clear impairment of the histopathological structure of both the liver and kidneys. Pretreatment with the polysaccharide extract normalized all biochemical and oxidative parameters. Virtual screening using docking simulations against ""Drosophila melanogaster Acetylcholinesterase"" was conducted to assess the bio-insecticidal properties of specific polysaccharide compounds derived from C. cassia. Polysaccharides were effectively protective in the liver and kidneys against the toxic effects of MET under our experimental conditions. CI - © 2026 The Author(s). Chemistry & Biodiversity published by Wiley‐VHCA AG. FAU - Bouzenna, Nozza AU - Bouzenna N AD - Faculty of Sciences of Gafsa, Laboratory of Biotechnology and Biomonitoring of the Environment and Oasis Ecosystems (LR21ES26), University of Gafsa, Gafsa, Tunisia. FAU - Horchani, Mabrouk AU - Horchani M AD - Faculty of Sciences of Monastir, Laboratory of Heterocyclic Chemistry, Natural Products and Reactivity (LR11Es39), Medicinal Chemistry and Natural Products, University of Monastir, Monastir, Tunisia. FAU - Dhibi, Sabah AU - Dhibi S AD - Faculty of Sciences of Gafsa, Laboratory of Biotechnology and Biomonitoring of the Environment and Oasis Ecosystems (LR21ES26), University of Gafsa, Gafsa, Tunisia. FAU - Bouzenna, Hafsia AU - Bouzenna H AD - Faculty of Sciences of Gafsa, Laboratory of Biotechnology and Biomonitoring of the Environment and Oasis Ecosystems (LR21ES26), University of Gafsa, Gafsa, Tunisia. FAU - Guesmi, Fatma AU - Guesmi F AD - Faculty of Sciences of Gafsa, Laboratory of Biotechnology and Biomonitoring of the Environment and Oasis Ecosystems (LR21ES26), University of Gafsa, Gafsa, Tunisia. AD - Faculty of Sciences of Bizerte, Laboratory of Risks Related to Environmental Stresses: Fight and Prevention, Unit UR03ES06, University of Carthage, Carthage, Tunisia. FAU - Feriani, Anouar AU - Feriani A AD - Faculty of Sciences of Gafsa, Laboratory of Biotechnology and Biomonitoring of the Environment and Oasis Ecosystems (LR21ES26), University of Gafsa, Gafsa, Tunisia. FAU - Jannet, Hichem Ben AU - Jannet HB AD - Faculty of Sciences of Monastir, Laboratory of Heterocyclic Chemistry, Natural Products and Reactivity (LR11Es39), Medicinal Chemistry and Natural Products, University of Monastir, Monastir, Tunisia. FAU - Choura, Sirine AU - Choura S AD - Laboratory of Environmental Bioprocesses, Centre of Biotechnology of Sfax, University of Sfax, Sfax, Tunisia. FAU - Giuffrè, Angelo Maria AU - Giuffrè AM AUID- ORCID: 0000-0002-4663-8056 AD - Department of AGRARIA, University Mediterranea of Reggio Calabria, Reggio, Calabria, Italy. FAU - Chamkha, Mohamed AU - Chamkha M AD - Laboratory of Environmental Bioprocesses, Centre of Biotechnology of Sfax, University of Sfax, Sfax, Tunisia. FAU - Hfaiedh, Najla AU - Hfaiedh N AD - Faculty of Sciences of Gafsa, Laboratory of Biotechnology and Biomonitoring of the Environment and Oasis Ecosystems (LR21ES26), University of Gafsa, Gafsa, Tunisia. LA - eng PT - Journal Article PL - Switzerland TA - Chem Biodivers JT - Chemistry & biodiversity JID - 101197449 RN - 0 (Antioxidants) RN - 0 (Polysaccharides) RN - 0 (Picrates) RN - 0 (Protective Agents) RN - 0 (Biphenyl Compounds) RN - EC 1.15.1.1 (Superoxide Dismutase) SB - IM MH - Animals MH - *Cinnamomum aromaticum/chemistry MH - *Molecular Docking Simulation MH - *Antioxidants/pharmacology/chemistry/isolation & purification MH - *Polysaccharides/chemistry/pharmacology/isolation & purification MH - Rats MH - Oxidative Stress/drug effects MH - Male MH - Picrates/antagonists & inhibitors MH - Rats, Wistar MH - *Protective Agents/pharmacology/chemistry/isolation & purification MH - Liver/drug effects/metabolism/pathology MH - Biphenyl Compounds/antagonists & inhibitors MH - Superoxide Dismutase/metabolism PMC - PMC12822853 OTO - NOTNLM OT - Cinnamomum cassia polysaccharides OT - characterization OT - docking OT - methomyl OT - oxidative stress COIS- The authors declare no conflicts of interest. EDAT- 2026/01/21 18:49 MHDA- 2026/01/21 18:50 PMCR- 2026/01/21 CRDT- 2026/01/21 13:23 PHST- 2025/12/31 00:00 [revised] PHST- 2025/10/12 00:00 [received] PHST- 2026/01/07 00:00 [accepted] PHST- 2026/01/21 18:50 [medline] PHST- 2026/01/21 18:49 [pubmed] PHST- 2026/01/21 13:23 [entrez] PHST- 2026/01/21 00:00 [pmc-release] AID - CBDV70910 [pii] AID - 10.1002/cbdv.202503347 [doi] PST - ppublish SO - Chem Biodivers. 2026 Jan;23(1):e03347. doi: 10.1002/cbdv.202503347."
123,396,Europe PMC,Pb,"""Drosophila melanogaster"" lead neurotoxicity",41563947,10.1002/cbdv.202503347,pmc12822853,Characterization of Polysaccharides Derived From Cinnamomum cassia and Their Potential of Antioxidant Activity and Protective Action Against Methomyl Induced Rats Damage With In Silico Docking.
124,124,PMC,Cd,"""Drosophila melanogaster"" cadmium neurotoxicity",41567513,10.3389/fnins.2025.1752179,12816198,"Editorial: Advances in systems neurogenetics. PG - 1752179 LID - 10.3389/fnins.2025.1752179 [doi] LID - 1752179 FAU - Carney, Paul AU - Carney P AD - Departments of Pediatrics and Neurology, University of Missouri, Columbia, MO, United States. FAU - Zhang, Bing AU - Zhang B AD - Division of Biological Sciences, University of Missouri, Columbia, MO, United States. LA - eng PT - Editorial DEP - 20260106 PL - Switzerland TA - Front Neurosci JT - Frontiers in neuroscience JID - 101478481 PMC - PMC12816198 OTO - NOTNLM OT - Drosophila OT - development OT - gene OT - neuroscience OT - systems COIS- The author(s) declared that this work was conducted in the absence of any commercial or financial relationships that could be construed as a potential conflict of interest. EDAT- 2026/01/22 11:58 MHDA- 2026/01/22 11:59 PMCR- 2026/01/06 CRDT- 2026/01/22 04:38 PHST- 2025/11/22 00:00 [received] PHST- 2025/11/27 00:00 [accepted] PHST- 2026/01/22 11:59 [medline] PHST- 2026/01/22 11:58 [pubmed] PHST- 2026/01/22 04:38 [entrez] PHST- 2026/01/06 00:00 [pmc-release] AID - 10.3389/fnins.2025.1752179 [doi] PST - epublish SO - Front Neurosci. 2026 Jan 6;19:1752179. doi: 10.3389/fnins.2025.1752179. eCollection 2025."
124,310,Europe PMC,Cd,"""Drosophila melanogaster"" cadmium neurotoxicity",41567513,10.3389/fnins.2025.1752179,pmc12816198,Editorial: Advances in systems neurogenetics.
137,137,PMC,Cd,"""Drosophila melanogaster"" cadmium gene expression",41915206,10.1007/s00436-026-08645-x,13038721,"De Novo assembly and analysis of the transcriptome of the Hyalomma anatolicum genes differentially expressed in normal morphology and disability. LID - 10.1007/s00436-026-08645-x [doi] LID - 51 AB - At present, the research on tick malformations is still in its infancy, mainly focusing on the exploration of the abnormal forms, while the research on its molecular level is relatively scarce. In this study, under identical feeding conditions, three deformed adult ticks that occurred occasionally among 320 laboratory-bred Hyalomma anatolicum were selected as the research subjects, three adult ticks with normal morphology were observed and selected as controls by stereomicroscopy and the differences in gene expression between the two groups were analyzed through transcriptome sequencing technology. The results show that morphological identification and photo analysis reveal that abnormal ticks have deformities in limbs and/or mouthparts. Through differential gene analysis, it was revealed that compared with normal ticks, abnormal ticks showed a downward trend in the expressions of ecdysone-related genes of ecdysone-induced protein, cuticle protein and chitinase, detoxification-related genes of detoxification proteases and cytochrome, immune defense-related genes of antimicrobial peptides and antifreeze protein. However, the gene expressions of heat shock protein, serine protease, serine protease inhibitors, etc. showed an upward trend. This study has for the first time discovered that the transcriptome of adult ticks with morphological abnormalities is significantly different from that of normal individuals, suggesting that the dysregulation of gene expression may be related to morphological abnormalities. An in-depth exploration of the key genes in the growth and development of these ticks is expected to provide potential approaches for the development of new anti-tick strategies. Future studies need to further verify the functions of these differentially expressed genes. GRAPHICAL ABSTRACT: [Image: see text] SUPPLEMENTARY INFORMATION: The online version contains supplementary material available at 10.1007/s00436-026-08645-x. FAU - Zhang, Jia AU - Zhang J AD - School of Medicine, Shihezi University, Shihezi, 832002, Xinjiang Uygur Autonomous Region, People's Republic of China. FAU - Ge, Ting AU - Ge T AD - School of Medicine, Shihezi University, Shihezi, 832002, Xinjiang Uygur Autonomous Region, People's Republic of China. AD - MOE Key Laboratory of Xinjiang Endemic and Ethnic Diseases, Shihezi University, Shihezi, Xinjiang Uygur Autonomous Region, 832002, People's Republic of China. FAU - Xu, Rongrong AU - Xu R AD - School of Medicine, Shihezi University, Shihezi, 832002, Xinjiang Uygur Autonomous Region, People's Republic of China. FAU - Zhang, Min AU - Zhang M AD - School of Medicine, Shihezi University, Shihezi, 832002, Xinjiang Uygur Autonomous Region, People's Republic of China. FAU - Li, Na AU - Li N AD - The First Poverty Alleviation Hospital of Xinjiang Uygur Autonomous Region (Xinjiang Uygur Autonomous Region Rehabilitation Hospital, Xinjiang Uygur Autonomous Region Fourth Peoples Hospital), Xinjiang Uygur Autonomous Region, People's Republic of China. FAU - Song, Ruiqi AU - Song R AD - School of Medicine, Shihezi University, Shihezi, 832002, Xinjiang Uygur Autonomous Region, People's Republic of China. ruiqi-song@hotmail.com. AD - MOE Key Laboratory of Xinjiang Endemic and Ethnic Diseases, Shihezi University, Shihezi, Xinjiang Uygur Autonomous Region, 832002, People's Republic of China. ruiqi-song@hotmail.com. FAU - Wang, Yuanzhi AU - Wang Y AD - School of Medicine, Shihezi University, Shihezi, 832002, Xinjiang Uygur Autonomous Region, People's Republic of China. wangyuanzhi621@126.com. AD - NHC Key Laboratory of Prevention and Treatment of Central Asia High Incidence Diseases, Shihezi University, Shihezi, 832002, Xinjiang Uygur Autonomous Region, People's Republic of China. wangyuanzhi621@126.com. FAU - Wang, Suwen AU - Wang S AD - School of Medicine, Shihezi University, Shihezi, 832002, Xinjiang Uygur Autonomous Region, People's Republic of China. wsw19880668@126.com. AD - NHC Key Laboratory of Prevention and Treatment of Central Asia High Incidence Diseases, Shihezi University, Shihezi, 832002, Xinjiang Uygur Autonomous Region, People's Republic of China. wsw19880668@126.com. LA - eng GR - 2024TSYCQNTJ0056/""Tianshan Talent"" Youth Support Talent Project/ GR - 2025ZD002/Science and Technology Program of XPCC/ GR - 32202833/the Natural Science Foundation of China/ GR - CXBJ202311/The Youth Innovative and Outstanding Talent Program/ PT - Journal Article DEP - 20260331 PL - Germany TA - Parasitol Res JT - Parasitology research JID - 8703571 SB - IM PMC - PMC13038721 OTO - NOTNLM OT - Hyalomma anatolicum OT - Differential expression OT - RNA-seq OT - Tick physiology OT - Transcriptomics COIS- Declarations. Ethical approval and consent to participate: This study was reviewed and approved by the ethics committee of School of Medicine, Shihezi University in accordance with the medical regulations of China (A2022-053-01). Consent for publication: Not applicable. Competing interests: The authors declare no competing interests. EDAT- 2026/03/31 12:33 MHDA- 2026/03/31 12:33 PMCR- 2026/03/31 CRDT- 2026/03/31 11:14 PHST- 2025/10/08 00:00 [received] PHST- 2026/02/01 00:00 [accepted] PHST- 2026/03/31 12:33 [pubmed] PHST- 2026/03/31 12:33 [medline] PHST- 2026/03/31 11:14 [entrez] PHST- 2026/03/31 00:00 [pmc-release] AID - 10.1007/s00436-026-08645-x [pii] AID - 8645 [pii] AID - 10.1007/s00436-026-08645-x [doi] PST - epublish SO - Parasitol Res. 2026 Mar 31;125(1):51. doi: 10.1007/s00436-026-08645-x."
137,356,Europe PMC,Cd,"""Drosophila melanogaster"" cadmium gene expression",41915206,10.1007/s00436-026-08645-x,pmc13038721,De Novo assembly and analysis of the transcriptome of the Hyalomma anatolicum genes differentially expressed in normal morphology and disability.
140,140,PMC,Cd,"""Drosophila melanogaster"" cadmium gene expression",41898998,10.3390/insects17030336,13027192,"How Environmental and Ecological Stressors Reprogram Honey Bee Chemistry Through the Microbiome-Metabolome Axis. LID - 10.3390/insects17030336 [doi] LID - 336 AB - Honey bees are exposed to a wide range of environmental and ecological stressors that threaten individual health and colony sustainability. Growing evidence suggests that many of these stressors converge on a common target: the gut microbiome and its metabolic functions. The honey bee microbiome-metabolome axis represents a central regulatory system linking microbial symbionts with host nutrition, detoxification, immune competence, neural signaling, and social behavior. This review synthesizes current knowledge on how major stressors-including pesticides, antibiotics, pathogens, nutritional imbalance, thermal stress, habitat change, and environmental contaminants-reprogram honey bee chemistry by disrupting microbial community structure and, importantly, microbial and host metabolic pathways. We highlight recurring patterns consistent with functional dysbiosis, characterized by impaired energy metabolism, reduced production of short-chain fatty acids, altered amino acid and lipid metabolism, compromised antioxidant and detoxification capacity, and weakened immune regulation. However, much of the current evidence is correlative and derived from short-term or laboratory-focused studies; longitudinal and multi-site field validation of causal links remains limited. Importantly, emerging multi-omics studies suggest that profound metabolic disturbances can occur even when taxonomic changes in the microbiome are modest, emphasizing the need to move beyond descriptive community profiling toward functional and mechanistic assessments. We further discuss how stress-induced metabolic reprogramming at the individual level scales up to influence behavior, division of labor, and colony-level resilience. Finally, we propose a conceptual model illustrating how diverse stressors converge to disrupt the microbiome-metabolome axis, potentially leading to functional dysbiosis and host impairment. FAU - Al Naggar, Yahya AU - Al Naggar Y AUID- ORCID: 0000-0002-8111-918X AD - Central Labs, King Khalid University, AlQura'a, P.O. Box 960, Abha 61413, Saudi Arabia. AD - Center of Bee Research and its Products (CBRP), King Khalid University, P.O. Box 960, Abha 61413, Saudi Arabia. AD - Zoology Department, Faculty of Science, Tanta University, Tanta 31527, Egypt. FAU - Ghramh, Hamed A AU - Ghramh HA AD - Central Labs, King Khalid University, AlQura'a, P.O. Box 960, Abha 61413, Saudi Arabia. AD - Center of Bee Research and its Products (CBRP), King Khalid University, P.O. Box 960, Abha 61413, Saudi Arabia. AD - Biology Department, Faculty of Science, King Khalid University, P.O. Box 9004, Abha 61413, Saudi Arabia. FAU - Elfarnawany, Amira AU - Elfarnawany A AUID- ORCID: 0009-0009-8118-3390 AD - Zoology Department, Faculty of Science, Tanta University, Tanta 31527, Egypt. FAU - Mohamed, Amr AU - Mohamed A AUID- ORCID: 0000-0003-2788-5534 AD - Department of Entomology, Faculty of Science, Cairo University, Giza 12613, Egypt. LA - eng PT - Journal Article PT - Review DEP - 20260319 PL - Switzerland TA - Insects JT - Insects JID - 101574235 PMC - PMC13027192 OTO - NOTNLM OT - environmental stressors OT - functional dysbiosis OT - gut microbiome OT - honey bees OT - metabolomics OT - multi-omics COIS- The authors declare no conflicts of interest. EDAT- 2026/03/28 06:40 MHDA- 2026/03/28 06:41 PMCR- 2026/03/19 CRDT- 2026/03/28 01:24 PHST- 2026/02/05 00:00 [received] PHST- 2026/03/08 00:00 [revised] PHST- 2026/03/18 00:00 [accepted] PHST- 2026/03/28 06:41 [medline] PHST- 2026/03/28 06:40 [pubmed] PHST- 2026/03/28 01:24 [entrez] PHST- 2026/03/19 00:00 [pmc-release] AID - insects17030336 [pii] AID - insects-17-00336 [pii] AID - 10.3390/insects17030336 [doi] PST - epublish SO - Insects. 2026 Mar 19;17(3):336. doi: 10.3390/insects17030336."
140,354,Europe PMC,Cd,"""Drosophila melanogaster"" cadmium gene expression",41898998,10.3390/insects17030336,pmc13027192,How Environmental and Ecological Stressors Reprogram Honey Bee Chemistry Through the Microbiome-Metabolome Axis.
155,155,PMC,Cd,"""Drosophila melanogaster"" cadmium toxicogenomics",40839771,10.1093/genetics/iyaf173,12606420,"Extreme QTL mapping enables the identification of novel zinc toxicity response loci in Drosophila melanogaster. LID - 10.1093/genetics/iyaf173 [doi] LID - iyaf173 AB - Heavy metals are a widespread environmental contaminant, and even low levels of some metals can disrupt cellular processes and result in DNA damage. However, the consequences of metal exposure are variable among individuals, with susceptibility to metal toxicity representing a complex trait influenced by genetic and non-genetic factors. To uncover toxicity response genes, and better understand responses to metal toxicity, we sought to dissect resistance to zinc, a metal required for normal cellular function, which can be toxic at high doses. To facilitate efficient, powerful discovery of Quantitative Trait Loci (QTL), we employed extreme, or X-QTL mapping, leveraging a multiparental, recombinant Drosophila melanogaster population. Our approach involved bulk selection of zinc-resistant females, sequencing several replicate pools of selected and control animals and identified QTL as genomic positions showing consistent allele frequency shifts between treatments. We successfully identified 7 regions segregating for resistance/susceptibility alleles and implicated several strong candidate genes. Phenotypic characterization of populations derived from selected or control animals revealed that our selection procedure resulted in greater egg-to-adult emergence and a reduced developmental delay on zinc media. We subsequently measured emergence and development time for a series of midgut-specific RNAi gene knockdowns and genetic controls raised in both zinc-supplemented and normal media. This identified 10 genes with significant genotype-by-treatment effects, including pHCl-2, which encodes a zinc sensor protein. Our work highlights recognized and novel contributors to zinc toxicity resistance in flies and provides a pathway to a broader understanding of the biological impact of metal toxicity. CI - © The Author(s) 2025. Published by Oxford University Press on behalf of The Genetics Society of America. FAU - Hanson, Katherine M AU - Hanson KM AUID- ORCID: 0000-0003-3872-1500 AD - Department of Molecular Biosciences and Center for Genomics, The University of Kansas, Lawrence, KS 66045, United States. FAU - Long, Anthony D AU - Long AD AD - Department of Ecology and Evolutionary Biology, University of California, Irvine, Irvine, CA 92697, United States. FAU - Macdonald, Stuart J AU - Macdonald SJ AUID- ORCID: 0000-0002-9421-002X AD - Department of Molecular Biosciences and Center for Genomics, The University of Kansas, Lawrence, KS 66045, United States. LA - eng GR - R01-OD034064/GF/NIH HHS/United States GR - R01 ES029922/ES/NIEHS NIH HHS/United States GR - P20 GM103418/GM/NIGMS NIH HHS/United States GR - P40 OD018537/OD/NIH HHS/United States GR - R01-ES029922/GF/NIH HHS/United States GR - R01 OD034064/OD/NIH HHS/United States GR - S10 OD036343/OD/NIH HHS/United States PT - Journal Article PL - United States TA - Genetics JT - Genetics JID - 0374636 RN - J41CSQ7QDS (Zinc) RN - 0 (Drosophila Proteins) SB - IM UOF - bioRxiv. 2025 Jun 19:2025.06.12.659401. doi: 10.1101/2025.06.12.659401. PMID: 40611908 MH - Animals MH - *Drosophila melanogaster/genetics/drug effects MH - *Quantitative Trait Loci MH - *Zinc/toxicity MH - Female MH - Chromosome Mapping MH - Male MH - Phenotype MH - Drosophila Proteins/genetics PMC - PMC12606420 OTO - NOTNLM OT - DSPR OT - bulked phenotyping OT - extreme QTL mapping OT - zinc toxicity EDAT- 2025/08/21 20:44 MHDA- 2025/11/13 18:30 PMCR- 2025/08/21 CRDT- 2025/08/21 14:43 PHST- 2025/06/13 00:00 [received] PHST- 2025/08/15 00:00 [accepted] PHST- 2025/11/13 18:30 [medline] PHST- 2025/08/21 20:44 [pubmed] PHST- 2025/08/21 14:43 [entrez] PHST- 2025/08/21 00:00 [pmc-release] AID - 8239421 [pii] AID - iyaf173 [pii] AID - 10.1093/genetics/iyaf173 [doi] PST - ppublish SO - Genetics. 2025 Nov 12;231(3):iyaf173. doi: 10.1093/genetics/iyaf173."
155,342,Europe PMC,Cd,"""Drosophila melanogaster"" cadmium gene expression",40839771,10.1093/genetics/iyaf173,pmc12606420,Extreme QTL mapping enables the identification of novel zinc toxicity response loci in Drosophila melanogaster.
160,160,PMC,Cd,"""Drosophila melanogaster"" cadmium toxicogenomics",40708970,10.3389/ftox.2025.1636431,12287011,"Arsenic toxicity in the Drosophila brain at single cell resolution. PG - 1636431 LID - 10.3389/ftox.2025.1636431 [doi] LID - 1636431 AB - Arsenic is an ubiquitous environmental toxicant with harmful physiological effects, including neurotoxicity. Modulation of arsenic-induced gene expression in the brain cannot be readily studied in human subjects. However, Drosophila allows quantification of transcriptional responses to neurotoxins at single cell resolution across the entire brain in a single analysis. We exposed Drosophila melanogaster to a chronic dose of NaAsO(2) that does not cause rapid lethality and measured survival and negative geotaxis as a proxy of sensorimotor integration. Females survive longer than males but show earlier physiological impairment in climbing ability. Single-nuclei RNA sequencing showed widespread sex-antagonistic transcriptional responses with modulation of gene expression in females biased toward neuronal cell populations and in males toward glial cells. However, differentially expressed genes implicate similar biological pathways. Evolutionary conservation of fundamental processes of the nervous system enabled us to translate arsenic-induced changes in transcript abundances from the Drosophila model to orthologous human neurogenetic networks. CI - Copyright © 2025 Chaturvedi, Shankar, Simkhada, Lyman, Freymuth, Howansky, Collins, Mackay and Anholt. FAU - Chaturvedi, Anurag AU - Chaturvedi A AD - Center for Human Genetics and Department of Genetics and Biochemistry, Clemson University, Clemson, SC, United States. FAU - Shankar, Vijay AU - Shankar V AD - Center for Human Genetics and Department of Genetics and Biochemistry, Clemson University, Clemson, SC, United States. FAU - Simkhada, Bibhu AU - Simkhada B AD - Center for Human Genetics and Department of Genetics and Biochemistry, Clemson University, Clemson, SC, United States. FAU - Lyman, Rachel A AU - Lyman RA AD - Center for Human Genetics and Department of Genetics and Biochemistry, Clemson University, Clemson, SC, United States. FAU - Freymuth, Patrick AU - Freymuth P AD - Center for Human Genetics and Department of Genetics and Biochemistry, Clemson University, Clemson, SC, United States. FAU - Howansky, Elisabeth AU - Howansky E AD - Center for Human Genetics and Department of Genetics and Biochemistry, Clemson University, Clemson, SC, United States. FAU - Collins, Katelynne M AU - Collins KM AD - Center for Human Genetics and Department of Genetics and Biochemistry, Clemson University, Clemson, SC, United States. FAU - Mackay, Trudy F C AU - Mackay TFC AD - Center for Human Genetics and Department of Genetics and Biochemistry, Clemson University, Clemson, SC, United States. FAU - Anholt, Robert R H AU - Anholt RRH AD - Center for Human Genetics and Department of Genetics and Biochemistry, Clemson University, Clemson, SC, United States. LA - eng GR - P20 GM139769/GM/NIGMS NIH HHS/United States PT - Journal Article DEP - 20250710 PL - Switzerland TA - Front Toxicol JT - Frontiers in toxicology JID - 101777990 PMC - PMC12287011 OTO - NOTNLM OT - behavioral genetics OT - genetic networks OT - neurotoxicity OT - sexual dimorphism OT - single cell RNA sequencing COIS- The authors declare that the research was conducted in the absence of any commercial or financial relationships that could be construed as a potential conflict of interest. The author(s) declared that they were an editorial board member of Frontiers, at the time of submission. This had no impact on the peer review process and the final decision. EDAT- 2025/07/25 06:38 MHDA- 2025/07/25 06:39 PMCR- 2025/07/10 CRDT- 2025/07/25 04:30 PHST- 2025/05/27 00:00 [received] PHST- 2025/06/25 00:00 [accepted] PHST- 2025/07/25 06:39 [medline] PHST- 2025/07/25 06:38 [pubmed] PHST- 2025/07/25 04:30 [entrez] PHST- 2025/07/10 00:00 [pmc-release] AID - 1636431 [pii] AID - 10.3389/ftox.2025.1636431 [doi] PST - epublish SO - Front Toxicol. 2025 Jul 10;7:1636431. doi: 10.3389/ftox.2025.1636431. eCollection 2025."
160,314,Europe PMC,Cd,"""Drosophila melanogaster"" cadmium neurotoxicity",40708970,10.3389/ftox.2025.1636431,pmc12287011,Arsenic toxicity in the &lt;i&gt;Drosophila&lt;/i&gt; brain at single cell resolution.
162,162,PMC,Cd,"""Drosophila melanogaster"" cadmium toxicogenomics",40276781,10.5604/01.3001.0054.9627,12021435,"DROSOPHILA: THE CENTURY-LONG FLIGHT FROM THE WILD TO THE PATIENT. PG - 1-15 LID - 10.5604/01.3001.0054.9627 [doi] AB - Background: Evolutionary conservation of key biological pathways between the fruit fly Drosophila melanogaster and humans and reduced genetic redundancy have long made flies a valuable genetic model organism. Thanks to the arsenal of sophisticated genetic tools developed and refined by the fly community, the use of Drosophila has expanded well beyond basic research. From the fundamental notion that genes are located on chromosomes to modeling human complex diseases such as cancer and neurological disorders, to designing fly ""avatar"" lines that precisely reproduce the specific mutations found in single cancer patients for personalized medicine, Drosophila continues to fuel biomedical advances. Numerous examples of drug testing in flies have yielded novel drug candidates, new uses for approved drugs, and applications for rapid drug optimization in modern approaches combining biology with medicinal chemistry. Thanks to the effectiveness of ""fly pharmacology"" approaches, Drosophila is also proficiently used to study the mechanism of action of environmental pollutants that represent a serious concern to human health. This review traces the history of some of the main advances in Drosophila biomedical and cancer research. FAU - Aloisi, Massimo AU - Aloisi M AUID- ORCID: 0000-0002-3978-2850 AD - Department of Biology, Coastal Carolina University, Conway, South Carolina, USA. AD - Department of Life, Health and Environmental Sciences, L'Aquila University, Italy. FAU - Deloriea, Jay AU - Deloriea J AUID- ORCID: 0009-0002-0053-1074 AD - Department of Biology, Coastal Carolina University, Conway, South Carolina, USA. FAU - Casey, Cody AU - Casey C AUID- ORCID: 0009-0006-4076-7646 AD - Department of Biology, Coastal Carolina University, Conway, South Carolina, USA. FAU - Pino, Alexia AU - Pino A AUID- ORCID: 0009-0002-4560-090X AD - Department of Biology, Coastal Carolina University, Conway, South Carolina, USA. FAU - Morciano, Patrizia AU - Morciano P AUID- ORCID: 0000-0002-8101-0096 AD - Department of Life, Health and Environmental Sciences, L'Aquila University, Italy. AD - INFN-Laboratori Nazionali del Gran Sasso, Assergi, L'Aquila, Italy. FAU - Grifoni, Daniela AU - Grifoni D AUID- ORCID: 0000-0001-7429-4062 AD - Department of Life, Health and Environmental Sciences, L'Aquila University, Italy. FAU - Gamberi, Chiara AU - Gamberi C AUID- ORCID: 0000-0002-7122-6491 AD - Department of Biology, Coastal Carolina University, Conway, South Carolina, USA. LA - eng GR - P20 GM103499/GM/NIGMS NIH HHS/United States PT - Journal Article DEP - 20250205 PL - Poland TA - Med Sci Pulse JT - Medical science pulse JID - 9918990495406676 PMC - PMC12021435 MID - NIHMS2056375 OTO - NOTNLM OT - Drosophila OT - cancer OT - disease models OT - drug testing OT - fly avatars OT - mutagenesis OT - neoplasia OT - personalized medicine OT - polycystic kidney disease COIS- Conflicts of interests: The authors report that there were no conflicts of interest. EDAT- 2025/04/25 06:27 MHDA- 2025/04/25 06:28 PMCR- 2025/04/24 CRDT- 2025/04/25 04:47 PHST- 2025/04/25 06:28 [medline] PHST- 2025/04/25 06:27 [pubmed] PHST- 2025/04/25 04:47 [entrez] PHST- 2025/04/24 00:00 [pmc-release] AID - 10.5604/01.3001.0054.9627 [doi] PST - ppublish SO - Med Sci Pulse. 2025 Mar 30;19(1):1-15. doi: 10.5604/01.3001.0054.9627. Epub 2025 Feb 5."
162,322,Europe PMC,Cd,"""Drosophila melanogaster"" cadmium neurotoxicity",40276781,10.5604/01.3001.0054.9627,pmc12021435,&lt;i&gt;DROSOPHILA&lt;/i&gt;: THE CENTURY-LONG FLIGHT FROM THE WILD TO THE PATIENT.
164,164,PMC,Cd,"""Drosophila melanogaster"" cadmium toxicogenomics",40125531,10.3389/fgene.2025.1538168,11925944,"Tetrahymena thermophila glutathione-S-transferase superfamily: an eco-paralogs gene network differentially responding to various environmental abiotic stressors and an update on this gene family in ciliates. PG - 1538168 LID - 10.3389/fgene.2025.1538168 [doi] LID - 1538168 AB - Glutathione S-transferases constitute a superfamily of enzymes involved mainly, but not exclusively, in the detoxification of xenobiotic compounds that are considered environmental pollutants. In this work, an updated analysis of putative cytosolic glutathione S-transferases (cGST) from ciliate protozoa is performed although this analysis is mainly focused on Tetrahymena thermophila. Among ciliates, the genus Tetrahymena has the highest number (58 on average) of cGST genes. As in mammals, the Mu class of cGST is present in all analyzed ciliates and is the majority class in Tetrahymena species. After an analysis of the occurrence of GST domains in T. thermophila, out of the 54 GSTs previously considered to be Mu class, six of them have been discarded as they do not have recognizable GST domains. In addition, there is one GST species-specific and another GST-EF1G (elongation factor 1 gamma). A structural analysis of T. thermophila GSTs has shown a wide variety of β-sheets/α-helix patterns, one of the most abundant being the canonical thioredoxin-folding pattern. Within the categories of bZIP and C4 zinc finger transcription factors, potential binding sites for c-Jun and c-Fos are abundant (32% as average), along with GATA-1 (71% average) in the T. thermophila GST gene promoters. The alignment of all MAPEG (Membrane Associated Proteins involved in Eicosanoid and Glutathione metabolism) GST protein sequences from Tetrahymena species shows that this family is divided into two well-defined clans. The phylogenetic analysis of T. thermophila GSTs has shown that a cluster of 19 Mu-class GST genes are phylogenetic predecessors of members from the omega, theta and zeta classes. This means that the current GST phylogenetic model needs to be modified. Sixteen T. thermophila GST genes, together with two clusters including three genes each with very high identity, have been selected for qRT-PCR analysis under stress from eleven different environmental stressors. This analysis has revealed that there are GST genes that respond selectively and/or differentially to each stressor, independently of the GST class to which it belongs. Most of them respond to the two more toxic metal(loid)s used (Cd or As). CI - Copyright © 2025 Ortega, Martin-González and Gutiérrez. FAU - Ortega, Ruth AU - Ortega R AD - Department of Genetics, Physiology and Microbiology, Faculty of Biology, Complutense University of Madrid, Madrid, Spain. FAU - Martin-González, Ana AU - Martin-González A AD - Department of Genetics, Physiology and Microbiology, Faculty of Biology, Complutense University of Madrid, Madrid, Spain. FAU - Gutiérrez, Juan-Carlos AU - Gutiérrez JC AD - Department of Genetics, Physiology and Microbiology, Faculty of Biology, Complutense University of Madrid, Madrid, Spain. LA - eng PT - Journal Article DEP - 20250307 PL - Switzerland TA - Front Genet JT - Frontiers in genetics JID - 101560621 PMC - PMC11925944 OTO - NOTNLM OT - Tetrahymena thermophila OT - ciliates OT - glutathione S-transferases OT - in silico analysis OT - metal(loid)s OT - qRT-PCR COIS- The authors declare that the research was conducted in the absence of any commercial or financial relationships that could be construed as a potential conflict of interest. The author(s) declared that they were an editorial board member of Frontiers, at the time of submission. This had no impact on the peer review process and the final decision. EDAT- 2025/03/24 12:46 MHDA- 2025/03/24 12:47 PMCR- 2025/03/07 CRDT- 2025/03/24 06:19 PHST- 2024/12/02 00:00 [received] PHST- 2025/02/06 00:00 [accepted] PHST- 2025/03/24 12:47 [medline] PHST- 2025/03/24 12:46 [pubmed] PHST- 2025/03/24 06:19 [entrez] PHST- 2025/03/07 00:00 [pmc-release] AID - 1538168 [pii] AID - 10.3389/fgene.2025.1538168 [doi] PST - epublish SO - Front Genet. 2025 Mar 7;16:1538168. doi: 10.3389/fgene.2025.1538168. eCollection 2025."
164,362,Europe PMC,Cd,"""Drosophila melanogaster"" cadmium toxicogenomics",40125531,10.3389/fgene.2025.1538168,pmc11925944,&lt;i&gt;Tetrahymena thermophila&lt;/i&gt; glutathione-S-transferase superfamily: an eco-paralogs gene network differentially responding to various environmental abiotic stressors and an update on this gene family in ciliates.
167,167,PMC,Cd,"""Drosophila melanogaster"" cadmium toxicogenomics",39497218,10.1186/s40246-024-00689-3,11533318,"Drosophila Toxicogenomics: genetic variation and sexual dimorphism in susceptibility to 4-Methylimidazole. PG - 119 LID - 10.1186/s40246-024-00689-3 [doi] LID - 119 AB - BACKGROUND: 4-methylimidazole is a ubiquitous and potentially carcinogenic environmental toxicant. Genetic factors that contribute to variation in susceptibility to its toxic effects are challenging to assess in human populations. We used the Drosophila melanogaster Genetic Reference Panel (DGRP), a living library of natural genetic variation, to identify genes with human orthologs associated with variation in susceptibility to 4-methylimidazole. RESULTS: We screened 204 DGRP lines for survival following 24-hour exposure to 4-methylimidazole. We found extensive genetic variation for survival, with a broad sense heritability of 0.82; as well as genetic variation in sexual dimorphism, with a cross-sex genetic correlation of 0.59. Genome-wide association analyses identified a total of 241 candidate molecular polymorphisms in or near 273 unique genes associated with survival. These polymorphisms had either sex-specific or sex-antagonistic effects, and most had putative regulatory effects. We generated interaction networks using these candidate genes as inputs and computationally recruited genes with known physical or genetic interactions. The network genes were significantly over-represented for gene ontology terms involving all aspects of development (including nervous system development) and cellular and organismal functions as well as canonical signaling pathways, and most had human orthologs. CONCLUSIONS: The genetic basis of variation in sensitivity to acute exposure to 4-methylimidazole in Drosophila is attributable to variation in genes and networks of genes known for their effects on multiple developmental and cellular processes, including possible neurotoxicity. Given evolutionary conservation of the underlying genes and pathways, these insights may be applicable to humans. CI - © 2024. The Author(s). FAU - Collins, Katelynne M AU - Collins KM AD - Center for Human Genetics, Department of Genetics and Biochemistry, Clemson University, Greenwood, SC, 29646, USA. FAU - Howansky, Elisabeth AU - Howansky E AD - Center for Human Genetics, Department of Genetics and Biochemistry, Clemson University, Greenwood, SC, 29646, USA. FAU - Macon-Foley, Sarah C AU - Macon-Foley SC AD - Center for Human Genetics, Department of Genetics and Biochemistry, Clemson University, Greenwood, SC, 29646, USA. FAU - Adonay, Maria E AU - Adonay ME AD - Center for Human Genetics, Department of Genetics and Biochemistry, Clemson University, Greenwood, SC, 29646, USA. FAU - Shankar, Vijay AU - Shankar V AD - Center for Human Genetics, Department of Genetics and Biochemistry, Clemson University, Greenwood, SC, 29646, USA. FAU - Lyman, Richard F AU - Lyman RF AD - Center for Human Genetics, Department of Genetics and Biochemistry, Clemson University, Greenwood, SC, 29646, USA. FAU - Nazario-Yepiz, Nestor Octavio AU - Nazario-Yepiz NO AD - Center for Human Genetics, Department of Genetics and Biochemistry, Clemson University, Greenwood, SC, 29646, USA. FAU - Brooks, Jordyn K AU - Brooks JK AD - Center for Human Genetics, Department of Genetics and Biochemistry, Clemson University, Greenwood, SC, 29646, USA. FAU - Lyman, Rachel A AU - Lyman RA AD - Center for Human Genetics, Department of Genetics and Biochemistry, Clemson University, Greenwood, SC, 29646, USA. FAU - Mackay, Trudy F C AU - Mackay TFC AD - Center for Human Genetics, Department of Genetics and Biochemistry, Clemson University, Greenwood, SC, 29646, USA. tmackay@clemson.edu. FAU - Anholt, Robert R H AU - Anholt RRH AD - Center for Human Genetics, Department of Genetics and Biochemistry, Clemson University, Greenwood, SC, 29646, USA. ranholt@clemson.edu. LA - eng GR - 965406/European Union's Horizon 2020 Research and Innovation program/ GR - P20GM139769/NH/NIH HHS/United States GR - P20 GM139769/GM/NIGMS NIH HHS/United States PT - Journal Article PT - Research Support, N.I.H., Extramural PT - Research Support, Non-U.S. Gov't DEP - 20241104 PL - England TA - Hum Genomics JT - Human genomics JID - 101202210 RN - 0 (Imidazoles) SB - IM MH - Animals MH - Female MH - Male MH - *Drosophila melanogaster/genetics/drug effects MH - *Sex Characteristics MH - *Imidazoles/toxicity MH - *Genetic Variation/genetics MH - *Genome-Wide Association Study MH - *Toxicogenetics MH - Humans MH - Gene Regulatory Networks/drug effects PMC - PMC11533318 OTO - NOTNLM OT - Drosophila Genetic Reference Panel OT - Quantitative genetics OT - genome wide association analyses OT - network associations with complex traits OT - sex-specific effects OT - sexually antagonistic effects COIS- The authors declare no competing interests. EDAT- 2024/11/05 00:21 MHDA- 2024/11/05 07:20 PMCR- 2024/11/04 CRDT- 2024/11/04 23:53 PHST- 2024/07/25 00:00 [received] PHST- 2024/10/24 00:00 [accepted] PHST- 2024/11/05 07:20 [medline] PHST- 2024/11/05 00:21 [pubmed] PHST- 2024/11/04 23:53 [entrez] PHST- 2024/11/04 00:00 [pmc-release] AID - 10.1186/s40246-024-00689-3 [pii] AID - 689 [pii] AID - 10.1186/s40246-024-00689-3 [doi] PST - epublish SO - Hum Genomics. 2024 Nov 4;18(1):119. doi: 10.1186/s40246-024-00689-3."
167,318,Europe PMC,Cd,"""Drosophila melanogaster"" cadmium neurotoxicity",39497218,10.1186/s40246-024-00689-3,pmc11533318,Drosophila Toxicogenomics: genetic variation and sexual dimorphism in susceptibility to 4-Methylimidazole.
172,173,PMC,Cd,"""Drosophila melanogaster"" cadmium toxicogenomics",39230330,10.1289/ehp13120,11373422,"Seminar: Functional Exposomics and Mechanisms of Toxicity-Insights from Model Systems and NAMs. PG - 94201 LID - 10.1289/EHP13120 [doi] LID - 094201 AB - BACKGROUND: Significant progress has been made over the past decade in measuring the chemical components of the exposome, providing transformative population-scale frameworks in probing the etiologic link between environmental factors and disease phenotypes. While the analytical technologies continue to evolve with reams of data being generated, there is an opportunity to complement exposome-wide association studies (ExWAS) with functional analyses to advance etiologic search at organismal, cellular, and molecular levels. OBJECTIVES: Exposomics is a transdisciplinary field aimed at enabling discovery-based analysis of the nongenetic factors that contribute to disease, including numerous environmental chemical stressors. While advances in exposure assessment are enhancing population-based discovery of exposome-wide effects and chemical exposure agents, functional screening and elucidation of biological effects of exposures represent the next logical step toward precision environmental health and medicine. In this work, we focus on the use, strategies, and prospects of alternative approaches and model systems to enhance the current human exposomics framework in biomarker search and causal understanding, spanning from bench-based nonmammalian organisms and cell culture to computational new approach methods (NAMs). DISCUSSION: We visit the definition of the functional exposome and exposomics and discuss a need to leverage alternative models as opposed to mammalian animals for delineating exposome-wide health effects. Under the ""three Rs"" principle of reduction, replacement, and refinement, model systems such as roundworms, fruit flies, zebrafish, and induced pluripotent stem cells (iPSCs) are advantageous over mammals (e.g., rodents or higher vertebrates). These models are cost-effective, and cell-specific genetic manipulations in these models are easier and faster, compared to mammalian models. Meanwhile, in silico NAMs enhance hazard identification and risk assessment in humans by bridging the translational gaps between toxicology data and etiologic inference, as represented by in vitro to in vivo extrapolation (IVIVE) and integrated approaches to testing and assessment (IATA) under the adverse outcome pathway (AOP) framework. Together, these alternatives offer a strong toolbox to support functional exposomics to study toxicity and causal mediators underpinning exposure-disease links. https://doi.org/10.1289/EHP13120. FAU - Lai, Yunjia AU - Lai Y AUID- ORCID: 0000-0002-1081-0897 AD - Department of Environmental Health Sciences, Mailman School of Public Health, Columbia University, New York, New York, USA. FAU - Ay, Muhammet AU - Ay M AUID- ORCID: 0000-0003-1179-593X AD - Department of Environmental Medicine, University of Rochester Medical Center, Rochester, New York, USA. FAU - Hospital, Carolina Duarte AU - Hospital CD AUID- ORCID: 0000-0002-6781-1903 AD - Department of Environmental Health Sciences, Mailman School of Public Health, Columbia University, New York, New York, USA. FAU - Miller, Gary W AU - Miller GW AUID- ORCID: 0000-0001-8984-1284 AD - Department of Environmental Health Sciences, Mailman School of Public Health, Columbia University, New York, New York, USA. FAU - Sarkar, Souvarish AU - Sarkar S AUID- ORCID: 0000-0002-7384-0508 AD - Department of Environmental Medicine, University of Rochester Medical Center, Rochester, New York, USA. AD - Department of Neuroscience, University of Rochester Medical Center, Rochester, New York, USA. LA - eng GR - U2C ES030163/ES/NIEHS NIH HHS/United States GR - R01 AG067501/AG/NIA NIH HHS/United States GR - R00 ES033723/ES/NIEHS NIH HHS/United States GR - UL1 TR001873/TR/NCATS NIH HHS/United States GR - K99 ES033723/ES/NIEHS NIH HHS/United States GR - P30 ES009089/ES/NIEHS NIH HHS/United States GR - RF1 AG066107/AG/NIA NIH HHS/United States GR - P30 ES001247/ES/NIEHS NIH HHS/United States PT - Journal Article PT - Review DEP - 20240904 PL - United States TA - Environ Health Perspect JT - Environmental health perspectives JID - 0330411 RN - 0 (Biomarkers) SB - IM MH - Animals MH - Humans MH - Biomarkers MH - *Environmental Exposure MH - Environmental Health/methods MH - *Exposome PMC - PMC11373422 EDAT- 2024/09/04 12:42 MHDA- 2024/09/04 12:43 PMCR- 2024/09/04 CRDT- 2024/09/04 09:12 PHST- 2024/09/04 12:43 [medline] PHST- 2024/09/04 12:42 [pubmed] PHST- 2024/09/04 09:12 [entrez] PHST- 2024/09/04 00:00 [pmc-release] AID - EHP13120 [pii] AID - 10.1289/EHP13120 [doi] PST - ppublish SO - Environ Health Perspect. 2024 Sep;132(9):94201. doi: 10.1289/EHP13120. Epub 2024 Sep 4."
172,320,Europe PMC,Cd,"""Drosophila melanogaster"" cadmium neurotoxicity",39230330,10.1289/ehp13120,pmc11373422,Seminar: Functional Exposomics and Mechanisms of Toxicity-Insights from Model Systems and NAMs.
204,205,PMC,Pb,"""Drosophila melanogaster"" lead neurotoxicity",41871202,10.1021/acs.est.5c13193,13051483,"Predifferentiation Neurotoxicity of GenX Exposure on hiPSC-Derived Cortical Neurons. PG - 9857-9871 LID - 10.1021/acs.est.5c13193 [doi] AB - Hexafluoropropylene oxide dimer acid (HFPO-DA), commercially known as GenX, was introduced as a potentially safer substitute for an older type of per- and polyfluorinated substance (PFAS) named perfluorooctanoic acid (PFOA). Emerging evidence suggests that GenX may possess neurotoxicity comparable to or greater than that of PFOA, underscoring the need for evaluating its potential to induce adverse health effects on the central nervous system. Here, we performed a systematic evaluation of predifferentiation GenX exposure and its neurotoxic effects utilizing human induced pluripotent stem cell (hiPSC)-derived cortical neurons. Neurons exposed to 0.4 and 4 ppb GenX prior to differentiation possess altered neuronal characteristics including synaptic density and neural activity, accompanied by transcriptomic changes associated with neurodegeneration, including enriched differentially expressed genes (DEGs) in the Alzheimer's disease (AD) pathway and predicted dysregulation of amyloid processing. Consistent with the transcriptomic alterations, GenX exposure altered multiple APP processing readouts, including increased sAPPβ/sAPPα ratios and intracellular C99 accumulation, accompanied by reduced extracellular Aβ40 and Aβ42 levels. Hyperphosphorylation of tau was also observed along with lipid droplet accumulation and reduced global translational activity, indicating broader disruptions. Collectively, our findings suggest that GenX exposure prior to differentiation, mimicking developmental exposure, can lead to persistent molecular and functional alterations in human cortical neurons that resemble key features observed in neurodegenerative diseases. FAU - Wu, Shichen AU - Wu S AD - Davidson School of Chemical Engineering, Purdue University, West Lafayette, Indiana 47907, United States. FAU - Xie, Junkai AU - Xie J AD - Davidson School of Chemical Engineering, Purdue University, West Lafayette, Indiana 47907, United States. FAU - Zhao, Xihui AU - Zhao X AD - Davidson School of Chemical Engineering, Purdue University, West Lafayette, Indiana 47907, United States. FAU - Zhao, Han AU - Zhao H AD - Davidson School of Chemical Engineering, Purdue University, West Lafayette, Indiana 47907, United States. FAU - Sánchez, Oscar F AU - Sánchez OF AD - Davidson School of Chemical Engineering, Purdue University, West Lafayette, Indiana 47907, United States. FAU - Yu, Serena AU - Yu S AD - School of Health Sciences, Purdue University, West Lafayette, Indiana 47907, United States. FAU - Rochet, Jean-Christophe AU - Rochet JC AUID- ORCID: 0000-0002-6484-1541 AD - Borch Department of Medicinal Chemistry and Molecular Pharmacy, Purdue University, West Lafayette, Indiana 47907, United States. AD - Purdue Institute of Integrated Neuroscience, Purdue University, West Lafayette, Indiana 47907, United States. FAU - Freeman, Jennifer L AU - Freeman JL AUID- ORCID: 0000-0002-3669-9111 AD - School of Health Sciences, Purdue University, West Lafayette, Indiana 47907, United States. FAU - Yuan, Chongli AU - Yuan C AUID- ORCID: 0000-0003-3765-0931 AD - Davidson School of Chemical Engineering, Purdue University, West Lafayette, Indiana 47907, United States. AD - Purdue Institute of Integrated Neuroscience, Purdue University, West Lafayette, Indiana 47907, United States. LA - eng GR - R01 AG080917/AG/NIA NIH HHS/United States GR - R01 ES035429/ES/NIEHS NIH HHS/United States PT - Journal Article DEP - 20260323 PL - United States TA - Environ Sci Technol JT - Environmental science & technology JID - 0213155 RN - 0 (Fluorocarbons) SB - IM MH - Humans MH - Induced Pluripotent Stem Cells MH - *Neurons/drug effects MH - Fluorocarbons/toxicity MH - Cell Differentiation/drug effects PMC - PMC13051483 MID - NIHMS2162063 OTO - NOTNLM OT - Alzheimer’s disease OT - GenX exposure OT - PFAS OT - hiPSC-derived cortical neurons OT - neurotoxicity COIS- CONFLICT OF INTEREST The authors declare no conflict of interest. EDAT- 2026/03/23 19:54 MHDA- 2026/04/07 06:31 PMCR- 2026/04/07 CRDT- 2026/03/23 14:23 PHST- 2026/04/07 06:31 [medline] PHST- 2026/03/23 19:54 [pubmed] PHST- 2026/03/23 14:23 [entrez] PHST- 2026/04/07 00:00 [pmc-release] AID - 10.1021/acs.est.5c13193 [doi] PST - ppublish SO - Environ Sci Technol. 2026 Apr 7;60(13):9857-9871. doi: 10.1021/acs.est.5c13193. Epub 2026 Mar 23."
204,406,Europe PMC,Pb,"""Drosophila melanogaster"" lead neurotoxicity",41871202,10.1021/acs.est.5c13193,pmc13051483,Predifferentiation Neurotoxicity of GenX Exposure on hiPSC-Derived Cortical Neurons.
230,231,PMC,Pb,"""Drosophila melanogaster"" lead toxicogenomics",41775522,10.1002/2211-5463.70205,12956479,"Supplement: FEBS-IUBMB-ENABLE 4(th) International Molecular Biosciences, PhD and Postdoc Conference BRIDGING MINDS, Interdisciplinary research for the future of life sciences, 10(th)-12(th) September 2025, CRUK Scotland Institute, Glasgow, United Kingdom. PG - S16-S53 LID - 10.1002/2211-5463.70205 [doi] LA - eng PT - Journal Article PL - England TA - FEBS Open Bio JT - FEBS open bio JID - 101580716 SB - IM PMC - PMC12956479 EDAT- 2026/03/04 01:17 MHDA- 2026/03/04 01:17 PMCR- 2026/03/03 CRDT- 2026/03/03 21:33 PHST- 2026/01/15 00:00 [accepted] PHST- 2026/03/04 01:17 [medline] PHST- 2026/03/04 01:17 [pubmed] PHST- 2026/03/03 21:33 [entrez] PHST- 2026/03/03 00:00 [pmc-release] AID - FEB470205 [pii] AID - 10.1002/2211-5463.70205 [doi] PST - ppublish SO - FEBS Open Bio. 2026 Mar;16 Suppl 1(Suppl 1):S16-S53. doi: 10.1002/2211-5463.70205."
230,448,Europe PMC,Pb,"""Drosophila melanogaster"" lead toxicogenomics",41775522,10.1002/2211-5463.70205,pmc12956479,"Supplement: FEBS-IUBMB-ENABLE 4&lt;sup&gt;th&lt;/sup&gt; International Molecular Biosciences, PhD and Postdoc Conference BRIDGING MINDS, Interdisciplinary research for the future of life sciences, 10&lt;sup&gt;th&lt;/sup&gt;-12&lt;sup&gt;th&lt;/sup&gt; September 2025, CRUK Scotland Institute, Glasgow, United Kingdom."
233,234,PMC,Pb,"""Drosophila melanogaster"" lead toxicogenomics",39095509,10.1038/s41401-024-01353-1,11747326,"Overview and limitations of database in global traditional medicines: A narrative review. PG - 235-263 LID - 10.1038/s41401-024-01353-1 [doi] AB - The study of traditional medicine has garnered significant interest, resulting in various research areas including chemical composition analysis, pharmacological research, clinical application, and quality control. The abundance of available data has made databases increasingly essential for researchers to manage the vast amount of information and explore new drugs. In this article we provide a comprehensive overview and summary of 182 databases that are relevant to traditional medicine research, including 73 databases for chemical component analysis, 70 for pharmacology research, and 39 for clinical application and quality control from published literature (2000-2023). The review categorizes the databases by functionality, offering detailed information on websites and capacities to facilitate easier access. Moreover, this article outlines the primary function of each database, supplemented by case studies to aid in database selection. A practical test was conducted on 68 frequently used databases using keywords and functionalities, resulting in the identification of highlighted databases. This review serves as a reference for traditional medicine researchers to choose appropriate databases and also provides insights and considerations for the function and content design of future databases. CI - © 2024. The Author(s), under exclusive licence to Shanghai Institute of Materia Medica, Chinese Academy of Sciences and Chinese Pharmacological Society. FAU - Li, Xiao-Lan AU - Li XL AD - Shanghai Research Center for Modernization of Traditional Chinese Medicine, National Engineering Research Center of TCM Standardization Technology, Shanghai Institute of Materia Medica, Chinese Academy of Sciences, Shanghai, 201203, China. AD - University of Chinese Academy of Sciences, Beijing, 100049, China. FAU - Zhang, Jian-Qing AU - Zhang JQ AD - Shanghai Research Center for Modernization of Traditional Chinese Medicine, National Engineering Research Center of TCM Standardization Technology, Shanghai Institute of Materia Medica, Chinese Academy of Sciences, Shanghai, 201203, China. FAU - Shen, Xuan-Jing AU - Shen XJ AD - Shanghai Research Center for Modernization of Traditional Chinese Medicine, National Engineering Research Center of TCM Standardization Technology, Shanghai Institute of Materia Medica, Chinese Academy of Sciences, Shanghai, 201203, China. AD - University of Chinese Academy of Sciences, Beijing, 100049, China. FAU - Zhang, Yu AU - Zhang Y AD - Shanghai Research Center for Modernization of Traditional Chinese Medicine, National Engineering Research Center of TCM Standardization Technology, Shanghai Institute of Materia Medica, Chinese Academy of Sciences, Shanghai, 201203, China. AD - University of Chinese Academy of Sciences, Beijing, 100049, China. FAU - Guo, De-An AU - Guo DA AD - Shanghai Research Center for Modernization of Traditional Chinese Medicine, National Engineering Research Center of TCM Standardization Technology, Shanghai Institute of Materia Medica, Chinese Academy of Sciences, Shanghai, 201203, China. daguo@simm.ac.cn. AD - University of Chinese Academy of Sciences, Beijing, 100049, China. daguo@simm.ac.cn. LA - eng PT - Journal Article PT - Review DEP - 20240802 PL - United States TA - Acta Pharmacol Sin JT - Acta pharmacologica Sinica JID - 100956087 SB - IM MH - Humans MH - *Medicine, Traditional MH - Databases, Factual MH - Animals PMC - PMC11747326 OTO - NOTNLM OT - databases OT - pharmacological activity OT - phytochemicals OT - quality control OT - traditional medicine COIS- Competing interests: The authors declare no competing interests. EDAT- 2024/08/03 10:42 MHDA- 2025/01/21 09:02 PMCR- 2026/02/01 CRDT- 2024/08/02 23:24 PHST- 2023/07/27 00:00 [received] PHST- 2024/07/02 00:00 [accepted] PHST- 2025/01/21 09:02 [medline] PHST- 2024/08/03 10:42 [pubmed] PHST- 2024/08/02 23:24 [entrez] PHST- 2026/02/01 00:00 [pmc-release] AID - 10.1038/s41401-024-01353-1 [pii] AID - 1353 [pii] AID - 10.1038/s41401-024-01353-1 [doi] PST - ppublish SO - Acta Pharmacol Sin. 2025 Feb;46(2):235-263. doi: 10.1038/s41401-024-01353-1. Epub 2024 Aug 2."
233,458,Europe PMC,Pb,"""Drosophila melanogaster"" lead toxicogenomics",39095509,10.1038/s41401-024-01353-1,pmc11747326,Overview and limitations of database in global traditional medicines: A narrative review.
246,248,PMC,Hg,"""Drosophila melanogaster"" mercury neurotoxicity",41596096,10.3390/antiox15010037,12837229,"Essential Oils as Antioxidants: Mechanistic Insights from Radical Scavenging to Redox Signaling. LID - 10.3390/antiox15010037 [doi] LID - 37 AB - Essential oils (EOs) are complex volatile mixtures that exhibit antioxidant activity through both chemical and biological pathways. Phenolic constituents act as efficient chain-breaking radical-trapping antioxidants, whereas some non-phenolic terpenes operate through distinct mechanisms. Notably, γ-terpinene functions via a ""radical export"" pathway, generating hydroperoxyl radicals that intercept lipid peroxyl radicals and accelerate chain termination. Recent methodological advances, such as inhibited autoxidation kinetics, oxygen-consumption assays, and fluorescence-based lipid peroxidation probes, have enabled more quantitative evaluation of these activities. Beyond direct radical chemistry, EOs also regulate redox homeostasis by modulating signaling networks such as Nrf2/Keap1, thereby activating antioxidant response element-driven enzymatic defenses in cell and animal models. Phenolic constituents and electrophilic compounds bearing an α,β-unsaturated carbonyl structure may directly activate Nrf2 by modifying Keap1 cysteine residues, whereas non-phenolic terpenes likely depend on oxidative metabolism to form active electrophilic species. Despite broad evidence of antioxidant efficacy, molecular characterization of EO-protein interactions remains limited. This review integrates radical-chain dynamics with redox signaling biology to clarify the mechanistic basis of EO antioxidant activity and to provide a framework for future research. FAU - Huang, Yeqin AU - Huang Y AUID- ORCID: 0000-0003-2468-8674 AD - Department of Chemistry ""G. Ciamician"", University of Bologna, Via Gobetti 83, 40129 Bologna, Italy. FAU - Ebrahimi, Haniyeh AU - Ebrahimi H AD - Department of Chemistry ""G. Ciamician"", University of Bologna, Via Gobetti 83, 40129 Bologna, Italy. FAU - Berselli, Elena AU - Berselli E AD - Department of Chemistry ""G. Ciamician"", University of Bologna, Via Gobetti 83, 40129 Bologna, Italy. FAU - Foti, Mario C AU - Foti MC AD - Consiglio Nazionale delle Ricerche, Istituto di Chimica Biomolecolare, Via Paolo Gaifami 18, 95126 Catania, Italy. FAU - Amorati, Riccardo AU - Amorati R AUID- ORCID: 0000-0002-6417-9957 AD - Department of Chemistry ""G. Ciamician"", University of Bologna, Via Gobetti 83, 40129 Bologna, Italy. LA - eng PT - Journal Article PT - Review DEP - 20251226 PL - Switzerland TA - Antioxidants (Basel) JT - Antioxidants (Basel, Switzerland) JID - 101668981 PMC - PMC12837229 OTO - NOTNLM OT - Nrf2/Keap1 pathway OT - antioxidant mechanisms OT - essential oils OT - kinetics OT - methodology OT - phenolic compounds OT - radicals OT - redox signaling OT - terpenes COIS- The authors declare no conflicts of interest. EDAT- 2026/01/28 07:48 MHDA- 2026/01/28 07:49 PMCR- 2025/12/26 CRDT- 2026/01/28 01:09 PHST- 2025/11/18 00:00 [received] PHST- 2025/12/16 00:00 [revised] PHST- 2025/12/23 00:00 [accepted] PHST- 2026/01/28 07:49 [medline] PHST- 2026/01/28 07:48 [pubmed] PHST- 2026/01/28 01:09 [entrez] PHST- 2025/12/26 00:00 [pmc-release] AID - antiox15010037 [pii] AID - antioxidants-15-00037 [pii] AID - 10.3390/antiox15010037 [doi] PST - epublish SO - Antioxidants (Basel). 2025 Dec 26;15(1):37. doi: 10.3390/antiox15010037."
246,478,Europe PMC,Hg,"""Drosophila melanogaster"" mercury neurotoxicity",41596096,10.3390/antiox15010037,pmc12837229,Essential Oils as Antioxidants: Mechanistic Insights from Radical Scavenging to Redox Signaling.
248,250,PMC,Hg,"""Drosophila melanogaster"" mercury neurotoxicity",41395454,10.1002/ibra.70005,12701146,"Perturbed synaptic adhesion molecules signaling in neurodevelopmental disorders: The impact of metal neurotoxicity. PG - 403-421 LID - 10.1002/ibra.70005 [doi] AB - Synaptic adhesion molecules (SAMs) are glycoproteins localized on neuronal surfaces, primarily expressed at synaptic plasma membranes. SAMs play a role in inducing formation, maturation, plasticity, and assembly of synaptic connections, which are vital for normal neurodevelopment. SAMs link the pre- and post-synaptic compartments and assist in inter-synaptic signaling and recognition. An increasing variety of SAMs, including neurexins and neuroligins, immunoglobulin (Ig) domain proteins-like synaptic cell adhesion molecule (SynCAM) and neural cell adhesion molecule, receptor phosphotyrosine kinases and phosphatases, as well as various leucine-rich repeat proteins, have been identified. Neurodevelopmental disorders (NDDs), like autism, attention deficit hyperactivity disorder, intellectual disabilities, and cerebral palsy, have been associated with altered SAMs. NDDs are characterized by a spectrum of challenges stemming from abnormal brain development. The etiology of these disorders involves the interaction between genes and environmental factors, such as metals. This review aims to provide a comprehensive overview of the literature, highlighting the role of SAMs in NDDs and potential mechanisms via which neurotoxic metals may contribute to the pathogenesis of NDDs that could involve perturbations in SAMs. Understanding these interconnections will assist in identifying therapeutic targets for these disorders. CI - © 2025 The Author(s). Ibrain published by Affiliated Hospital of Zunyi Medical University (AHZMU) and Wiley‐VCH GmbH. FAU - Oyerinde, Toheeb O AU - Oyerinde TO AUID- ORCID: 0000-0002-0116-1485 AD - Laboratory for Experimental and Translational Neurobiology University of Medical Sciences Ondo Nigeria. AD - Department of Anatomy, Faculty of Basic Medical Sciences University of Medical Sciences Ondo Nigeria. FAU - Anadu, Victor E AU - Anadu VE AD - Laboratory for Experimental and Translational Neurobiology University of Medical Sciences Ondo Nigeria. AD - Department of Anatomy, Faculty of Basic Medical Sciences University of Medical Sciences Ondo Nigeria. FAU - Olajide, Tobiloba S AU - Olajide TS AUID- ORCID: 0000-0001-7234-3748 AD - Laboratory for Experimental and Translational Neurobiology University of Medical Sciences Ondo Nigeria. FAU - Ukwubile, Ileje I AU - Ukwubile II AD - Laboratory for Experimental and Translational Neurobiology University of Medical Sciences Ondo Nigeria. AD - Department of Anatomy, Faculty of Basic Medical Sciences University of Medical Sciences Ondo Nigeria. FAU - Ijomone, Olayemi K AU - Ijomone OK AUID- ORCID: 0000-0002-0933-8409 AD - Laboratory for Experimental and Translational Neurobiology University of Medical Sciences Ondo Nigeria. AD - Department of Anatomy, Faculty of Basic Medical Sciences University of Medical Sciences Ondo Nigeria. FAU - Iteire, Kingsley A AU - Iteire KA AD - Department of Anatomy, Faculty of Basic Medical Sciences University of Medical Sciences Ondo Nigeria. FAU - Aschner, Michael AU - Aschner M AUID- ORCID: 0000-0002-2619-1656 AD - Department of Molecular Pharmacology Albert Einstein College of Medicine Bronx New York USA. FAU - Ijomone, Omamuyovwi M AU - Ijomone OM AD - Laboratory for Experimental and Translational Neurobiology University of Medical Sciences Ondo Nigeria. AD - Department of Anatomy, Faculty of Basic Medical Sciences University of Medical Sciences Ondo Nigeria. AD - Department of Molecular Pharmacology Albert Einstein College of Medicine Bronx New York USA. LA - eng PT - Journal Article PT - Review DEP - 20251104 PL - United States TA - Ibrain JT - Ibrain JID - 9918680988706676 PMC - PMC12701146 OTO - NOTNLM OT - neurodevelopmental disorders OT - neurotoxic metals OT - synapses and autism OT - synaptic adhesion molecules COIS- The authors declare no conflict of interest. The content is solely the responsibility of the authors and does not necessarily represent the official views of the Fogarty International Center (FIC) nor the National Institutes of Health (NIH). EDAT- 2025/12/15 13:09 MHDA- 2025/12/15 13:10 PMCR- 2025/11/04 CRDT- 2025/12/15 06:32 PHST- 2025/04/25 00:00 [received] PHST- 2025/10/20 00:00 [revised] PHST- 2025/10/23 00:00 [accepted] PHST- 2025/12/15 13:10 [medline] PHST- 2025/12/15 13:09 [pubmed] PHST- 2025/12/15 06:32 [entrez] PHST- 2025/11/04 00:00 [pmc-release] AID - IBRA70005 [pii] AID - 10.1002/ibra.70005 [doi] PST - epublish SO - Ibrain. 2025 Nov 4;11(4):403-421. doi: 10.1002/ibra.70005. eCollection 2025 Winter."
248,315,Europe PMC,Cd,"""Drosophila melanogaster"" cadmium neurotoxicity",41395454,10.1002/ibra.70005,pmc12701146,Perturbed synaptic adhesion molecules signaling in neurodevelopmental disorders: The impact of metal neurotoxicity.
249,251,PMC,Hg,"""Drosophila melanogaster"" mercury neurotoxicity",41381728,10.1038/s41598-025-97062-8,12698811,"Pharmacological and toxicological insights into the ayurvedic formulation Rasasindura. PG - 43591 LID - 10.1038/s41598-025-97062-8 [doi] LID - 43591 AB - The current study explores the safety of Rasasindura (RS), an Ayurvedic herbo-metallic preparation containing mercury, and its therapeutic potential against oligospermia. Based on global concerns due to the toxicity of mercury, this study was designed to evaluate the toxicology and pharmacology of RS. Wistar rats were administered therapeutic and high doses of RS intragastrically for the in vivo toxicology study. The toxicity tests showed no significant changes in the major functions of organs, hematological and biochemical functions except mild hyperactivity in a few animals in the high dose group. The study's histopathological and biochemical analyses revealed no significant morphological or functional abnormalities in the brain, liver, kidneys, or testes of rats administered with high doses of RS, indicating normal neuronal and organ function. Additionally, biochemical and hematological evaluations showed no adverse effects, suggesting RS does not impair metabolic activities at the tested doses. A therapeutic study was carried out in oligospermia-induced Swiss Albino mice. RS caused a significant increase in sperm motility and count and reduced sperm abnormalities in mice treated with lead acetate-induced oligospermia. The elevated levels of the genes Catsper and Calpain revealed that the formulation activates the calcium channels which contribute to an increase in sperm count. Further, microarray studies revealed potential anti-inflammatory, anti-obesity, anti-diabetic, anti-cancer, and immunomodulatory activities of RS. However, RS treatment also resulted in gene expression linked to possible toxic effects. Purified mercury-containing Ayurvedic preparations are safe at therapeutic concentrations if administered using a suitable vehicle; this is of great significance in reducing toxicity and enhancing efficacy, though higher concentrations could cause toxic effects mainly neurological, and hence the use of such potent metal-based medications are advised to be prescribed under medical supervision. To conclude, Rasasindura appears to be non-toxic at therapeutic doses and has shown promise the in treatment of oligospermia. Further studies could explore additional therapeutic effects and associated mechanisms for other disorders. CI - © 2025. The Author(s). FAU - Kamath, Sushant U AU - Kamath SU AD - School of Chemical and Biotechnology, SASTRA University, Thanjavur, Tamil Nadu, 613 401, India. AD - Centre for Nanotechnology & Advanced Biomaterials, SASTRA University, Thanjavur, Tamil Nadu, 613 401, India. FAU - Rajendran, Kayalvizhi AU - Rajendran K AD - School of Chemical and Biotechnology, SASTRA University, Thanjavur, Tamil Nadu, 613 401, India. AD - Centre for Nanotechnology & Advanced Biomaterials, SASTRA University, Thanjavur, Tamil Nadu, 613 401, India. FAU - Pemiah, Brindha AU - Pemiah B AD - School of Chemical and Biotechnology, SASTRA University, Thanjavur, Tamil Nadu, 613 401, India. AD - Centre for Advanced Research in Indian System of Medicine, SASTRA University, Thanjavur, Tamil Nadu, 613 401, India. FAU - Rajan, K S AU - Rajan KS AD - School of Chemical and Biotechnology, SASTRA University, Thanjavur, Tamil Nadu, 613 401, India. AD - Centre for Nanotechnology & Advanced Biomaterials, SASTRA University, Thanjavur, Tamil Nadu, 613 401, India. FAU - Krishnaswamy, Sridharan AU - Krishnaswamy S AD - School of Chemical and Biotechnology, SASTRA University, Thanjavur, Tamil Nadu, 613 401, India. FAU - Sethuraman, Swaminathan AU - Sethuraman S AD - School of Chemical and Biotechnology, SASTRA University, Thanjavur, Tamil Nadu, 613 401, India. AD - Centre for Nanotechnology & Advanced Biomaterials, SASTRA University, Thanjavur, Tamil Nadu, 613 401, India. FAU - Krishnan, Uma Maheswari AU - Krishnan UM AD - School of Chemical and Biotechnology, SASTRA University, Thanjavur, Tamil Nadu, 613 401, India. umakrishnan@sastra.edu. AD - Centre for Nanotechnology & Advanced Biomaterials, SASTRA University, Thanjavur, Tamil Nadu, 613 401, India. umakrishnan@sastra.edu. AD - School of Arts, Sciences, Humanities & Education, Thanjavur, Tamil Nadu, 613401, India. umakrishnan@sastra.edu. LA - eng GR - Z.15015/1/2010-COE/Ministry of AYUSH, Government of India/ GR - Z.15015/1/2010-COE/Ministry of AYUSH, Government of India/ GR - Z.15015/1/2010-COE/Ministry of AYUSH, Government of India/ GR - Z.15015/1/2010-COE/Ministry of AYUSH, Government of India/ GR - Z.15015/1/2010-COE/Ministry of AYUSH, Government of India/ GR - SR/S5/NM-07/2006 & SR/NM/PG-16-2007/Department of Science and Technology, Ministry of Science and Technology, India/ GR - SR/S5/NM-07/2006 & SR/NM/PG-16-2007/Department of Science and Technology, Ministry of Science and Technology, India/ GR - SR/S5/NM-07/2006 & SR/NM/PG-16-2007/Department of Science and Technology, Ministry of Science and Technology, India/ PT - Journal Article DEP - 20251211 PL - England TA - Sci Rep JT - Scientific reports JID - 101563288 RN - 0 (Plant Extracts) RN - FXS1BY2PGL (Mercury) SB - IM MH - Animals MH - Male MH - *Medicine, Ayurvedic MH - Mice MH - Rats, Wistar MH - Rats MH - *Oligospermia/drug therapy/chemically induced MH - Sperm Motility/drug effects MH - *Plant Extracts/pharmacology/toxicity MH - Testis/drug effects MH - *Mercury/toxicity MH - Sperm Count PMC - PMC12698811 OTO - NOTNLM OT - Ayurvedic OT - Gene expression OT - Mercury OT - Sperm motility OT - Toxicity COIS- Declarations. Competing interests: The authors declare no competing interests. Ethics approval: All experimental procedures were reviewed and approved by the Institutional Animal Ethics Committee (120/SASTRA/IAEC/RPP, 284/SASTRA/IAEC/RPP) SASTRA Deemed University. EDAT- 2025/12/12 03:28 MHDA- 2025/12/12 03:29 PMCR- 2025/12/11 CRDT- 2025/12/11 23:29 PHST- 2024/11/11 00:00 [received] PHST- 2025/04/02 00:00 [accepted] PHST- 2025/12/12 03:29 [medline] PHST- 2025/12/12 03:28 [pubmed] PHST- 2025/12/11 23:29 [entrez] PHST- 2025/12/11 00:00 [pmc-release] AID - 10.1038/s41598-025-97062-8 [pii] AID - 97062 [pii] AID - 10.1038/s41598-025-97062-8 [doi] PST - epublish SO - Sci Rep. 2025 Dec 11;15(1):43591. doi: 10.1038/s41598-025-97062-8."
249,462,Europe PMC,Hg,"""Drosophila melanogaster"" mercury neurotoxicity",41381728,10.1038/s41598-025-97062-8,pmc12698811,Pharmacological and toxicological insights into the ayurvedic formulation Rasasindura.
255,257,PMC,Hg,"""Drosophila melanogaster"" mercury neurotoxicity",41199366,10.1186/s12989-025-00647-4,12590691,"A systematic review of the potential neurotoxicity of micro-and nanoplastics: the known and unknown. PG - 29 LID - 10.1186/s12989-025-00647-4 [doi] LID - 29 AB - BACKGROUND: The escalating accumulation of micro- and nanoplastics (MNPs) in the environment has raised significant concerns regarding their neurotoxic potential in vertebrates. This critical review synthesizes evidence from 234 original research articles across aquatic and terrestrial models, as well as in vitro systems, to evaluate the impacts of MNPs on the brain. MAIN BODY: Emerging data suggest that MNPs may reach the brain via olfactory translocation or by penetrating the blood-brain barrier, potentially facilitated by biomolecular corona formation. However, distribution kinetics, long-term retention, and true internal exposure levels remain unresolved. We highlight that neurotoxic outcomes, such as oxidative stress, cholinergic dysfunction, neurotransmitter imbalances, and neuronal apoptosis, vary widely depending on particle size, shape, polymer type, exposure concentration, and host species. Nevertheless, inconsistencies across models and experimental conditions, such as mismatches between oxidative stress markers and behavioral effects or lack of dose-response relationships, hinder mechanistic clarity and translational relevance to human health. Notably, most current studies employ spherical polystyrene particles at supraphysiological concentrations, limiting ecological and clinical extrapolation. Interactions with microbial biofilms and host microbiota are largely unexplored, despite their probable role in modulating neurotoxicity via the gut-brain axis. Moreover, most studies rely on analytical methods validated only for microplastic detection, while robust, standardized approaches for identifying nanoplastics in environmental and biological matrices remain lacking. These gaps hinder accurate exposure quantification, obscure tissue-specific accumulation patterns, and complicate human health risk estimation. CONCLUSION: To advance the field, we recommend comprehensive physicochemical characterization of MNPs, adoption of environmentally relevant exposure scenarios, inclusion of diverse polymer types and shapes, and mechanistic integration through multi-omics and adverse outcome pathway frameworks. Addressing these challenges through harmonized methodologies and interdisciplinary collaboration is essential for developing predictive models of MNP-induced neurotoxicity and informing human health risk assessments. CI - © 2025. The Author(s). FAU - Vojnits, Kinga AU - Vojnits K AD - School of Engineering, University of British Columbia, Kelowna, BC, Canada. FAU - de León, Andrés AU - de León A AD - School of Engineering, University of British Columbia, Kelowna, BC, Canada. AD - Department of Biology, University of British Columbia, Kelowna, BC, Canada. FAU - Gibon, Julien AU - Gibon J AD - Office of the Vice-Principal Research and Innovation, McGill University, Montreal, QC, Canada. FAU - Barker, Philip AU - Barker P AD - Department of Biology, University of British Columbia, Kelowna, BC, Canada. FAU - Mahmoudi, Morteza AU - Mahmoudi M AD - Department of Radiology & Precision Health Program, Michigan State University, East Lansing, MI, USA. FAU - Pakpour, Sepideh AU - Pakpour S AD - School of Engineering, University of British Columbia, Kelowna, BC, Canada. sepideh.pakpour@ubc.ca. AD - Department of Biology, University of British Columbia, Kelowna, BC, Canada. sepideh.pakpour@ubc.ca. LA - eng PT - Journal Article PT - Systematic Review DEP - 20251106 PL - England TA - Part Fibre Toxicol JT - Particle and fibre toxicology JID - 101236354 RN - 0 (Microplastics) SB - IM MH - Animals MH - Humans MH - *Brain/drug effects/metabolism MH - *Microplastics/toxicity MH - *Nanoparticles/toxicity MH - *Neurotoxicity Syndromes/etiology MH - Oxidative Stress/drug effects MH - Particle Size MH - Risk Assessment PMC - PMC12590691 OTO - NOTNLM OT - In vitro models OT - In vivo models OT - Environmental pollutants OT - Microplastics OT - Nanoplastics OT - Neurotoxicity OT - Systematic review COIS- Declarations. Ethics approval and consent to participate: Not applicable. Consent for publication: Not applicable. Competing interests: Morteza Mahmoudi is a co-founder and director of the Academic Parity Movement (www.paritymovement.org), a non-profit organization dedicated to addressing academic discrimination, violence and incivility. He is a co-founder of Targets’ Tip, AlbuDerm and XProteome Inc., and he receives royalties/honoraria for his published books, plenary lectures and licensed patents.All the other authors have no competing interests. EDAT- 2025/11/07 00:27 MHDA- 2025/11/07 06:29 PMCR- 2025/11/06 CRDT- 2025/11/06 23:51 PHST- 2025/05/14 00:00 [received] PHST- 2025/10/14 00:00 [accepted] PHST- 2025/11/07 06:29 [medline] PHST- 2025/11/07 00:27 [pubmed] PHST- 2025/11/06 23:51 [entrez] PHST- 2025/11/06 00:00 [pmc-release] AID - 10.1186/s12989-025-00647-4 [pii] AID - 647 [pii] AID - 10.1186/s12989-025-00647-4 [doi] PST - epublish SO - Part Fibre Toxicol. 2025 Nov 6;22(1):29. doi: 10.1186/s12989-025-00647-4."
255,408,Europe PMC,Pb,"""Drosophila melanogaster"" lead neurotoxicity",41199366,10.1186/s12989-025-00647-4,pmc12590691,A systematic review of the potential neurotoxicity of micro-and nanoplastics: the known and unknown.
261,263,PMC,Hg,"""Drosophila melanogaster"" mercury neurotoxicity",40842652,10.3389/fnagi.2025.1646551,12364833,"Advancement in modeling of Alzheimer's disease: a comprehensive review of preclinical screening platforms. PG - 1646551 LID - 10.3389/fnagi.2025.1646551 [doi] LID - 1646551 AB - Alzheimer's disease (AD) is a chronic and progressive neurodegenerative condition that worsens with time and causes memory loss and cognitive impairment. For prompt intervention and management of AD, early detection is essential. Screening models play a crucial role in identifying individuals at risk of developing AD before the onset of noticeable clinical symptoms. This review summarizes a wide range of in vitro and in vivo screening models currently utilized in AD research, highlighting their advantages and limitations. In vitro systems-such as cell lines and primary neuronal cultures-provide controlled settings to investigate cellular mechanisms and drug efficacy. In contrast, in vivo models, including transgenic rodents and other animals, better replicate the complex biological features of AD. Each model type comes with distinct benefits and limitations concerning clinical relevance, cost-effectiveness, and ethical challenges. By evaluating the utility and constrains of these models, this article seeks to assist researchers in choosing suitable platforms for preclinical investigations and support the advancement of improved diagnostic tools and therapeutic strategies for AD. CI - Copyright © 2025 Adak, Singh, Jain, Tiwari, Singh, Kumar, Dadhwal, Chakroborty, Sharma, Singh and Sharma. FAU - Adak, Souvik AU - Adak S AD - NIMS Institute of Pharmacy, NIMS University, Jaipur, India. FAU - Singh, Shivam AU - Singh S AD - NIMS Institute of Pharmacy, NIMS University, Jaipur, India. FAU - Jain, Ridhi AU - Jain R AD - NIMS Institute of Pharmacy, NIMS University, Jaipur, India. FAU - Tiwari, Abhilasha AU - Tiwari A AD - NIMS Institute of Pharmacy, NIMS University, Jaipur, India. FAU - Singh, Binny AU - Singh B AD - NIMS Institute of Pharmacy, NIMS University, Jaipur, India. FAU - Kumar, Sumit AU - Kumar S AD - NIMS Institute of Pharmacy, NIMS University, Jaipur, India. FAU - Dadhwal, Ayushi AU - Dadhwal A AD - NIMS Institute of Pharmacy, NIMS University, Jaipur, India. FAU - Chakroborty, Avishek AU - Chakroborty A AD - NIMS Institute of Pharmacy, NIMS University, Jaipur, India. FAU - Sharma, Ashish Kumar AU - Sharma AK AD - NIMS Institute of Pharmacy, NIMS University, Jaipur, India. FAU - Singh, Ravindra Pal AU - Singh RP AD - NIMS Institute of Pharmacy, NIMS University, Jaipur, India. FAU - Sharma, Rajesh Kumar AU - Sharma RK AD - NIMS Institute of Pharmacy, NIMS University, Jaipur, India. LA - eng PT - Journal Article PT - Review DEP - 20250806 PL - Switzerland TA - Front Aging Neurosci JT - Frontiers in aging neuroscience JID - 101525824 PMC - PMC12364833 OTO - NOTNLM OT - APP OT - Alzheimer’s disease OT - cognitive impairment OT - neurofibrillary tangles OT - screening models OT - tau COIS- The authors declare that the research was conducted in the absence of any commercial or financial relationships that could be construed as a potential conflict of interest. EDAT- 2025/08/22 08:44 MHDA- 2025/08/22 08:45 PMCR- 2025/08/06 CRDT- 2025/08/22 04:36 PHST- 2025/06/13 00:00 [received] PHST- 2025/07/24 00:00 [accepted] PHST- 2025/08/22 08:45 [medline] PHST- 2025/08/22 08:44 [pubmed] PHST- 2025/08/22 04:36 [entrez] PHST- 2025/08/06 00:00 [pmc-release] AID - 10.3389/fnagi.2025.1646551 [doi] PST - epublish SO - Front Aging Neurosci. 2025 Aug 6;17:1646551. doi: 10.3389/fnagi.2025.1646551. eCollection 2025."
261,470,Europe PMC,Hg,"""Drosophila melanogaster"" mercury neurotoxicity",40842652,10.3389/fnagi.2025.1646551,pmc12364833,Advancement in modeling of Alzheimer's disease: a comprehensive review of preclinical screening platforms.
266,268,PMC,Hg,"""Drosophila melanogaster"" mercury gene expression",41855143,10.1093/gbe/evag073,13082373,"Response of Protein Coding Genes and microRNAs to Temperature Changes in Four Species of Drosophilids. LID - 10.1093/gbe/evag073 [doi] LID - evag073 AB - Insects are the most abundant described living animals in the world, and they play important roles in the environment and in human society. Climate change affects global biodiversity, and studying temperature-dependent effects on insects is relevant to understanding the impact of climate crisis. However, little is known relating to how climate affects gene expression in different sexes of insects. Here, we utilized four species of fruit flies Drosophila (D. melanogaster, D. virilis, D. pseudoobscura, and D. erecta), with the male and female flies of each species subjected to three different temperatures to test their gene expression responses. In the transcriptomic profiles of protein-coding genes and microRNAs generated in this study, we showed that under the same temperature, there are more male-biased than female-biased protein-coding genes and microRNAs in all four investigated drosophilid species. Interestingly, upon temperature changes, there were more differentially expressed protein-coding genes in females than males in all four investigated species, while the responses of microRNAs are highly species- and sexes-specific. This study showed that protein-coding genes and microRNAs have undergone different selection between sexes during drosophilids evolution. CI - © The Author(s) 2026. Published by Oxford University Press on behalf of Society for Molecular Biology and Evolution. FAU - Tsang, Stacey S K AU - Tsang SSK AUID- ORCID: 0009-0003-3067-4540 AD - School of Life Sciences, Simon F.S. Li Marine Science Laboratory, The Chinese University of Hong Kong, Hong Kong SAR, China. AD - State Key Laboratory of Agrobiotechnology, The Chinese University of Hong Kong, Hong Kong SAR, China. AD - Institute of Environment, Energy and Sustainability, The Chinese University of Hong Kong, Hong Kong SAR, China. FAU - Nong, Wenyan AU - Nong W AUID- ORCID: 0000-0002-3277-716X AD - School of Life Sciences, Simon F.S. Li Marine Science Laboratory, The Chinese University of Hong Kong, Hong Kong SAR, China. AD - State Key Laboratory of Agrobiotechnology, The Chinese University of Hong Kong, Hong Kong SAR, China. AD - Institute of Environment, Energy and Sustainability, The Chinese University of Hong Kong, Hong Kong SAR, China. FAU - Xie, Yichun AU - Xie Y AUID- ORCID: 0000-0002-1744-5749 AD - School of Life Sciences, Simon F.S. Li Marine Science Laboratory, The Chinese University of Hong Kong, Hong Kong SAR, China. AD - State Key Laboratory of Agrobiotechnology, The Chinese University of Hong Kong, Hong Kong SAR, China. AD - Institute of Environment, Energy and Sustainability, The Chinese University of Hong Kong, Hong Kong SAR, China. FAU - Qu, Zhe AU - Qu Z AUID- ORCID: 0000-0003-3919-7368 AD - School of Life Sciences, Simon F.S. Li Marine Science Laboratory, The Chinese University of Hong Kong, Hong Kong SAR, China. AD - State Key Laboratory of Agrobiotechnology, The Chinese University of Hong Kong, Hong Kong SAR, China. AD - Institute of Environment, Energy and Sustainability, The Chinese University of Hong Kong, Hong Kong SAR, China. FAU - Yip, Ho Yin AU - Yip HY AUID- ORCID: 0000-0002-0022-5045 AD - School of Life Sciences, Simon F.S. Li Marine Science Laboratory, The Chinese University of Hong Kong, Hong Kong SAR, China. AD - State Key Laboratory of Agrobiotechnology, The Chinese University of Hong Kong, Hong Kong SAR, China. AD - Institute of Environment, Energy and Sustainability, The Chinese University of Hong Kong, Hong Kong SAR, China. FAU - Diego Gaitan-Espitia, Juan AU - Diego Gaitan-Espitia J AUID- ORCID: 0000-0001-8781-5736 AD - School of Biological Sciences, The University of Hong Kong, Hong Kong SAR, China. FAU - Tai, Amos P K AU - Tai APK AUID- ORCID: 0000-0001-5189-6263 AD - State Key Laboratory of Agrobiotechnology, The Chinese University of Hong Kong, Hong Kong SAR, China. AD - Institute of Environment, Energy and Sustainability, The Chinese University of Hong Kong, Hong Kong SAR, China. AD - Earth and Environmental Sciences Programme, Faculty of Science, The Chinese University of Hong Kong, Hong Kong SAR, China. FAU - Yeung, Ying Yeung AU - Yeung YY AUID- ORCID: 0000-0001-9881-5758 AD - Department of Chemistry, The Chinese University of Hong Kong, Hong Kong SAR, China. FAU - Tobe, Stephen S AU - Tobe SS AUID- ORCID: 0000-0002-5554-0966 AD - Department of Cell and Systems Biology, University of Toronto, Toronto, Canada. FAU - Bendena, William G AU - Bendena WG AUID- ORCID: 0000-0003-3874-4681 AD - Department of Biology, Queen's University, Kingston, Canada. FAU - Hui, Jerome H L AU - Hui JHL AUID- ORCID: 0000-0003-1355-8495 AD - School of Life Sciences, Simon F.S. Li Marine Science Laboratory, The Chinese University of Hong Kong, Hong Kong SAR, China. AD - State Key Laboratory of Agrobiotechnology, The Chinese University of Hong Kong, Hong Kong SAR, China. AD - Institute of Environment, Energy and Sustainability, The Chinese University of Hong Kong, Hong Kong SAR, China. LA - eng GR - 14100420/Hong Kong Research Grant Council General Research Fund/ GR - C4015-20EF/Collaborative Research Fund/ GR - 3110154/CUHK Group Research Scheme/ GR - 3133356/CUHK Group Research Scheme/ GR - 4053547/CUHK Group Research Scheme/ PT - Journal Article PL - England TA - Genome Biol Evol JT - Genome biology and evolution JID - 101509707 RN - 0 (MicroRNAs) SB - IM MH - Animals MH - *MicroRNAs/genetics MH - Female MH - Male MH - Temperature MH - *Drosophila/genetics MH - Transcriptome MH - *Drosophilidae/genetics MH - Species Specificity MH - Climate Change PMC - PMC13082373 COIS- Conflict of Interest: The authors declare no conflict of interest. EDAT- 2026/03/19 21:44 MHDA- 2026/04/16 04:10 PMCR- 2026/03/19 CRDT- 2026/03/19 13:24 PHST- 2026/03/09 00:00 [accepted] PHST- 2026/04/16 04:10 [medline] PHST- 2026/03/19 21:44 [pubmed] PHST- 2026/03/19 13:24 [entrez] PHST- 2026/03/19 00:00 [pmc-release] AID - 8529279 [pii] AID - evag073 [pii] AID - 10.1093/gbe/evag073 [doi] PST - ppublish SO - Genome Biol Evol. 2026 Apr 1;18(4):evag073. doi: 10.1093/gbe/evag073."
266,489,Europe PMC,Hg,"""Drosophila melanogaster"" mercury gene expression",41855143,10.1093/gbe/evag073,pmc13082373,Response of Protein Coding Genes and microRNAs to Temperature Changes in Four Species of Drosophilids.
272,274,PMC,Hg,"""Drosophila melanogaster"" mercury gene expression",41783568,10.1007/s42995-025-00336-3,12953842,"Life stage-dependent RNA interference in the tropical rock lobster Panulirus ornatus: mechanistic insights from RNA-seq and functional studies. PG - 1-15 LID - 10.1007/s42995-025-00336-3 [doi] AB - RNA interference (RNAi) has emerged as a key molecular tool in various commercially important decapod crustaceans, offering potential biotechnological applications in aquaculture. However, in the tropical rock lobster Panulirus ornatus, gene silencing through RNAi has proven difficult to achieve despite the availability of extensive omics data. This study investigates the RNAi response across life stages in P. ornatus, focusing on larvae and juveniles to determine when the species is most receptive to RNAi. Late-stage phyllosoma larvae and early juveniles were microinjected with dsRNA for the insulin-like growth factor binding protein encoding gene to determine silencing efficiency. Our results show that while juveniles exhibit an efficient systemic RNAi response with robust silencing across tissues, larvae display limited silencing capacity. A key finding is the differential expression of RNAi pathway components, including SID1, which facilitates dsRNA uptake in juveniles but is less active in larvae. Fluorescent microscopy revealed that dsRNA is rapidly sequestered and expelled by the antennal gland in larvae, potentially limiting RNAi efficacy. To further explore the mechanisms underlying RNAi in P. ornatus, RNA-seq analysis was conducted on pleopods collected across time points after dsRNA exposure in juvenile lobsters. Transcriptomic analysis identified significant upregulation of RNAi machinery, including Dicer-2, Argonaute-2, and SID1, which are critical for silencing. Additionally, several genes associated with antiviral responses were differentially expressed, suggesting broader involvement of RNAi in immune regulation. These findings highlight the potential to enhance RNAi strategies in P. ornatus juveniles, advancing the development of RNAi-based tools for disease resistance and productivity in aquaculture. SUPPLEMENTARY INFORMATION: The online version contains supplementary material available at 10.1007/s42995-025-00336-3. CI - © The Author(s) 2026. FAU - Banks, Thomas M AU - Banks TM AD - Centre for Bioinnovation, University of the Sunshine Coast (UniSC), Maroochydore, 4556 Australia. ROR: https://ror.org/016gb9e15. GRID: grid.1034.6. ISNI: 0000 0001 1555 3415 AD - School of Science and Engineering, University of the Sunshine Coast (UniSC), Maroochydore, 4556 Australia. ROR: https://ror.org/016gb9e15. GRID: grid.1034.6. ISNI: 0000 0001 1555 3415 AD - Institute for Marine and Antarctic Studies (IMAS), University of Tasmania, Hobart, 7001 Australia. ROR: https://ror.org/01nfmeh72. GRID: grid.1009.8. ISNI: 0000 0004 1936 826X FAU - Glendinning, Susan AU - Glendinning S AD - Centre for Bioinnovation, University of the Sunshine Coast (UniSC), Maroochydore, 4556 Australia. ROR: https://ror.org/016gb9e15. GRID: grid.1034.6. ISNI: 0000 0001 1555 3415 AD - School of Science and Engineering, University of the Sunshine Coast (UniSC), Maroochydore, 4556 Australia. ROR: https://ror.org/016gb9e15. GRID: grid.1034.6. ISNI: 0000 0001 1555 3415 FAU - Bhojwani, Avani AU - Bhojwani A AD - Centre for Bioinnovation, University of the Sunshine Coast (UniSC), Maroochydore, 4556 Australia. ROR: https://ror.org/016gb9e15. GRID: grid.1034.6. ISNI: 0000 0001 1555 3415 AD - School of Science and Engineering, University of the Sunshine Coast (UniSC), Maroochydore, 4556 Australia. ROR: https://ror.org/016gb9e15. GRID: grid.1034.6. ISNI: 0000 0001 1555 3415 FAU - Fitzgibbon, Quinn P AU - Fitzgibbon QP AD - Institute for Marine and Antarctic Studies (IMAS), University of Tasmania, Hobart, 7001 Australia. ROR: https://ror.org/01nfmeh72. GRID: grid.1009.8. ISNI: 0000 0004 1936 826X FAU - Smith, Gregory G AU - Smith GG AD - Institute for Marine and Antarctic Studies (IMAS), University of Tasmania, Hobart, 7001 Australia. ROR: https://ror.org/01nfmeh72. GRID: grid.1009.8. ISNI: 0000 0004 1936 826X FAU - Ventura, Tomer AU - Ventura T AD - Centre for Bioinnovation, University of the Sunshine Coast (UniSC), Maroochydore, 4556 Australia. ROR: https://ror.org/016gb9e15. GRID: grid.1034.6. ISNI: 0000 0001 1555 3415 AD - School of Science and Engineering, University of the Sunshine Coast (UniSC), Maroochydore, 4556 Australia. ROR: https://ror.org/016gb9e15. GRID: grid.1034.6. ISNI: 0000 0001 1555 3415 LA - eng PT - Journal Article DEP - 20260128 PL - Singapore TA - Mar Life Sci Technol JT - Marine life science & technology JID - 101748793 PMC - PMC12953842 OTO - NOTNLM OT - Aquaculture biotechnology OT - Decapod crustaceans OT - Gene silencing mechanism OT - RNA Interference OT - Spiny lobsters OT - Transcriptomic analysis OT - siRNA pathway COIS- Conflict of interestThe authors declare that there are no competing interests. EDAT- 2026/03/05 07:09 MHDA- 2026/03/05 07:10 PMCR- 2026/01/28 CRDT- 2026/03/05 04:55 PHST- 2025/05/30 00:00 [received] PHST- 2025/12/04 00:00 [accepted] PHST- 2026/03/05 07:10 [medline] PHST- 2026/03/05 07:09 [pubmed] PHST- 2026/03/05 04:55 [entrez] PHST- 2026/01/28 00:00 [pmc-release] AID - 336 [pii] AID - 10.1007/s42995-025-00336-3 [doi] PST - epublish SO - Mar Life Sci Technol. 2026 Jan 28;8(1):1-15. doi: 10.1007/s42995-025-00336-3. eCollection 2026 Feb."
272,491,Europe PMC,Hg,"""Drosophila melanogaster"" mercury gene expression",41783568,10.1007/s42995-025-00336-3,pmc12953842,Life stage-dependent RNA interference in the tropical rock lobster &lt;i&gt;Panulirus ornatus&lt;/i&gt;: mechanistic insights from RNA-seq and functional studies.
277,279,PMC,Hg,"""Drosophila melanogaster"" mercury gene expression",41690165,10.1016/j.jaim.2025.101292,12925066,"Potential anticancer activity of Shulva Yoga, a herbo-metallic compound, in loss of scrib induced cancer in Drosophila melanogaster. PG - 101292 LID - S0975-9476(25)00168-8 [pii] LID - 10.1016/j.jaim.2025.101292 [doi] LID - 101292 AB - BACKGROUND: The worldwide burden of cancer is illustrated by the 10.0 million fatalities (World Health Organization, 2021) and the 19.3 million incidence of new cases as reported in the GLOBOCAN data. The transparency to sensitiveness of chromosomal aberrations and the consequent responses in epithelial cancer quotients collectively explains the need of tumor exploration in Drosophila models. OBJECTIVE: The reciprocation of a traditional herb-mineral combination Shulva Yoga (SY) in epithelial tumour microenvironment has been fundamentally assessed here. MATERIAL AND METHODS: Classically incinerated copper ash were mixed for levigation with madyantika (Lawsonia inermisL.), punarnava (Boerhaavia diffusaL.) and meshshringi[Gymnema sylvestre (Retz.) Schult.] leaves. The in-vitro analysis of MTT and AnnexinV/PI staining were applied on four different cell lines (DL, JE6.1, MCF-7,& WRL-68) with SY. The in-vivo analysis was initiated with loss of scribble (cell polarity protein) in wing imaginal disc of Drosophila melanogaster for epithelial carcinoma induction. The dose determination was followed with pupal lethality assessment and anti-oxidant levels. The Phalloidin/F-actin filament, DAPI and Immunostaining were further implied. RESULTS: The IC50 of SY treated DL, JE6.1, MCF-7 and WRL-68 cells at 24 hours was 28.25±1.5 μg, 27.27±1.6 μg, 37.59±1.9 μg, 15.92±2.5 μg respectively. The dosedependent range of 0.01 mg/ml to 0.2 mg/ml exhibited the features of early and late apoptosis after 24hrs with AnnexinV/PI stain. SY showed early pupal rescue, preservation of Actin filaments, downregulation of MMP 1and cyclin-E in comparison to the untreated. There was surge of the SOD and catalase levels, whereas LPO content depressed. CONCLUSION: SY might induce apoptosis in tumour cells with counter mechanisms on angiogenesis, proliferation and metastasis in Drosophila model. Gene amplification, protein specificity, etc are the future prospects of present work. CI - Copyright © 2025 The Authors. Published by Elsevier B.V. All rights reserved. FAU - Sharma, Shiwakshi AU - Sharma S AD - Department of Rasa Shastra and Bhaishajya Kalpana, Faculty of Ayurveda, Institute of Medical Sciences, Banaras Hindu University, Varanasi, 221005, India. FAU - Joshi, Namrata AU - Joshi N AD - Department of Rasa Shastra and Bhaishajya Kalpana, Institute of Medical Sciences, Banaras Hindu University, Varanasi, 221005, India. Electronic address: namratajoshi@bhu.ac.in. FAU - Srikrishna, Saripella AU - Srikrishna S AD - Department of Biochemistry, Institute of Science, Banaras Hindu University, Varanasi, 221005, India. Electronic address: skrishna@bhu.ac.in. FAU - Reddy, Konduru Rama Chandra AU - Reddy KRC AD - Department of Rasa Shastra and Bhaishajya Kalpana, Institute of Medical Sciences, Banaras Hindu University, Varanasi, 221005, India. FAU - Manna, Partha Pratim AU - Manna PP AD - Department of Zoology, Banaras Hindu University, Varanasi, 221005, India. FAU - Dash, Manoj Kumar AU - Dash MK AD - Department of Rasa Shastra and Bhaishajya Kalpana, Government Ayurveda College, Raipur, India. FAU - Kumar, Pankaj AU - Kumar P AD - Bapu Ayurvedic Medical College and Hospital, Mau, Uttar Pradesh, 275305, India. FAU - Jayakumar, Remya AU - Jayakumar R AD - Department of Rasa Shastra and Bhaishajya Kalpana, Institute of Medical Sciences, Banaras Hindu University, Varanasi, 221005, India. FAU - Singh, Jyotsna AU - Singh J AD - Department of Biochemistry, Institute of Science, Banaras Hindu University, Varanasi, 221005, India. LA - eng PT - Journal Article DEP - 20260213 PL - United States TA - J Ayurveda Integr Med JT - Journal of Ayurveda and integrative medicine JID - 101551404 PMC - PMC12925066 OTO - NOTNLM OT - Cyclin E OT - Drosophila OT - MMP 1 OT - Phalloidin OT - Scribble OT - Tamra bhasma COIS- Conflict of interest None. EDAT- 2026/02/15 00:31 MHDA- 2026/02/15 00:32 PMCR- 2026/02/13 CRDT- 2026/02/14 18:08 PHST- 2024/11/28 00:00 [received] PHST- 2025/10/03 00:00 [revised] PHST- 2025/10/17 00:00 [accepted] PHST- 2026/02/15 00:32 [medline] PHST- 2026/02/15 00:31 [pubmed] PHST- 2026/02/14 18:08 [entrez] PHST- 2026/02/13 00:00 [pmc-release] AID - S0975-9476(25)00168-8 [pii] AID - 101292 [pii] AID - 10.1016/j.jaim.2025.101292 [doi] PST - ppublish SO - J Ayurveda Integr Med. 2026 Jan-Feb;17(1):101292. doi: 10.1016/j.jaim.2025.101292. Epub 2026 Feb 13."
277,484,Europe PMC,Hg,"""Drosophila melanogaster"" mercury gene expression",41690165,10.1016/j.jaim.2025.101292,pmc12925066,"Potential anticancer activity of Shulva Yoga, a herbo-metallic compound, in loss of scrib induced cancer in Drosophila melanogaster."
281,283,PMC,Hg,"""Drosophila melanogaster"" mercury gene expression",41647481,10.3389/fmicb.2026.1724533,12868280,"From bioadsorption to biotransformation: a hypothesis for mercury bioremediation using genetically modified microalgae. PG - 1724533 LID - 10.3389/fmicb.2026.1724533 [doi] LID - 1724533 FAU - Hui, Chang-Ye AU - Hui CY AD - Shenzhen Prevention and Treatment Center for Occupational Diseases, Shenzhen, China. LA - eng PT - Journal Article DEP - 20260121 PL - Switzerland TA - Front Microbiol JT - Frontiers in microbiology JID - 101548977 PMC - PMC12868280 OTO - NOTNLM OT - MerA and MerB enzymes OT - genetically modified microalgae OT - intracellular and extracellular detoxification OT - mercury bioremediation OT - mercury detoxification COIS- The author(s) declared that the research was conducted in the absence of any commercial or financial relationships that could be construed as a potential conflict of interest. EDAT- 2026/02/06 13:17 MHDA- 2026/02/06 13:18 PMCR- 2026/01/21 CRDT- 2026/02/06 06:13 PHST- 2025/10/15 00:00 [received] PHST- 2025/12/27 00:00 [revised] PHST- 2026/01/02 00:00 [accepted] PHST- 2026/02/06 13:18 [medline] PHST- 2026/02/06 13:17 [pubmed] PHST- 2026/02/06 06:13 [entrez] PHST- 2026/01/21 00:00 [pmc-release] AID - 10.3389/fmicb.2026.1724533 [doi] PST - epublish SO - Front Microbiol. 2026 Jan 21;17:1724533. doi: 10.3389/fmicb.2026.1724533. eCollection 2026."
281,347,Europe PMC,Cd,"""Drosophila melanogaster"" cadmium gene expression",41647481,10.3389/fmicb.2026.1724533,pmc12868280,From bioadsorption to biotransformation: a hypothesis for mercury bioremediation using genetically modified microalgae.
283,285,PMC,Hg,"""Drosophila melanogaster"" mercury gene expression",39903197,10.1093/genetics/iyaf008,12168066,"An orphan gene is essential for efficient sperm entry into eggs in Drosophila melanogaster. LID - 10.1093/genetics/iyaf008 [doi] LID - iyaf008 AB - While spermatogenesis has been extensively characterized in the Drosophila melanogaster model system, very little is known about the genes required for fly sperm entry into eggs. We identified a lineage-specific gene, which we named katherine johnson (kj), that is required for efficient fertilization. Males that do not express kj produce and transfer sperm that are stored normally in females, but sperm from these males enter eggs with severely reduced efficiency. Using a tagged transgenic rescue construct, we observed that the KJ protein localizes around the edge of the nucleus at various stages of spermatogenesis but is undetectable in mature sperm. These data suggest that kj exerts an effect on sperm development, the loss of which results in reduced fertilization ability. Interestingly, KJ protein lacks detectable sequence similarity to any other known protein, suggesting that kj could be a lineage-specific orphan gene. While previous bioinformatic analyses indicated that kj was restricted to the melanogaster group of Drosophila, we identified putative orthologs with conserved synteny, male-biased expression, and predicted protein features across the genus, as well as likely instances of gene loss in some lineages. Thus, kj was likely present in the Drosophila common ancestor. It is unclear whether its role in fertility had already evolved at that time or developed later in the lineage leading to D. melanogaster. Our results demonstrate a new aspect of male reproduction that has been shaped by a lineage-specific gene and provide a molecular foothold for further investigating the mechanism of sperm entry into eggs in Drosophila. CI - © The Author(s) 2025. Published by Oxford University Press on behalf of The Genetics Society of America. All rights reserved. For commercial re-use, please contact reprints@oup.com for reprints and translation rights for reprints. All other permissions can be obtained through our RightsLink service via the Permissions link on the article page on our site—for further information please contact journals.permissions@oup.com. FAU - Guay, Sara Y AU - Guay SY AD - Department of Biology, College of the Holy Cross, Worcester, MA 01610, United States. FAU - Patel, Prajal H AU - Patel PH AUID- ORCID: 0009-0004-9368-4751 AD - Department of Biology, College of the Holy Cross, Worcester, MA 01610, United States. FAU - Thomalla, Jonathon M AU - Thomalla JM AUID- ORCID: 0000-0003-3968-4764 AD - Department of Molecular Biology and Genetics, Cornell University, Ithaca, NY 14853, United States. FAU - McDermott, Kerry L AU - McDermott KL AD - Department of Biology, College of the Holy Cross, Worcester, MA 01610, United States. FAU - O'Toole, Jillian M AU - O'Toole JM AD - Department of Biology, College of the Holy Cross, Worcester, MA 01610, United States. FAU - Arnold, Sarah E AU - Arnold SE AUID- ORCID: 0000-0001-5383-148X AD - Department of Biology, College of the Holy Cross, Worcester, MA 01610, United States. FAU - Obrycki, Sarah J AU - Obrycki SJ AD - Department of Biology, College of the Holy Cross, Worcester, MA 01610, United States. FAU - Wolfner, Mariana F AU - Wolfner MF AUID- ORCID: 0000-0003-2701-9505 AD - Department of Molecular Biology and Genetics, Cornell University, Ithaca, NY 14853, United States. FAU - Findlay, Geoffrey D AU - Findlay GD AUID- ORCID: 0000-0001-8052-2017 AD - Department of Biology, College of the Holy Cross, Worcester, MA 01610, United States. LA - eng GR - P40 OD018537/OD/NIH HHS/United States GR - R37 HD038921/HD/NICHD NIH HHS/United States GR - 1652013/NSF/ GR - R37-HD038921/GF/NIH HHS/United States PT - Journal Article PL - United States TA - Genetics JT - Genetics JID - 0374636 RN - 0 (Drosophila Proteins) SB - IM UOF - bioRxiv. 2024 Dec 14:2024.08.08.607187. doi: 10.1101/2024.08.08.607187. PMID: 39149251 MH - Animals MH - Male MH - *Drosophila melanogaster/genetics/physiology MH - *Drosophila Proteins/genetics/metabolism MH - Female MH - *Spermatozoa/metabolism/physiology MH - Spermatogenesis/genetics MH - Fertilization/genetics MH - *Ovum/metabolism MH - Animals, Genetically Modified PMC - PMC12168066 OTO - NOTNLM OT - Drosophila OT - fertilization OT - molecular evolution OT - orphan gene OT - reproduction OT - sperm COIS- Conflicts of interest: The authors declare no conflicts of interest. EDAT- 2025/02/04 17:06 MHDA- 2025/03/18 00:25 PMCR- 2026/02/04 CRDT- 2025/02/04 10:43 PHST- 2024/08/02 00:00 [received] PHST- 2025/01/08 00:00 [accepted] PHST- 2025/03/18 00:25 [medline] PHST- 2025/02/04 17:06 [pubmed] PHST- 2025/02/04 10:43 [entrez] PHST- 2026/02/04 00:00 [pmc-release] AID - 7998592 [pii] AID - iyaf008 [pii] AID - 10.1093/genetics/iyaf008 [doi] PST - ppublish SO - Genetics. 2025 Mar 17;229(3):iyaf008. doi: 10.1093/genetics/iyaf008."
283,492,Europe PMC,Hg,"""Drosophila melanogaster"" mercury gene expression",39903197,10.1093/genetics/iyaf008,pmc12168066,An orphan gene is essential for efficient sperm entry into eggs in Drosophila melanogaster.
288,290,PMC,Hg,"""Drosophila melanogaster"" mercury toxicogenomics",38546836,10.1007/s00204-024-03724-3,11105986,"Review: myogenic and muscle toxicity targets of environmental methylmercury exposure. PG - 1645-1658 LID - 10.1007/s00204-024-03724-3 [doi] AB - A number of environmental toxicants are noted for their activity that leads to declined motor function. However, the role of muscle as a proximal toxicity target organ for environmental agents has received considerably less attention than the toxicity targets in the nervous system. Nonetheless, the effects of conventional neurotoxicants on processes of myogenesis and muscle maintenance are beginning to resolve a concerted role of muscle as a susceptible toxicity target. A large body of evidence from epidemiological, animal, and in vitro studies has established that methylmercury (MeHg) is a potent developmental toxicant, with the nervous system being a preferred target. Despite its well-recognized status as a neurotoxicant, there is accumulating evidence that MeHg also targets muscle and neuromuscular development as well as contributes to the etiology of motor defects with prenatal MeHg exposure. Here, we summarize evidence for targets of MeHg in the morphogenesis and maintenance of skeletal muscle that reveal effects on MeHg distribution, myogenesis, myotube formation, myotendinous junction formation, neuromuscular junction formation, and satellite cell-mediated muscle repair. We briefly recapitulate the molecular and cellular mechanisms of skeletal muscle development and highlight the pragmatic role of alternative model organisms, Drosophila and zebrafish, in delineating the molecular underpinnings of muscle development and MeHg-mediated myotoxicity. Finally, we discuss how toxicity targets in muscle development may inform the developmental origins of health and disease theory to explain the etiology of environmentally induced adult motor deficits and accelerated decline in muscle fitness with aging. CI - © 2024. The Author(s), under exclusive licence to Springer-Verlag GmbH Germany, part of Springer Nature. FAU - Tam, Lok Ming AU - Tam LM AUID- ORCID: 0000-0002-6211-6880 AD - Department of Environmental Medicine, University of Rochester School of Medicine and Dentistry, 601 Elmwood Ave, Rochester, NY, 14642, USA. lokming_tam@urmc.rochester.edu. AD - Clinical and Translational Science Institute, University of Rochester Medical Center, 601 Elmwood Ave, Rochester, NY, 14642, USA. lokming_tam@urmc.rochester.edu. FAU - Rand, Matthew D AU - Rand MD AUID- ORCID: 0000-0001-7871-0895 AD - Department of Environmental Medicine, University of Rochester School of Medicine and Dentistry, 601 Elmwood Ave, Rochester, NY, 14642, USA. LA - eng GR - R01ES030940/ES/NIEHS NIH HHS/United States GR - P30 ES001247/ES/NIEHS NIH HHS/United States GR - R01ES025721/ES/NIEHS NIH HHS/United States GR - R01 ES030940/ES/NIEHS NIH HHS/United States GR - K12 GM106997/GM/NIGMS NIH HHS/United States GR - K12GM106997/GM/NIGMS NIH HHS/United States GR - R01 ES025721/ES/NIEHS NIH HHS/United States PT - Journal Article PT - Review DEP - 20240328 PL - Germany TA - Arch Toxicol JT - Archives of toxicology JID - 0417615 RN - 0 (Methylmercury Compounds) RN - 0 (Environmental Pollutants) SB - IM MH - *Methylmercury Compounds/toxicity MH - Animals MH - *Muscle Development/drug effects MH - Humans MH - *Muscle, Skeletal/drug effects/metabolism MH - *Environmental Pollutants/toxicity MH - *Environmental Exposure/adverse effects MH - Neuromuscular Junction/drug effects PMC - PMC11105986 MID - NIHMS1980293 OTO - NOTNLM OT - Developmental origins of health and disease OT - Methylmercury OT - Myogenesis OT - Myotoxicity OT - Skeletal muscle COIS- Statements and Declarations Competing interests: The authors declare no conflict of interests. EDAT- 2024/03/28 18:44 MHDA- 2024/05/20 12:42 PMCR- 2025/06/01 CRDT- 2024/03/28 12:13 PHST- 2023/12/12 00:00 [received] PHST- 2024/02/29 00:00 [accepted] PHST- 2024/05/20 12:42 [medline] PHST- 2024/03/28 18:44 [pubmed] PHST- 2024/03/28 12:13 [entrez] PHST- 2025/06/01 00:00 [pmc-release] AID - 10.1007/s00204-024-03724-3 [pii] AID - 10.1007/s00204-024-03724-3 [doi] PST - ppublish SO - Arch Toxicol. 2024 Jun;98(6):1645-1658. doi: 10.1007/s00204-024-03724-3. Epub 2024 Mar 28."
288,466,Europe PMC,Hg,"""Drosophila melanogaster"" mercury neurotoxicity",38546836,10.1007/s00204-024-03724-3,pmc11105986,Review: myogenic and muscle toxicity targets of environmental methylmercury exposure.
289,291,PMC,Hg,"""Drosophila melanogaster"" mercury toxicogenomics",38542353,10.3390/ijms25063382,10970376,"Toxicogenomics of the Freshwater Oligochaete, Tubifex tubifex (Annelida, Clitellata), in Acute Water-Only Exposure to Arsenic. LID - 10.3390/ijms25063382 [doi] LID - 3382 AB - A toxicogenomic approach was used for toxicity evaluation of arsenic in the aquatic environment, and differential gene expression was investigated from 24 h and 96 h water-only acute toxicity tests with the aquatic oligochaete, Tubifex tubifex (Annelida, Clitellata). Several toxicological endpoints (survival and autotomy) of the oligochaete and tissue residues were measured, and dose-response modelling of gene expression data was studied. A reference transcriptome of the aquatic oligochaete, T. tubifex, was reconstructed for the first time, and genes related to cell stress response (Hsc70, Hsp10, Hsp60, and Hsp83), energy metabolism (COX1), oxidative stress (Cat, GSR, and MnSOD), and the genes involved in the homeostasis of organisms (CaM, RpS13, and UBE2) were identified and characterised. The potential use of the genes identified for risk assessment in freshwater ecosystems as early biomarkers of arsenic toxicity is discussed. FAU - Moreno-Ocio, Iñigo AU - Moreno-Ocio I AUID- ORCID: 0000-0001-9596-642X AD - Department of Zoology and Animal Cell Biology, University of the Basque Country (UPV/EHU), 48940 Leioa, Spain. FAU - Aquilino, Mónica AU - Aquilino M AUID- ORCID: 0000-0003-2817-8997 AD - Molecular Entomology, Biomarkers and Environmental Stress Group, Faculty of Science, Universidad Nacional de Educación a Distancia (UNED), 28232 Las Rozas de Madrid, Spain. FAU - Llorente, Lola AU - Llorente L AUID- ORCID: 0000-0002-1716-6889 AD - Molecular Entomology, Biomarkers and Environmental Stress Group, Faculty of Science, Universidad Nacional de Educación a Distancia (UNED), 28232 Las Rozas de Madrid, Spain. FAU - Martínez-Madrid, Maite AU - Martínez-Madrid M AD - Department of Genetics, Physical Anthropology and Animal Physiology, University of the Basque Country (UPV/EHU), 48940 Leioa, Spain. FAU - Rodríguez, Pilar AU - Rodríguez P AD - Department of Zoology and Animal Cell Biology, University of the Basque Country (UPV/EHU), 48940 Leioa, Spain. FAU - Méndez-Fernández, Leire AU - Méndez-Fernández L AUID- ORCID: 0000-0002-0724-3801 AD - Department of Genetics, Physical Anthropology and Animal Physiology, University of the Basque Country (UPV/EHU), 48940 Leioa, Spain. FAU - Planelló, Rosario AU - Planelló R AUID- ORCID: 0000-0003-3730-9549 AD - Molecular Entomology, Biomarkers and Environmental Stress Group, Faculty of Science, Universidad Nacional de Educación a Distancia (UNED), 28232 Las Rozas de Madrid, Spain. LA - eng GR - CGL 2013-44655-R/BOS/Ministry of Economy, Industry and Competitiveness/ GR - 2018I/PPRO/008/Universidad Nacional de Educación a Distancia (UNED)/ GR - PIF16/162/University of the Basque Country (UPV/EHU)/ GR - PEJ-2017-AI/BIO-6834/Madrid Government and the European Social Fund/ GR - PEJD-2019-POST/AMB-16425/Community of Madrid Government and the European Social Fund/ GR - María Zambrano grant for international talent/Spanish Ministry of Universities and the European Union-NextGenerationUE/ PT - Journal Article DEP - 20240316 PL - Switzerland TA - Int J Mol Sci JT - International journal of molecular sciences JID - 101092791 RN - N712M78A8G (Arsenic) RN - 059QF0KO0R (Water) RN - 0 (Water Pollutants, Chemical) SB - IM MH - Animals MH - *Arsenic/toxicity/metabolism MH - Ecosystem MH - Water/metabolism MH - Toxicogenetics MH - *Water Pollutants, Chemical/toxicity/metabolism MH - *Oligochaeta/genetics/metabolism MH - Fresh Water PMC - PMC10970376 OTO - NOTNLM OT - arsenic OT - cell stress response OT - effect concentration OT - homeostasis OT - oligochaeta OT - oxidative stress OT - reference transcriptome OT - toxicity assay OT - transcriptional biomarker COIS- The authors declare no conflicts of interest. EDAT- 2024/03/28 06:45 MHDA- 2024/03/29 06:45 PMCR- 2024/03/16 CRDT- 2024/03/28 01:18 PHST- 2024/01/28 00:00 [received] PHST- 2024/03/08 00:00 [revised] PHST- 2024/03/15 00:00 [accepted] PHST- 2024/03/29 06:45 [medline] PHST- 2024/03/28 06:45 [pubmed] PHST- 2024/03/28 01:18 [entrez] PHST- 2024/03/16 00:00 [pmc-release] AID - ijms25063382 [pii] AID - ijms-25-03382 [pii] AID - 10.3390/ijms25063382 [doi] PST - epublish SO - Int J Mol Sci. 2024 Mar 16;25(6):3382. doi: 10.3390/ijms25063382."
289,361,Europe PMC,Cd,"""Drosophila melanogaster"" cadmium toxicogenomics",38542353,10.3390/ijms25063382,pmc10970376,"Toxicogenomics of the Freshwater Oligochaete, <i>Tubifex tubifex</i> (<i>Annelida</i>, <i>Clitellata</i>), in Acute Water-Only Exposure to Arsenic."
296,299,PMC,Hg,"""Drosophila melanogaster"" mercury toxicogenomics",35769875,10.1016/j.isci.2022.104541,9234254,"Motor dysfunction in Drosophila melanogaster as a biomarker for developmental neurotoxicity. PG - 104541 LID - 10.1016/j.isci.2022.104541 [doi] LID - 104541 AB - Adequate alternatives to conventional animal testing are needed to study developmental neurotoxicity (DNT). Here, we used kinematic analysis to assess DNT of known (toluene (TOL) and chlorpyrifos (CPS)) and putative (β-N-methylamino-L-alanine (BMAA)) neurotoxic compounds. Drosophila melanogaster was exposed to these compounds during development and evaluated for survival and adult kinematic parameters using the FlyWalker system, a kinematics evaluation method. At concentrations that do not induce general toxicity, the solvent DMSO had a significant effect on kinematic parameters. Moreover, while TOL did not significantly induce lethality or kinematic dysfunction, CPS not only induced developmental lethality but also significantly impaired coordination in comparison to DMSO. Interestingly, BMAA, which was not lethal during development, induced motor decay in young adult animals, phenotypically resembling aged flies, an effect later attenuated upon aging. Furthermore, BMAA induced abnormal development of leg motor neuron projections. Our results suggest that our kinematic approach can assess potential DNT of chemical compounds. CI - © 2022 The Authors. FAU - Cabrita, Ana AU - Cabrita A AD - iNOVA4Health, NOVA Medical School|Faculdade de Ciências Médicas, NMS|FCM, Universidade Nova de Lisboa, Lisboa, Portugal. FAU - Medeiros, Alexandra M AU - Medeiros AM AD - iNOVA4Health, NOVA Medical School|Faculdade de Ciências Médicas, NMS|FCM, Universidade Nova de Lisboa, Lisboa, Portugal. FAU - Pereira, Telmo AU - Pereira T AD - NOVA Medical School|Faculdade de Ciências Médicas, NMS|FCM, Universidade Nova de Lisboa, Lisboa, Portugal. FAU - Rodrigues, António Sebastião AU - Rodrigues AS AD - ToxOmics, NOVA Medical School|Faculdade de Ciências Médicas, NMS|FCM, Universidade Nova de Lisboa, Lisboa, Portugal. FAU - Kranendonk, Michel AU - Kranendonk M AD - ToxOmics, NOVA Medical School|Faculdade de Ciências Médicas, NMS|FCM, Universidade Nova de Lisboa, Lisboa, Portugal. FAU - Mendes, César S AU - Mendes CS AD - iNOVA4Health, NOVA Medical School|Faculdade de Ciências Médicas, NMS|FCM, Universidade Nova de Lisboa, Lisboa, Portugal. LA - eng PT - Journal Article DEP - 20220607 PL - United States TA - iScience JT - iScience JID - 101724038 PMC - PMC9234254 OTO - NOTNLM OT - Entomology OT - Neurotoxicology COIS- The authors declare no competing interests. EDAT- 2022/07/01 06:00 MHDA- 2022/07/01 06:01 PMCR- 2022/06/07 CRDT- 2022/06/30 02:45 PHST- 2021/07/11 00:00 [received] PHST- 2021/10/30 00:00 [revised] PHST- 2022/06/02 00:00 [accepted] PHST- 2022/06/30 02:45 [entrez] PHST- 2022/07/01 06:00 [pubmed] PHST- 2022/07/01 06:01 [medline] PHST- 2022/06/07 00:00 [pmc-release] AID - S2589-0042(22)00813-6 [pii] AID - 104541 [pii] AID - 10.1016/j.isci.2022.104541 [doi] PST - epublish SO - iScience. 2022 Jun 7;25(7):104541. doi: 10.1016/j.isci.2022.104541. eCollection 2022 Jul 15."
296,443,Europe PMC,Pb,"""Drosophila melanogaster"" lead toxicogenomics",35769875,10.1016/j.isci.2022.104541,pmc9234254,Motor dysfunction in <i>Drosophila melanogaster</i> as a biomarker for developmental neurotoxicity.
304,307,PMC,Hg,"""Drosophila melanogaster"" mercury toxicogenomics",32068112,10.1016/j.ntt.2020.106865,7160758,"Potential frameworks to support evaluation of mechanistic data for developmental neurotoxicity outcomes: A symposium report. PG - 106865 LID - S0892-0362(19)30114-X [pii] LID - 10.1016/j.ntt.2020.106865 [doi] AB - A key challenge in systematically incorporating mechanistic data into human health assessments is that, compared to studies of apical health endpoints, these data are both more abundant (mechanistic studies routinely outnumber other studies by several orders of magnitude) and more heterogeneous (e.g. different species, test system, tissue, cell type, exposure paradigm, or specific assays performed). A structured decision-making process for organizing, integrating, and weighing mechanistic DNT data for use in human health risk assessments will improve the consistency and efficiency of such evaluations. At the Developmental Neurotoxicology Society (DNTS) 2016 annual meeting, a symposium was held to address the application of existing organizing principles and frameworks for evaluation of mechanistic data relevant to interpreting neurotoxicology data. Speakers identified considerations with potential to advance the use of mechanistic DNT data in risk assessment, including considering the context of each exposure, since epigenetics, tissue type, sex, stress, nutrition and other factors can modify toxicity responses in organisms. It was also suggested that, because behavior is a manifestation of complex nervous system function, the presence and absence of behavioral change itself could be used to organize the interpretation of multiple complex simultaneous mechanistic changes. Several challenges were identified with frameworks and their implementation, and ongoing research to develop these approaches represents an early step toward full evaluation of mechanistic DNT data for assessments. CI - Published by Elsevier Inc. FAU - Carlson, Laura M AU - Carlson LM AD - Center for Public Health and Environmental Assessment, Office of Research and Development, U.S. Environmental Protection Agency, RTP, NC. Electronic address: carlson.laura@epa.gov. FAU - Champagne, Frances A AU - Champagne FA AD - Department of Psychology, University of Texas at Austin, Austin, TX. FAU - Cory-Slechta, Deborah A AU - Cory-Slechta DA AD - Department of Environmental Medicine, University of Rochester Medical School Rochester, NY. FAU - Dishaw, Laura AU - Dishaw L AD - Center for Public Health and Environmental Assessment, Office of Research and Development, U.S. Environmental Protection Agency, RTP, NC. FAU - Faustman, Elaine AU - Faustman E AD - School of Public Health, Institute for Risk Analysis and Risk Communication, University of Washington, Seattle, WA. FAU - Mundy, William AU - Mundy W AD - Neurotoxicologist, Durham, NC (formerly National Health and Environmental Effects Laboratory, Office of Research and Development, U.S. Environmental Protection Agency, RTP, NC)). FAU - Segal, Deborah AU - Segal D AD - Center for Public Health and Environmental Assessment, Office of Research and Development, U.S. Environmental Protection Agency, Washington, DC. FAU - Sobin, Christina AU - Sobin C AD - Dept of Public Health Sciences, The University of Texas at El Paso, El Paso, Texas, USA. FAU - Starkey, Carol AU - Starkey C AD - Booz Allen Hamilton (formerly research fellow with the Oak Ridge Institute for Science and Engineering (ORISE) with Center for Public Health and Environmental Assessment, Office of Research and Development, U.S. Environmental Protection Agency, Washington DC)). FAU - Taylor, Michele AU - Taylor M AD - Center for Public Health and Environmental Assessment, Office of Research and Development, U.S. Environmental Protection Agency, RTP, NC. FAU - Makris, Susan L AU - Makris SL AD - Center for Public Health and Environmental Assessment, Office of Research and Development, U.S. Environmental Protection Agency, Washington, DC. FAU - Kraft, Andrew AU - Kraft A AD - Center for Public Health and Environmental Assessment, Office of Research and Development, U.S. Environmental Protection Agency, Washington, DC; Center for Public Health and Environmental Assessment, Office of Research and Development, U.S. Environmental Protection Agency, RTP, NC. LA - eng GR - R01 ES025541/ES/NIEHS NIH HHS/United States GR - G12 RR008124/RR/NCRR NIH HHS/United States GR - P30 ES001247/ES/NIEHS NIH HHS/United States GR - SC1 GM111172/GM/NIGMS NIH HHS/United States GR - R835738/EPA/EPA/United States GR - P30 ES007033/ES/NIEHS NIH HHS/United States GR - R01 ES021534/ES/NIEHS NIH HHS/United States GR - R21 HD060120/HD/NICHD NIH HHS/United States GR - G12 MD007592/MD/NIMHD NIH HHS/United States PT - Journal Article PT - Research Support, N.I.H., Extramural PT - Research Support, Non-U.S. Gov't PT - Research Support, U.S. Gov't, Non-P.H.S. DEP - 20200214 PL - United States TA - Neurotoxicol Teratol JT - Neurotoxicology and teratology JID - 8709538 SB - IM MH - Animals MH - Brain/*drug effects/*growth & development MH - *Data Analysis MH - Endpoint Determination MH - Humans MH - Models, Animal MH - Risk Assessment MH - Societies, Medical MH - Toxicology/*methods/standards PMC - PMC7160758 MID - NIHMS1568191 OTO - NOTNLM OT - Developmental neurotoxicology OT - Mechanistic toxicology OT - Neurotoxicology OT - Risk assessment COIS- Declaration of competing interest None of the authors have any financial or other conflicts of interest to declare. EDAT- 2020/02/19 06:00 MHDA- 2021/01/26 06:00 PMCR- 2021/03/01 CRDT- 2020/02/19 06:00 PHST- 2019/08/29 00:00 [received] PHST- 2020/02/05 00:00 [revised] PHST- 2020/02/10 00:00 [accepted] PHST- 2020/02/19 06:00 [pubmed] PHST- 2021/01/26 06:00 [medline] PHST- 2020/02/19 06:00 [entrez] PHST- 2021/03/01 00:00 [pmc-release] AID - S0892-0362(19)30114-X [pii] AID - 10.1016/j.ntt.2020.106865 [doi] PST - ppublish SO - Neurotoxicol Teratol. 2020 Mar-Apr;78:106865. doi: 10.1016/j.ntt.2020.106865. Epub 2020 Feb 14."
304,370,Europe PMC,Cd,"""Drosophila melanogaster"" cadmium toxicogenomics",32068112,10.1016/j.ntt.2020.106865,pmc7160758,Potential frameworks to support evaluation of mechanistic data for developmental neurotoxicity outcomes: A symposium report.
305,308,PMC,Hg,"""Drosophila melanogaster"" mercury toxicogenomics",33262485,10.1038/s41431-020-00739-z,7705438,Abstracts from the 53rd European Society of Human Genetics (ESHG) Conference: Interactive e-Posters. PG - 141-797 LID - 10.1038/s41431-020-00739-z [doi] LA - eng PT - Journal Article PL - England TA - Eur J Hum Genet JT - European journal of human genetics : EJHG JID - 9302235 SB - IM PMC - PMC7705438 EDAT- 2020/12/03 06:00 MHDA- 2020/12/03 06:01 PMCR- 2021/12/01 CRDT- 2020/12/02 05:30 PHST- 2020/12/02 05:30 [entrez] PHST- 2020/12/03 06:00 [pubmed] PHST- 2020/12/03 06:01 [medline] PHST- 2021/12/01 00:00 [pmc-release] AID - 10.1038/s41431-020-00739-z [pii] AID - 739 [pii] AID - 10.1038/s41431-020-00739-z [doi] PST - ppublish SO - Eur J Hum Genet. 2020 Dec;28(Suppl 1):141-797. doi: 10.1038/s41431-020-00739-z.
305,507,Europe PMC,Hg,"""Drosophila melanogaster"" mercury toxicogenomics",33262485,10.1038/s41431-020-00739-z,pmc7705438,Abstracts from the 53rd European Society of Human Genetics (ESHG) Conference: Interactive e-Posters.
