#node	identifier	category	term ID	term description
Ace	7227.FBpp0082248	GO Process	GO:0007154	Cell communication
Ace	7227.FBpp0082248	GO Process	GO:0007267	Cell-cell signaling
Ace	7227.FBpp0082248	GO Process	GO:0007268	Chemical synaptic transmission
Ace	7227.FBpp0082248	GO Process	GO:0007271	Synaptic transmission, cholinergic
Ace	7227.FBpp0082248	GO Process	GO:0008152	Metabolic process
Ace	7227.FBpp0082248	GO Process	GO:0008291	Acetylcholine metabolic process
Ace	7227.FBpp0082248	GO Process	GO:0009056	Catabolic process
Ace	7227.FBpp0082248	GO Process	GO:0009308	Amine metabolic process
Ace	7227.FBpp0082248	GO Process	GO:0009310	Amine catabolic process
Ace	7227.FBpp0082248	GO Process	GO:0009987	Cellular process
Ace	7227.FBpp0082248	GO Process	GO:0023052	Signaling
Ace	7227.FBpp0082248	GO Process	GO:0042402	Biogenic amine catabolic process
Ace	7227.FBpp0082248	GO Process	GO:0050789	Regulation of biological process
Ace	7227.FBpp0082248	GO Process	GO:0065007	Biological regulation
Ace	7227.FBpp0082248	GO Process	GO:0098916	Anterograde trans-synaptic signaling
Ace	7227.FBpp0082248	GO Process	GO:0099536	Synaptic signaling
Ace	7227.FBpp0082248	GO Process	GO:0099537	Trans-synaptic signaling
Ace	7227.FBpp0082248	GO Process	GO:1900619	Acetate ester metabolic process
Ace	7227.FBpp0082248	GO Function	GO:0003824	Catalytic activity
Ace	7227.FBpp0082248	GO Function	GO:0003990	Acetylcholinesterase activity
Ace	7227.FBpp0082248	GO Function	GO:0004104	Cholinesterase activity
Ace	7227.FBpp0082248	GO Function	GO:0005488	Binding
Ace	7227.FBpp0082248	GO Function	GO:0005515	Protein binding
Ace	7227.FBpp0082248	GO Function	GO:0008233	Peptidase activity
Ace	7227.FBpp0082248	GO Function	GO:0016787	Hydrolase activity
Ace	7227.FBpp0082248	GO Function	GO:0016788	Hydrolase activity, acting on ester bonds
Ace	7227.FBpp0082248	GO Function	GO:0017171	Serine hydrolase activity
Ace	7227.FBpp0082248	GO Function	GO:0036094	Small molecule binding
Ace	7227.FBpp0082248	GO Function	GO:0042802	Identical protein binding
Ace	7227.FBpp0082248	GO Function	GO:0042803	Protein homodimerization activity
Ace	7227.FBpp0082248	GO Function	GO:0043167	Ion binding
Ace	7227.FBpp0082248	GO Function	GO:0043168	Anion binding
Ace	7227.FBpp0082248	GO Function	GO:0046983	Protein dimerization activity
Ace	7227.FBpp0082248	GO Function	GO:0052689	Carboxylic ester hydrolase activity
Ace	7227.FBpp0082248	GO Function	GO:0140096	Catalytic activity, acting on a protein
Ace	7227.FBpp0082248	GO Function	GO:1901681	Sulfur compound binding
Ace	7227.FBpp0082248	GO Component	GO:0005576	Extracellular region
Ace	7227.FBpp0082248	GO Component	GO:0005615	Extracellular space
Ace	7227.FBpp0082248	GO Component	GO:0005622	Intracellular anatomical structure
Ace	7227.FBpp0082248	GO Component	GO:0005737	Cytoplasm
Ace	7227.FBpp0082248	GO Component	GO:0005886	Plasma membrane
Ace	7227.FBpp0082248	GO Component	GO:0016020	Membrane
Ace	7227.FBpp0082248	GO Component	GO:0030054	Cell junction
Ace	7227.FBpp0082248	GO Component	GO:0043083	Synaptic cleft
Ace	7227.FBpp0082248	GO Component	GO:0045202	Synapse
Ace	7227.FBpp0082248	GO Component	GO:0071944	Cell periphery
Ace	7227.FBpp0082248	GO Component	GO:0098552	Side of membrane
Ace	7227.FBpp0082248	GO Component	GO:0110165	Cellular anatomical structure
Ace	7227.FBpp0082248	STRING clusters	CL:13678	Mixed, incl. Autophagy - animal, and Metallopeptidase, catalytic domain superfamily
Ace	7227.FBpp0082248	STRING clusters	CL:13904	Peptidase M13, and Membrane protein ectodomain proteolysis
Ace	7227.FBpp0082248	STRING clusters	CL:13905	Mixed, incl. Membrane protein ectodomain proteolysis, and Angiotensin-converting enzyme
Ace	7227.FBpp0082248	STRING clusters	CL:13906	Mixed, incl. Membrane protein ectodomain proteolysis, and Angiotensin-converting enzyme
Ace	7227.FBpp0082248	KEGG	dme00564	Glycerophospholipid metabolism
Ace	7227.FBpp0082248	KEGG	dme04082	Neuroactive ligand signaling
Ace	7227.FBpp0082248	Reactome	DME-112311	Neurotransmitter clearance
Ace	7227.FBpp0082248	Reactome	DME-112315	Transmission across Chemical Synapses
Ace	7227.FBpp0082248	Reactome	DME-112316	Neuronal System
Ace	7227.FBpp0082248	Reactome	DME-1430728	Metabolism
Ace	7227.FBpp0082248	Reactome	DME-1483191	Synthesis of PC
Ace	7227.FBpp0082248	Reactome	DME-1483206	Glycerophospholipid biosynthesis
Ace	7227.FBpp0082248	Reactome	DME-1483257	Phospholipid metabolism
Ace	7227.FBpp0082248	Reactome	DME-556833	Metabolism of lipids
Ace	7227.FBpp0082248	Reactome	DME-9748784	Drug ADME
Ace	7227.FBpp0082248	Reactome	DME-9749641	Aspirin ADME
Ace	7227.FBpp0082248	COMPARTMENTS	GOCC:0005576	Extracellular region
Ace	7227.FBpp0082248	COMPARTMENTS	GOCC:0005622	Intracellular anatomical structure
Ace	7227.FBpp0082248	COMPARTMENTS	GOCC:0005737	Cytoplasm
Ace	7227.FBpp0082248	COMPARTMENTS	GOCC:0005886	Plasma membrane
Ace	7227.FBpp0082248	COMPARTMENTS	GOCC:0016020	Membrane
Ace	7227.FBpp0082248	COMPARTMENTS	GOCC:0030054	Cell junction
Ace	7227.FBpp0082248	COMPARTMENTS	GOCC:0043083	Synaptic cleft
Ace	7227.FBpp0082248	COMPARTMENTS	GOCC:0045202	Synapse
Ace	7227.FBpp0082248	COMPARTMENTS	GOCC:0071944	Cell periphery
Ace	7227.FBpp0082248	COMPARTMENTS	GOCC:0110165	Cellular anatomical structure
Ace	7227.FBpp0082248	Monarch	FBcv:0000008	Modifier of variegation
Ace	7227.FBpp0082248	Monarch	FBcv:0000349	Viable
Ace	7227.FBpp0082248	Monarch	FBcv:0000351	Lethal
Ace	7227.FBpp0082248	Monarch	FBcv:0000352	Partially lethal - majority die
Ace	7227.FBpp0082248	Monarch	FBcv:0000374	Fertile
Ace	7227.FBpp0082248	Monarch	FBcv:0000380	Non-enhancer of variegation
Ace	7227.FBpp0082248	Monarch	FBcv:0000381	Suppressor of variegation
Ace	7227.FBpp0082248	Monarch	FBcv:0000382	Non-suppressor of variegation
Ace	7227.FBpp0082248	Monarch	FBcv:0000387	Abnormal behavior
Ace	7227.FBpp0082248	Monarch	FBcv:0000389	Paralytic
Ace	7227.FBpp0082248	Monarch	FBcv:0000390	Decreased rate of movement
Ace	7227.FBpp0082248	Monarch	FBcv:0000399	Abnormal courtship behavior
Ace	7227.FBpp0082248	Monarch	FBcv:0000400	Abnormal mating
Ace	7227.FBpp0082248	Monarch	FBcv:0000414	Abnormal locomotor behavior
Ace	7227.FBpp0082248	Monarch	FBcv:0000416	Uncoordinated
Ace	7227.FBpp0082248	Monarch	FBcv:0000434	Abnormal neurophysiology
Ace	7227.FBpp0082248	Monarch	FBcv:0000435	Abnormal neuroanatomy
Ace	7227.FBpp0082248	Monarch	FBcv:0000438	Electrophoretic variant
Ace	7227.FBpp0082248	Monarch	FBcv:0000439	Chemical resistant
Ace	7227.FBpp0082248	Monarch	FBcv:0000721	Abnormal mating behavior
Ace	7227.FBpp0082248	Monarch	FBcv:0002000	Lethal - all die before end of P-stage
Ace	7227.FBpp0082248	Monarch	FBcv:0002001	Lethal - all die before end of first instar larval stage
Ace	7227.FBpp0082248	Monarch	FBcv:0002002	Lethal - all die before end of larval stage
Ace	7227.FBpp0082248	Monarch	FBcv:0002003	Lethal - all die before end of second instar larval stage
Ace	7227.FBpp0082248	Monarch	FBcv:0002004	Increased mortality
Ace	7227.FBpp0082248	Monarch	FBcv:0002015	Partially lethal
Ace	7227.FBpp0082248	Monarch	FBcv:0002019	Increased mortality during development
Ace	7227.FBpp0082248	Monarch	FBcv:0002026	Lethal - all die before end of prepupal stage
Ace	7227.FBpp0082248	Monarch	FBcv:0002027	Lethal - all die before end of pupal stage
Ace	7227.FBpp0082248	Monarch	FBcv:0002033	Lethal - all die during embryonic stage
Ace	7227.FBpp0082248	Monarch	FBcv:0002037	Majority die during embryonic stage
Ace	7227.FBpp0082248	Monarch	FBcv:0002041	Some die during embryonic stage
Ace	7227.FBpp0082248	UniProt Keywords	KW-0325	Glycoprotein
Ace	7227.FBpp0082248	UniProt Keywords	KW-0378	Hydrolase
Ace	7227.FBpp0082248	UniProt Keywords	KW-0719	Serine esterase
Ace	7227.FBpp0082248	UniProt Keywords	KW-0732	Signal
Ace	7227.FBpp0082248	UniProt Keywords	KW-0770	Synapse
Ace	7227.FBpp0082248	UniProt Keywords	KW-1015	Disulfide bond
Ace	7227.FBpp0082248	Pfam	PF07859	Alpha/beta hydrolase fold
Ace	7227.FBpp0082248	InterPro	IPR000997	Cholinesterase
Ace	7227.FBpp0082248	InterPro	IPR002018	Carboxylesterase, type B
Ace	7227.FBpp0082248	InterPro	IPR019819	Carboxylesterase type B, conserved site
Ace	7227.FBpp0082248	InterPro	IPR019826	Carboxylesterase type B, active site
Ace	7227.FBpp0082248	InterPro	IPR029058	Alpha/Beta hydrolase fold
Akt1	7227.FBpp0082682	GO Process	GO:0001558	Regulation of cell growth
Akt1	7227.FBpp0082682	GO Process	GO:0001667	Ameboidal-type cell migration
Akt1	7227.FBpp0082682	GO Process	GO:0002009	Morphogenesis of an epithelium
Akt1	7227.FBpp0082682	GO Process	GO:0002011	Morphogenesis of an epithelial sheet
Akt1	7227.FBpp0082682	GO Process	GO:0002682	Regulation of immune system process
Akt1	7227.FBpp0082682	GO Process	GO:0002791	Regulation of peptide secretion
Akt1	7227.FBpp0082682	GO Process	GO:0002792	Negative regulation of peptide secretion
Akt1	7227.FBpp0082682	GO Process	GO:0003006	Developmental process involved in reproduction
Akt1	7227.FBpp0082682	GO Process	GO:0006915	Apoptotic process
Akt1	7227.FBpp0082682	GO Process	GO:0006950	Response to stress
Akt1	7227.FBpp0082682	GO Process	GO:0006979	Response to oxidative stress
Akt1	7227.FBpp0082682	GO Process	GO:0007154	Cell communication
Akt1	7227.FBpp0082682	GO Process	GO:0007165	Signal transduction
Akt1	7227.FBpp0082682	GO Process	GO:0007166	Cell surface receptor signaling pathway
Akt1	7227.FBpp0082682	GO Process	GO:0007167	Enzyme-linked receptor protein signaling pathway
Akt1	7227.FBpp0082682	GO Process	GO:0007169	Cell surface receptor protein tyrosine kinase signaling pathway
Akt1	7227.FBpp0082682	GO Process	GO:0007275	Multicellular organism development
Akt1	7227.FBpp0082682	GO Process	GO:0007276	Gamete generation
Akt1	7227.FBpp0082682	GO Process	GO:0007281	Germ cell development
Akt1	7227.FBpp0082682	GO Process	GO:0007292	Female gamete generation
Akt1	7227.FBpp0082682	GO Process	GO:0007399	Nervous system development
Akt1	7227.FBpp0082682	GO Process	GO:0007424	Open tracheal system development
Akt1	7227.FBpp0082682	GO Process	GO:0007427	Epithelial cell migration, open tracheal system
Akt1	7227.FBpp0082682	GO Process	GO:0007623	Circadian rhythm
Akt1	7227.FBpp0082682	GO Process	GO:0008219	Cell death
Akt1	7227.FBpp0082682	GO Process	GO:0008284	Positive regulation of cell population proliferation
Akt1	7227.FBpp0082682	GO Process	GO:0008286	Insulin receptor signaling pathway
Akt1	7227.FBpp0082682	GO Process	GO:0008361	Regulation of cell size
Akt1	7227.FBpp0082682	GO Process	GO:0008582	Regulation of synaptic assembly at neuromuscular junction
Akt1	7227.FBpp0082682	GO Process	GO:0009611	Response to wounding
Akt1	7227.FBpp0082682	GO Process	GO:0009653	Anatomical structure morphogenesis
Akt1	7227.FBpp0082682	GO Process	GO:0009719	Response to endogenous stimulus
Akt1	7227.FBpp0082682	GO Process	GO:0009725	Response to hormone
Akt1	7227.FBpp0082682	GO Process	GO:0009888	Tissue development
Akt1	7227.FBpp0082682	GO Process	GO:0009892	Negative regulation of metabolic process
Akt1	7227.FBpp0082682	GO Process	GO:0009894	Regulation of catabolic process
Akt1	7227.FBpp0082682	GO Process	GO:0009895	Negative regulation of catabolic process
Akt1	7227.FBpp0082682	GO Process	GO:0009966	Regulation of signal transduction
Akt1	7227.FBpp0082682	GO Process	GO:0009967	Positive regulation of signal transduction
Akt1	7227.FBpp0082682	GO Process	GO:0009968	Negative regulation of signal transduction
Akt1	7227.FBpp0082682	GO Process	GO:0009987	Cellular process
Akt1	7227.FBpp0082682	GO Process	GO:0010631	Epithelial cell migration
Akt1	7227.FBpp0082682	GO Process	GO:0010632	Regulation of epithelial cell migration
Akt1	7227.FBpp0082682	GO Process	GO:0010634	Positive regulation of epithelial cell migration
Akt1	7227.FBpp0082682	GO Process	GO:0010646	Regulation of cell communication
Akt1	7227.FBpp0082682	GO Process	GO:0010647	Positive regulation of cell communication
Akt1	7227.FBpp0082682	GO Process	GO:0010648	Negative regulation of cell communication
Akt1	7227.FBpp0082682	GO Process	GO:0010817	Regulation of hormone levels
Akt1	7227.FBpp0082682	GO Process	GO:0010883	Regulation of lipid storage
Akt1	7227.FBpp0082682	GO Process	GO:0010884	Positive regulation of lipid storage
Akt1	7227.FBpp0082682	GO Process	GO:0010896	Regulation of triglyceride catabolic process
Akt1	7227.FBpp0082682	GO Process	GO:0010897	Negative regulation of triglyceride catabolic process
Akt1	7227.FBpp0082682	GO Process	GO:0010975	Regulation of neuron projection development
Akt1	7227.FBpp0082682	GO Process	GO:0010976	Positive regulation of neuron projection development
Akt1	7227.FBpp0082682	GO Process	GO:0012501	Programmed cell death
Akt1	7227.FBpp0082682	GO Process	GO:0016043	Cellular component organization
Akt1	7227.FBpp0082682	GO Process	GO:0016358	Dendrite development
Akt1	7227.FBpp0082682	GO Process	GO:0016477	Cell migration
Akt1	7227.FBpp0082682	GO Process	GO:0019216	Regulation of lipid metabolic process
Akt1	7227.FBpp0082682	GO Process	GO:0019222	Regulation of metabolic process
Akt1	7227.FBpp0082682	GO Process	GO:0019953	Sexual reproduction
Akt1	7227.FBpp0082682	GO Process	GO:0022008	Neurogenesis
Akt1	7227.FBpp0082682	GO Process	GO:0022412	Cellular process involved in reproduction in multicellular organism
Akt1	7227.FBpp0082682	GO Process	GO:0022414	Reproductive process
Akt1	7227.FBpp0082682	GO Process	GO:0023051	Regulation of signaling
Akt1	7227.FBpp0082682	GO Process	GO:0023052	Signaling
Akt1	7227.FBpp0082682	GO Process	GO:0023056	Positive regulation of signaling
Akt1	7227.FBpp0082682	GO Process	GO:0023057	Negative regulation of signaling
Akt1	7227.FBpp0082682	GO Process	GO:0030030	Cell projection organization
Akt1	7227.FBpp0082682	GO Process	GO:0030154	Cell differentiation
Akt1	7227.FBpp0082682	GO Process	GO:0030182	Neuron differentiation
Akt1	7227.FBpp0082682	GO Process	GO:0030307	Positive regulation of cell growth
Akt1	7227.FBpp0082682	GO Process	GO:0030334	Regulation of cell migration
Akt1	7227.FBpp0082682	GO Process	GO:0030335	Positive regulation of cell migration
Akt1	7227.FBpp0082682	GO Process	GO:0031099	Regeneration
Akt1	7227.FBpp0082682	GO Process	GO:0031102	Neuron projection regeneration
Akt1	7227.FBpp0082682	GO Process	GO:0031104	Dendrite regeneration
Akt1	7227.FBpp0082682	GO Process	GO:0031175	Neuron projection development
Akt1	7227.FBpp0082682	GO Process	GO:0031344	Regulation of cell projection organization
Akt1	7227.FBpp0082682	GO Process	GO:0031346	Positive regulation of cell projection organization
Akt1	7227.FBpp0082682	GO Process	GO:0032006	Regulation of TOR signaling
Akt1	7227.FBpp0082682	GO Process	GO:0032008	Positive regulation of TOR signaling
Akt1	7227.FBpp0082682	GO Process	GO:0032101	Regulation of response to external stimulus
Akt1	7227.FBpp0082682	GO Process	GO:0032103	Positive regulation of response to external stimulus
Akt1	7227.FBpp0082682	GO Process	GO:0032501	Multicellular organismal process
Akt1	7227.FBpp0082682	GO Process	GO:0032502	Developmental process
Akt1	7227.FBpp0082682	GO Process	GO:0032535	Regulation of cellular component size
Akt1	7227.FBpp0082682	GO Process	GO:0032868	Response to insulin
Akt1	7227.FBpp0082682	GO Process	GO:0032869	Cellular response to insulin stimulus
Akt1	7227.FBpp0082682	GO Process	GO:0032870	Cellular response to hormone stimulus
Akt1	7227.FBpp0082682	GO Process	GO:0032879	Regulation of localization
Akt1	7227.FBpp0082682	GO Process	GO:0033554	Cellular response to stress
Akt1	7227.FBpp0082682	GO Process	GO:0035206	Regulation of hemocyte proliferation
Akt1	7227.FBpp0082682	GO Process	GO:0035264	Multicellular organism growth
Akt1	7227.FBpp0082682	GO Process	GO:0035330	Regulation of hippo signaling
Akt1	7227.FBpp0082682	GO Process	GO:0035331	Negative regulation of hippo signaling
Akt1	7227.FBpp0082682	GO Process	GO:0035556	Intracellular signal transduction
Akt1	7227.FBpp0082682	GO Process	GO:0040007	Growth
Akt1	7227.FBpp0082682	GO Process	GO:0040008	Regulation of growth
Akt1	7227.FBpp0082682	GO Process	GO:0040012	Regulation of locomotion
Akt1	7227.FBpp0082682	GO Process	GO:0040014	Regulation of multicellular organism growth
Akt1	7227.FBpp0082682	GO Process	GO:0040017	Positive regulation of locomotion
Akt1	7227.FBpp0082682	GO Process	GO:0040018	Positive regulation of multicellular organism growth
Akt1	7227.FBpp0082682	GO Process	GO:0042060	Wound healing
Akt1	7227.FBpp0082682	GO Process	GO:0042127	Regulation of cell population proliferation
Akt1	7227.FBpp0082682	GO Process	GO:0042221	Response to chemical
Akt1	7227.FBpp0082682	GO Process	GO:0042592	Homeostatic process
Akt1	7227.FBpp0082682	GO Process	GO:0042632	Cholesterol homeostasis
Akt1	7227.FBpp0082682	GO Process	GO:0042981	Regulation of apoptotic process
Akt1	7227.FBpp0082682	GO Process	GO:0043066	Negative regulation of apoptotic process
Akt1	7227.FBpp0082682	GO Process	GO:0043067	Regulation of programmed cell death
Akt1	7227.FBpp0082682	GO Process	GO:0043069	Negative regulation of programmed cell death
Akt1	7227.FBpp0082682	GO Process	GO:0043434	Response to peptide hormone
Akt1	7227.FBpp0082682	GO Process	GO:0043491	Phosphatidylinositol 3-kinase/protein kinase B signal transduction
Akt1	7227.FBpp0082682	GO Process	GO:0043523	Regulation of neuron apoptotic process
Akt1	7227.FBpp0082682	GO Process	GO:0043524	Negative regulation of neuron apoptotic process
Akt1	7227.FBpp0082682	GO Process	GO:0044087	Regulation of cellular component biogenesis
Akt1	7227.FBpp0082682	GO Process	GO:0044319	Wound healing, spreading of cells
Akt1	7227.FBpp0082682	GO Process	GO:0045793	Positive regulation of cell size
Akt1	7227.FBpp0082682	GO Process	GO:0045833	Negative regulation of lipid metabolic process
Akt1	7227.FBpp0082682	GO Process	GO:0045886	Negative regulation of synaptic assembly at neuromuscular junction
Akt1	7227.FBpp0082682	GO Process	GO:0045926	Negative regulation of growth
Akt1	7227.FBpp0082682	GO Process	GO:0045927	Positive regulation of growth
Akt1	7227.FBpp0082682	GO Process	GO:0046620	Regulation of organ growth
Akt1	7227.FBpp0082682	GO Process	GO:0046622	Positive regulation of organ growth
Akt1	7227.FBpp0082682	GO Process	GO:0046883	Regulation of hormone secretion
Akt1	7227.FBpp0082682	GO Process	GO:0046888	Negative regulation of hormone secretion
Akt1	7227.FBpp0082682	GO Process	GO:0048010	Vascular endothelial growth factor receptor signaling pathway
Akt1	7227.FBpp0082682	GO Process	GO:0048167	Regulation of synaptic plasticity
Akt1	7227.FBpp0082682	GO Process	GO:0048468	Cell development
Akt1	7227.FBpp0082682	GO Process	GO:0048477	Oogenesis
Akt1	7227.FBpp0082682	GO Process	GO:0048511	Rhythmic process
Akt1	7227.FBpp0082682	GO Process	GO:0048518	Positive regulation of biological process
Akt1	7227.FBpp0082682	GO Process	GO:0048519	Negative regulation of biological process
Akt1	7227.FBpp0082682	GO Process	GO:0048522	Positive regulation of cellular process
Akt1	7227.FBpp0082682	GO Process	GO:0048523	Negative regulation of cellular process
Akt1	7227.FBpp0082682	GO Process	GO:0048583	Regulation of response to stimulus
Akt1	7227.FBpp0082682	GO Process	GO:0048584	Positive regulation of response to stimulus
Akt1	7227.FBpp0082682	GO Process	GO:0048585	Negative regulation of response to stimulus
Akt1	7227.FBpp0082682	GO Process	GO:0048589	Developmental growth
Akt1	7227.FBpp0082682	GO Process	GO:0048609	Multicellular organismal reproductive process
Akt1	7227.FBpp0082682	GO Process	GO:0048638	Regulation of developmental growth
Akt1	7227.FBpp0082682	GO Process	GO:0048639	Positive regulation of developmental growth
Akt1	7227.FBpp0082682	GO Process	GO:0048640	Negative regulation of developmental growth
Akt1	7227.FBpp0082682	GO Process	GO:0048666	Neuron development
Akt1	7227.FBpp0082682	GO Process	GO:0048679	Regulation of axon regeneration
Akt1	7227.FBpp0082682	GO Process	GO:0048680	Positive regulation of axon regeneration
Akt1	7227.FBpp0082682	GO Process	GO:0048699	Generation of neurons
Akt1	7227.FBpp0082682	GO Process	GO:0048729	Tissue morphogenesis
Akt1	7227.FBpp0082682	GO Process	GO:0048731	System development
Akt1	7227.FBpp0082682	GO Process	GO:0048856	Anatomical structure development
Akt1	7227.FBpp0082682	GO Process	GO:0048869	Cellular developmental process
Akt1	7227.FBpp0082682	GO Process	GO:0048870	Cell motility
Akt1	7227.FBpp0082682	GO Process	GO:0048878	Chemical homeostasis
Akt1	7227.FBpp0082682	GO Process	GO:0050773	Regulation of dendrite development
Akt1	7227.FBpp0082682	GO Process	GO:0050789	Regulation of biological process
Akt1	7227.FBpp0082682	GO Process	GO:0050793	Regulation of developmental process
Akt1	7227.FBpp0082682	GO Process	GO:0050794	Regulation of cellular process
Akt1	7227.FBpp0082682	GO Process	GO:0050803	Regulation of synapse structure or activity
Akt1	7227.FBpp0082682	GO Process	GO:0050804	Modulation of chemical synaptic transmission
Akt1	7227.FBpp0082682	GO Process	GO:0050805	Negative regulation of synaptic transmission
Akt1	7227.FBpp0082682	GO Process	GO:0050807	Regulation of synapse organization
Akt1	7227.FBpp0082682	GO Process	GO:0050896	Response to stimulus
Akt1	7227.FBpp0082682	GO Process	GO:0050994	Regulation of lipid catabolic process
Akt1	7227.FBpp0082682	GO Process	GO:0050995	Negative regulation of lipid catabolic process
Akt1	7227.FBpp0082682	GO Process	GO:0051046	Regulation of secretion
Akt1	7227.FBpp0082682	GO Process	GO:0051048	Negative regulation of secretion
Akt1	7227.FBpp0082682	GO Process	GO:0051049	Regulation of transport
Akt1	7227.FBpp0082682	GO Process	GO:0051051	Negative regulation of transport
Akt1	7227.FBpp0082682	GO Process	GO:0051093	Negative regulation of developmental process
Akt1	7227.FBpp0082682	GO Process	GO:0051094	Positive regulation of developmental process
Akt1	7227.FBpp0082682	GO Process	GO:0051128	Regulation of cellular component organization
Akt1	7227.FBpp0082682	GO Process	GO:0051129	Negative regulation of cellular component organization
Akt1	7227.FBpp0082682	GO Process	GO:0051130	Positive regulation of cellular component organization
Akt1	7227.FBpp0082682	GO Process	GO:0051239	Regulation of multicellular organismal process
Akt1	7227.FBpp0082682	GO Process	GO:0051240	Positive regulation of multicellular organismal process
Akt1	7227.FBpp0082682	GO Process	GO:0051241	Negative regulation of multicellular organismal process
Akt1	7227.FBpp0082682	GO Process	GO:0051716	Cellular response to stimulus
Akt1	7227.FBpp0082682	GO Process	GO:0051960	Regulation of nervous system development
Akt1	7227.FBpp0082682	GO Process	GO:0051961	Negative regulation of nervous system development
Akt1	7227.FBpp0082682	GO Process	GO:0051963	Regulation of synapse assembly
Akt1	7227.FBpp0082682	GO Process	GO:0051964	Negative regulation of synapse assembly
Akt1	7227.FBpp0082682	GO Process	GO:0055088	Lipid homeostasis
Akt1	7227.FBpp0082682	GO Process	GO:0055092	Sterol homeostasis
Akt1	7227.FBpp0082682	GO Process	GO:0060429	Epithelium development
Akt1	7227.FBpp0082682	GO Process	GO:0060541	Respiratory system development
Akt1	7227.FBpp0082682	GO Process	GO:0065007	Biological regulation
Akt1	7227.FBpp0082682	GO Process	GO:0065008	Regulation of biological quality
Akt1	7227.FBpp0082682	GO Process	GO:0070570	Regulation of neuron projection regeneration
Akt1	7227.FBpp0082682	GO Process	GO:0070572	Positive regulation of neuron projection regeneration
Akt1	7227.FBpp0082682	GO Process	GO:0070887	Cellular response to chemical stimulus
Akt1	7227.FBpp0082682	GO Process	GO:0071375	Cellular response to peptide hormone stimulus
Akt1	7227.FBpp0082682	GO Process	GO:0071495	Cellular response to endogenous stimulus
Akt1	7227.FBpp0082682	GO Process	GO:0071840	Cellular component organization or biogenesis
Akt1	7227.FBpp0082682	GO Process	GO:0080090	Regulation of primary metabolic process
Akt1	7227.FBpp0082682	GO Process	GO:0080134	Regulation of response to stress
Akt1	7227.FBpp0082682	GO Process	GO:0080135	Regulation of cellular response to stress
Akt1	7227.FBpp0082682	GO Process	GO:0090066	Regulation of anatomical structure size
Akt1	7227.FBpp0082682	GO Process	GO:0090087	Regulation of peptide transport
Akt1	7227.FBpp0082682	GO Process	GO:0090130	Tissue migration
Akt1	7227.FBpp0082682	GO Process	GO:0090132	Epithelium migration
Akt1	7227.FBpp0082682	GO Process	GO:0090207	Regulation of triglyceride metabolic process
Akt1	7227.FBpp0082682	GO Process	GO:0090209	Negative regulation of triglyceride metabolic process
Akt1	7227.FBpp0082682	GO Process	GO:0090276	Regulation of peptide hormone secretion
Akt1	7227.FBpp0082682	GO Process	GO:0090278	Negative regulation of peptide hormone secretion
Akt1	7227.FBpp0082682	GO Process	GO:0090504	Epiboly
Akt1	7227.FBpp0082682	GO Process	GO:0090505	Epiboly involved in wound healing
Akt1	7227.FBpp0082682	GO Process	GO:0099177	Regulation of trans-synaptic signaling
Akt1	7227.FBpp0082682	GO Process	GO:0120035	Regulation of plasma membrane bounded cell projection organization
Akt1	7227.FBpp0082682	GO Process	GO:0120036	Plasma membrane bounded cell projection organization
Akt1	7227.FBpp0082682	GO Process	GO:0141124	Intracellular signaling cassette
Akt1	7227.FBpp0082682	GO Process	GO:1901698	Response to nitrogen compound
Akt1	7227.FBpp0082682	GO Process	GO:1901699	Cellular response to nitrogen compound
Akt1	7227.FBpp0082682	GO Process	GO:1901700	Response to oxygen-containing compound
Akt1	7227.FBpp0082682	GO Process	GO:1901701	Cellular response to oxygen-containing compound
Akt1	7227.FBpp0082682	GO Process	GO:1901888	Regulation of cell junction assembly
Akt1	7227.FBpp0082682	GO Process	GO:1901889	Negative regulation of cell junction assembly
Akt1	7227.FBpp0082682	GO Process	GO:1902531	Regulation of intracellular signal transduction
Akt1	7227.FBpp0082682	GO Process	GO:1902532	Negative regulation of intracellular signal transduction
Akt1	7227.FBpp0082682	GO Process	GO:1902533	Positive regulation of intracellular signal transduction
Akt1	7227.FBpp0082682	GO Process	GO:1903034	Regulation of response to wounding
Akt1	7227.FBpp0082682	GO Process	GO:1903036	Positive regulation of response to wounding
Akt1	7227.FBpp0082682	GO Process	GO:1903432	Regulation of TORC1 signaling
Akt1	7227.FBpp0082682	GO Process	GO:1903530	Regulation of secretion by cell
Akt1	7227.FBpp0082682	GO Process	GO:1903531	Negative regulation of secretion by cell
Akt1	7227.FBpp0082682	GO Process	GO:1903684	Regulation of border follicle cell migration
Akt1	7227.FBpp0082682	GO Process	GO:1903688	Positive regulation of border follicle cell migration
Akt1	7227.FBpp0082682	GO Process	GO:1904263	Positive regulation of TORC1 signaling
Akt1	7227.FBpp0082682	GO Process	GO:1904396	Regulation of neuromuscular junction development
Akt1	7227.FBpp0082682	GO Process	GO:1904397	Negative regulation of neuromuscular junction development
Akt1	7227.FBpp0082682	GO Process	GO:1905809	Negative regulation of synapse organization
Akt1	7227.FBpp0082682	GO Process	GO:1905952	Regulation of lipid localization
Akt1	7227.FBpp0082682	GO Process	GO:1905954	Positive regulation of lipid localization
Akt1	7227.FBpp0082682	GO Process	GO:2000026	Regulation of multicellular organismal development
Akt1	7227.FBpp0082682	GO Process	GO:2000145	Regulation of cell motility
Akt1	7227.FBpp0082682	GO Process	GO:2000147	Positive regulation of cell motility
Akt1	7227.FBpp0082682	GO Function	GO:0000166	Nucleotide binding
Akt1	7227.FBpp0082682	GO Function	GO:0003824	Catalytic activity
Akt1	7227.FBpp0082682	GO Function	GO:0004672	Protein kinase activity
Akt1	7227.FBpp0082682	GO Function	GO:0004674	Protein serine/threonine kinase activity
Akt1	7227.FBpp0082682	GO Function	GO:0005488	Binding
Akt1	7227.FBpp0082682	GO Function	GO:0005515	Protein binding
Akt1	7227.FBpp0082682	GO Function	GO:0005524	ATP binding
Akt1	7227.FBpp0082682	GO Function	GO:0016301	Kinase activity
Akt1	7227.FBpp0082682	GO Function	GO:0016740	Transferase activity
Akt1	7227.FBpp0082682	GO Function	GO:0016772	Transferase activity, transferring phosphorus-containing groups
Akt1	7227.FBpp0082682	GO Function	GO:0016773	Phosphotransferase activity, alcohol group as acceptor
Akt1	7227.FBpp0082682	GO Function	GO:0017076	Purine nucleotide binding
Akt1	7227.FBpp0082682	GO Function	GO:0030554	Adenyl nucleotide binding
Akt1	7227.FBpp0082682	GO Function	GO:0032553	Ribonucleotide binding
Akt1	7227.FBpp0082682	GO Function	GO:0032555	Purine ribonucleotide binding
Akt1	7227.FBpp0082682	GO Function	GO:0032559	Adenyl ribonucleotide binding
Akt1	7227.FBpp0082682	GO Function	GO:0035639	Purine ribonucleoside triphosphate binding
Akt1	7227.FBpp0082682	GO Function	GO:0036094	Small molecule binding
Akt1	7227.FBpp0082682	GO Function	GO:0043167	Ion binding
Akt1	7227.FBpp0082682	GO Function	GO:0043168	Anion binding
Akt1	7227.FBpp0082682	GO Function	GO:0097367	Carbohydrate derivative binding
Akt1	7227.FBpp0082682	GO Function	GO:0106310	Protein serine kinase activity
Akt1	7227.FBpp0082682	GO Function	GO:0140096	Catalytic activity, acting on a protein
Akt1	7227.FBpp0082682	GO Function	GO:1901265	Nucleoside phosphate binding
Akt1	7227.FBpp0082682	GO Function	GO:1901363	Heterocyclic compound binding
Akt1	7227.FBpp0082682	GO Component	GO:0005622	Intracellular anatomical structure
Akt1	7227.FBpp0082682	GO Component	GO:0005634	Nucleus
Akt1	7227.FBpp0082682	GO Component	GO:0005737	Cytoplasm
Akt1	7227.FBpp0082682	GO Component	GO:0005829	Cytosol
Akt1	7227.FBpp0082682	GO Component	GO:0005886	Plasma membrane
Akt1	7227.FBpp0082682	GO Component	GO:0005938	Cell cortex
Akt1	7227.FBpp0082682	GO Component	GO:0016020	Membrane
Akt1	7227.FBpp0082682	GO Component	GO:0036477	Somatodendritic compartment
Akt1	7227.FBpp0082682	GO Component	GO:0043025	Neuronal cell body
Akt1	7227.FBpp0082682	GO Component	GO:0043226	Organelle
Akt1	7227.FBpp0082682	GO Component	GO:0043227	Membrane-bounded organelle
Akt1	7227.FBpp0082682	GO Component	GO:0043229	Intracellular organelle
Akt1	7227.FBpp0082682	GO Component	GO:0043231	Intracellular membrane-bounded organelle
Akt1	7227.FBpp0082682	GO Component	GO:0044297	Cell body
Akt1	7227.FBpp0082682	GO Component	GO:0071944	Cell periphery
Akt1	7227.FBpp0082682	GO Component	GO:0110165	Cellular anatomical structure
Akt1	7227.FBpp0082682	STRING clusters	CL:11137	Mixed, incl. MAPK signaling pathway - fly, and Cell surface receptor protein tyrosine kinase signaling pathway
Akt1	7227.FBpp0082682	STRING clusters	CL:11138	Mixed, incl. Cell surface receptor protein tyrosine kinase signaling pathway, and MAPK signaling pathway - fly
Akt1	7227.FBpp0082682	STRING clusters	CL:11139	Cell surface receptor protein tyrosine kinase signaling pathway, and Negative regulation of ERK1 and ERK2 cascade
Akt1	7227.FBpp0082682	STRING clusters	CL:11140	Mixed, incl. IGF1R signaling cascade, and Insulin-like superfamily
Akt1	7227.FBpp0082682	STRING clusters	CL:11194	Insulin signaling pathway, and Negative regulation of pupariation
Akt1	7227.FBpp0082682	STRING clusters	CL:11197	Insulin signaling pathway
Akt1	7227.FBpp0082682	STRING clusters	CL:11209	Phosphatidylinositol 3-kinase/protein kinase B signal transduction
Akt1	7227.FBpp0082682	KEGG	dme04068	FoxO signaling pathway
Akt1	7227.FBpp0082682	KEGG	dme04140	Autophagy - animal
Akt1	7227.FBpp0082682	KEGG	dme04150	mTOR signaling pathway
Akt1	7227.FBpp0082682	KEGG	dme04213	Longevity regulating pathway - multiple species
Akt1	7227.FBpp0082682	KEGG	dme04620	Toll-like receptor signaling pathway
Akt1	7227.FBpp0082682	Reactome	DME-109582	Hemostasis
Akt1	7227.FBpp0082682	Reactome	DME-109704	PI3K Cascade
Akt1	7227.FBpp0082682	Reactome	DME-110478	Insulin signaling pathway
Akt1	7227.FBpp0082682	Reactome	DME-110523	TOR signaling pathway
Akt1	7227.FBpp0082682	Reactome	DME-110526	Insulin receptor mediated signaling
Akt1	7227.FBpp0082682	Reactome	DME-112399	IRS-mediated signalling
Akt1	7227.FBpp0082682	Reactome	DME-1227986	Signaling by ERBB2
Akt1	7227.FBpp0082682	Reactome	DME-1257604	PIP3 activates AKT signaling
Akt1	7227.FBpp0082682	Reactome	DME-1266738	Developmental Biology
Akt1	7227.FBpp0082682	Reactome	DME-1280215	Cytokine Signaling in Immune system
Akt1	7227.FBpp0082682	Reactome	DME-1280218	Adaptive Immune System
Akt1	7227.FBpp0082682	Reactome	DME-1358803	Downregulation of ERBB2:ERBB3 signaling
Akt1	7227.FBpp0082682	Reactome	DME-1430728	Metabolism
Akt1	7227.FBpp0082682	Reactome	DME-1474151	Tetrahydrobiopterin (BH4) synthesis, recycling, salvage and regulation
Akt1	7227.FBpp0082682	Reactome	DME-157118	Signaling by NOTCH
Akt1	7227.FBpp0082682	Reactome	DME-162582	Signal Transduction
Akt1	7227.FBpp0082682	Reactome	DME-1640170	Cell Cycle
Akt1	7227.FBpp0082682	Reactome	DME-165158	Activation of AKT2
Akt1	7227.FBpp0082682	Reactome	DME-165159	MTOR signalling
Akt1	7227.FBpp0082682	Reactome	DME-165181	Inhibition of TSC complex formation by PKB
Akt1	7227.FBpp0082682	Reactome	DME-168256	Immune System
Akt1	7227.FBpp0082682	Reactome	DME-186712	Regulation of beta-cell development
Akt1	7227.FBpp0082682	Reactome	DME-194138	Signaling by VEGF
Akt1	7227.FBpp0082682	Reactome	DME-195721	Signaling by WNT
Akt1	7227.FBpp0082682	Reactome	DME-196854	Metabolism of vitamins and cofactors
Akt1	7227.FBpp0082682	Reactome	DME-198323	AKT phosphorylates targets in the cytosol
Akt1	7227.FBpp0082682	Reactome	DME-198693	AKT phosphorylates targets in the nucleus
Akt1	7227.FBpp0082682	Reactome	DME-199418	Negative regulation of the PI3K/AKT network
Akt1	7227.FBpp0082682	Reactome	DME-199991	Membrane Trafficking
Akt1	7227.FBpp0082682	Reactome	DME-201681	TCF dependent signaling in response to WNT
Akt1	7227.FBpp0082682	Reactome	DME-202131	Metabolism of nitric oxide: NOS3 activation and regulation
Akt1	7227.FBpp0082682	Reactome	DME-203615	eNOS activation
Akt1	7227.FBpp0082682	Reactome	DME-210745	Regulation of gene expression in beta cells
Akt1	7227.FBpp0082682	Reactome	DME-211163	AKT-mediated inactivation of FOXO1A
Akt1	7227.FBpp0082682	Reactome	DME-212436	Generic Transcription Pathway
Akt1	7227.FBpp0082682	Reactome	DME-2262752	Cellular responses to stress
Akt1	7227.FBpp0082682	Reactome	DME-2404192	Signaling by Type 1 Insulin-like Growth Factor 1 Receptor (IGF1R)
Akt1	7227.FBpp0082682	Reactome	DME-2428924	IGF1R signaling cascade
Akt1	7227.FBpp0082682	Reactome	DME-2428928	IRS-related events triggered by IGF1R
Akt1	7227.FBpp0082682	Reactome	DME-354192	Integrin signaling
Akt1	7227.FBpp0082682	Reactome	DME-3700989	Transcriptional Regulation by TP53
Akt1	7227.FBpp0082682	Reactome	DME-372790	Signaling by GPCR
Akt1	7227.FBpp0082682	Reactome	DME-3769402	Deactivation of the beta-catenin transactivating complex
Akt1	7227.FBpp0082682	Reactome	DME-388396	GPCR downstream signalling
Akt1	7227.FBpp0082682	Reactome	DME-388841	Regulation of T cell activation by CD28 family
Akt1	7227.FBpp0082682	Reactome	DME-389356	Co-stimulation by CD28
Akt1	7227.FBpp0082682	Reactome	DME-389357	CD28 dependent PI3K/Akt signaling
Akt1	7227.FBpp0082682	Reactome	DME-389513	Co-inhibition by CTLA4
Akt1	7227.FBpp0082682	Reactome	DME-392451	G beta:gamma signalling through PI3Kgamma
Akt1	7227.FBpp0082682	Reactome	DME-397795	G-protein beta:gamma signalling
Akt1	7227.FBpp0082682	Reactome	DME-4420097	VEGFA-VEGFR2 Pathway
Akt1	7227.FBpp0082682	Reactome	DME-450385	Butyrate Response Factor 1 (BRF1) binds and destabilizes mRNA
Akt1	7227.FBpp0082682	Reactome	DME-450531	Regulation of mRNA stability by proteins that bind AU-rich elements
Akt1	7227.FBpp0082682	Reactome	DME-450604	KSRP (KHSRP) binds and destabilizes mRNA
Akt1	7227.FBpp0082682	Reactome	DME-453279	Mitotic G1 phase and G1/S transition
Akt1	7227.FBpp0082682	Reactome	DME-5218920	VEGFR2 mediated vascular permeability
Akt1	7227.FBpp0082682	Reactome	DME-5252538	Drosophila signaling pathways
Akt1	7227.FBpp0082682	Reactome	DME-5628897	TP53 Regulates Metabolic Genes
Akt1	7227.FBpp0082682	Reactome	DME-5633007	Regulation of TP53 Activity
Akt1	7227.FBpp0082682	Reactome	DME-5653656	Vesicle-mediated transport
Akt1	7227.FBpp0082682	Reactome	DME-6804758	Regulation of TP53 Activity through Acetylation
Akt1	7227.FBpp0082682	Reactome	DME-6804759	Regulation of TP53 Activity through Association with Co-factors
Akt1	7227.FBpp0082682	Reactome	DME-6807070	PTEN Regulation
Akt1	7227.FBpp0082682	Reactome	DME-6811558	PI5P, PP2A and IER3 Regulate PI3K/AKT Signaling
Akt1	7227.FBpp0082682	Reactome	DME-69202	Cyclin E associated events during G1/S transition
Akt1	7227.FBpp0082682	Reactome	DME-69206	G1/S Transition
Akt1	7227.FBpp0082682	Reactome	DME-69242	S Phase
Akt1	7227.FBpp0082682	Reactome	DME-69278	Cell Cycle, Mitotic
Akt1	7227.FBpp0082682	Reactome	DME-69656	Cyclin A:Cdk2-associated events at S phase entry
Akt1	7227.FBpp0082682	Reactome	DME-73857	RNA Polymerase II Transcription
Akt1	7227.FBpp0082682	Reactome	DME-74160	Gene expression (Transcription)
Akt1	7227.FBpp0082682	Reactome	DME-74751	Insulin receptor signalling cascade
Akt1	7227.FBpp0082682	Reactome	DME-74752	Signaling by Insulin receptor
Akt1	7227.FBpp0082682	Reactome	DME-76002	Platelet activation, signaling and aggregation
Akt1	7227.FBpp0082682	Reactome	DME-76009	Platelet Aggregation (Plug Formation)
Akt1	7227.FBpp0082682	Reactome	DME-8863795	Downregulation of ERBB2 signaling
Akt1	7227.FBpp0082682	Reactome	DME-8876198	RAB GEFs exchange GTP for GDP on RABs
Akt1	7227.FBpp0082682	Reactome	DME-8939211	ESR-mediated signaling
Akt1	7227.FBpp0082682	Reactome	DME-8948751	Regulation of PTEN stability and activity
Akt1	7227.FBpp0082682	Reactome	DME-8953854	Metabolism of RNA
Akt1	7227.FBpp0082682	Reactome	DME-8953897	Cellular responses to stimuli
Akt1	7227.FBpp0082682	Reactome	DME-8978934	Metabolism of cofactors
Akt1	7227.FBpp0082682	Reactome	DME-9006925	Intracellular signaling by second messengers
Akt1	7227.FBpp0082682	Reactome	DME-9006931	Signaling by Nuclear Receptors
Akt1	7227.FBpp0082682	Reactome	DME-9006934	Signaling by Receptor Tyrosine Kinases
Akt1	7227.FBpp0082682	Reactome	DME-9007101	Rab regulation of trafficking
Akt1	7227.FBpp0082682	Reactome	DME-9009391	Extra-nuclear estrogen signaling
Akt1	7227.FBpp0082682	Reactome	DME-9013694	Signaling by NOTCH4
Akt1	7227.FBpp0082682	Reactome	DME-9604323	Negative regulation of NOTCH4 signaling
Akt1	7227.FBpp0082682	Reactome	DME-9607240	FLT3 Signaling
Akt1	7227.FBpp0082682	Reactome	DME-9614085	FOXO-mediated transcription
Akt1	7227.FBpp0082682	Reactome	DME-9614399	Regulation of localization of FOXO transcription factors
Akt1	7227.FBpp0082682	Reactome	DME-9634638	Estrogen-dependent nuclear events downstream of ESR-membrane signaling
Akt1	7227.FBpp0082682	Reactome	DME-9711123	Cellular response to chemical stress
Akt1	7227.FBpp0082682	Reactome	DME-9730414	MITF-M-regulated melanocyte development
Akt1	7227.FBpp0082682	Reactome	DME-9755511	KEAP1-NFE2L2 pathway
Akt1	7227.FBpp0082682	Reactome	DME-9841251	Mitochondrial unfolded protein response (UPRmt)
Akt1	7227.FBpp0082682	Reactome	DME-9855142	Cellular responses to mechanical stimuli
Akt1	7227.FBpp0082682	Reactome	DME-9856530	High laminar flow shear stress activates signaling by PIEZO1 and PECAM1:CDH5:KDR in endothelial cells
Akt1	7227.FBpp0082682	Reactome	DME-9856649	Transcriptional and post-translational regulation of MITF-M expression and activity
Akt1	7227.FBpp0082682	Reactome	DME-9860931	Response of endothelial cells to shear stress
Akt1	7227.FBpp0082682	COMPARTMENTS	GOCC:0005622	Intracellular anatomical structure
Akt1	7227.FBpp0082682	COMPARTMENTS	GOCC:0005634	Nucleus
Akt1	7227.FBpp0082682	COMPARTMENTS	GOCC:0005737	Cytoplasm
Akt1	7227.FBpp0082682	COMPARTMENTS	GOCC:0005829	Cytosol
Akt1	7227.FBpp0082682	COMPARTMENTS	GOCC:0005886	Plasma membrane
Akt1	7227.FBpp0082682	COMPARTMENTS	GOCC:0005938	Cell cortex
Akt1	7227.FBpp0082682	COMPARTMENTS	GOCC:0016020	Membrane
Akt1	7227.FBpp0082682	COMPARTMENTS	GOCC:0031931	TORC1 complex
Akt1	7227.FBpp0082682	COMPARTMENTS	GOCC:0032991	Protein-containing complex
Akt1	7227.FBpp0082682	COMPARTMENTS	GOCC:0036477	Somatodendritic compartment
Akt1	7227.FBpp0082682	COMPARTMENTS	GOCC:0043025	Neuronal cell body
Akt1	7227.FBpp0082682	COMPARTMENTS	GOCC:0043226	Organelle
Akt1	7227.FBpp0082682	COMPARTMENTS	GOCC:0043227	Membrane-bounded organelle
Akt1	7227.FBpp0082682	COMPARTMENTS	GOCC:0043229	Intracellular organelle
Akt1	7227.FBpp0082682	COMPARTMENTS	GOCC:0043231	Intracellular membrane-bounded organelle
Akt1	7227.FBpp0082682	COMPARTMENTS	GOCC:0044297	Cell body
Akt1	7227.FBpp0082682	COMPARTMENTS	GOCC:0071159	NF-kappaB complex
Akt1	7227.FBpp0082682	COMPARTMENTS	GOCC:0071944	Cell periphery
Akt1	7227.FBpp0082682	COMPARTMENTS	GOCC:0110165	Cellular anatomical structure
Akt1	7227.FBpp0082682	Monarch	FBcv:0000349	Viable
Akt1	7227.FBpp0082682	Monarch	FBcv:0000351	Lethal
Akt1	7227.FBpp0082682	Monarch	FBcv:0000352	Partially lethal - majority die
Akt1	7227.FBpp0082682	Monarch	FBcv:0000354	Visible
Akt1	7227.FBpp0082682	Monarch	FBcv:0000357	Abnormal size
Akt1	7227.FBpp0082682	Monarch	FBcv:0000358	Decreased body size
Akt1	7227.FBpp0082682	Monarch	FBcv:0000359	Decreased cell number
Akt1	7227.FBpp0082682	Monarch	FBcv:0000360	Decreased cell size
Akt1	7227.FBpp0082682	Monarch	FBcv:0000362	Increased cell number
Akt1	7227.FBpp0082682	Monarch	FBcv:0000363	Increased cell size
Akt1	7227.FBpp0082682	Monarch	FBcv:0000364	Sterile
Akt1	7227.FBpp0082682	Monarch	FBcv:0000365	Semi-sterile
Akt1	7227.FBpp0082682	Monarch	FBcv:0000366	Female sterile
Akt1	7227.FBpp0082682	Monarch	FBcv:0000367	Female semi-sterile
Akt1	7227.FBpp0082682	Monarch	FBcv:0000385	Short lived
Akt1	7227.FBpp0082682	Monarch	FBcv:0000386	Long lived
Akt1	7227.FBpp0082682	Monarch	FBcv:0000424	Abnormal cell death
Akt1	7227.FBpp0082682	Monarch	FBcv:0000425	Increased cell death
Akt1	7227.FBpp0082682	Monarch	FBcv:0000427	Abnormal cell growth
Akt1	7227.FBpp0082682	Monarch	FBcv:0000428	Abnormal cell size
Akt1	7227.FBpp0082682	Monarch	FBcv:0000434	Abnormal neurophysiology
Akt1	7227.FBpp0082682	Monarch	FBcv:0000435	Abnormal neuroanatomy
Akt1	7227.FBpp0082682	Monarch	FBcv:0000439	Chemical resistant
Akt1	7227.FBpp0082682	Monarch	FBcv:0000440	Chemical sensitive
Akt1	7227.FBpp0082682	Monarch	FBcv:0000444	Hyperplasia
Akt1	7227.FBpp0082682	Monarch	FBcv:0000449	Abnormal planar polarity
Akt1	7227.FBpp0082682	Monarch	FBcv:0000450	Abnormal developmental rate
Akt1	7227.FBpp0082682	Monarch	FBcv:0000665	Abnormal body size
Akt1	7227.FBpp0082682	Monarch	FBcv:0000709	Abnormal cell number
Akt1	7227.FBpp0082682	Monarch	FBcv:0002000	Lethal - all die before end of P-stage
Akt1	7227.FBpp0082682	Monarch	FBcv:0002001	Lethal - all die before end of first instar larval stage
Akt1	7227.FBpp0082682	Monarch	FBcv:0002002	Lethal - all die before end of larval stage
Akt1	7227.FBpp0082682	Monarch	FBcv:0002003	Lethal - all die before end of second instar larval stage
Akt1	7227.FBpp0082682	Monarch	FBcv:0002004	Increased mortality
Akt1	7227.FBpp0082682	Monarch	FBcv:0002015	Partially lethal
Akt1	7227.FBpp0082682	Monarch	FBcv:0002019	Increased mortality during development
Akt1	7227.FBpp0082682	Monarch	FBcv:0002020	Some die during P-stage
Akt1	7227.FBpp0082682	Monarch	FBcv:0002023	Some die during larval stage
Akt1	7227.FBpp0082682	Monarch	FBcv:0002026	Lethal - all die before end of prepupal stage
Akt1	7227.FBpp0082682	Monarch	FBcv:0002027	Lethal - all die before end of pupal stage
Akt1	7227.FBpp0082682	Monarch	FBcv:0002033	Lethal - all die during embryonic stage
Akt1	7227.FBpp0082682	Monarch	FBcv:0002037	Majority die during embryonic stage
Akt1	7227.FBpp0082682	Monarch	FBcv:0002039	Some die during pupal stage
Akt1	7227.FBpp0082682	Monarch	FBcv:0002041	Some die during embryonic stage
Akt1	7227.FBpp0082682	Monarch	FBcv:0007508	Decreased size
Akt1	7227.FBpp0082682	UniProt Keywords	KW-0024	Alternative initiation
Akt1	7227.FBpp0082682	UniProt Keywords	KW-0053	Apoptosis
Akt1	7227.FBpp0082682	UniProt Keywords	KW-0067	ATP-binding
Akt1	7227.FBpp0082682	UniProt Keywords	KW-0217	Developmental protein
Akt1	7227.FBpp0082682	UniProt Keywords	KW-0341	Growth regulation
Akt1	7227.FBpp0082682	UniProt Keywords	KW-0418	Kinase
Akt1	7227.FBpp0082682	UniProt Keywords	KW-0472	Membrane
Akt1	7227.FBpp0082682	UniProt Keywords	KW-0547	Nucleotide-binding
Akt1	7227.FBpp0082682	UniProt Keywords	KW-0597	Phosphoprotein
Akt1	7227.FBpp0082682	UniProt Keywords	KW-0723	Serine/threonine-protein kinase
Akt1	7227.FBpp0082682	UniProt Keywords	KW-0808	Transferase
Akt1	7227.FBpp0082682	UniProt Keywords	KW-0963	Cytoplasm
Akt1	7227.FBpp0082682	UniProt Keywords	KW-1003	Cell membrane
Akt1	7227.FBpp0082682	InterPro	IPR000719	Protein kinase domain
Akt1	7227.FBpp0082682	InterPro	IPR000961	AGC-kinase, C-terminal
Akt1	7227.FBpp0082682	InterPro	IPR001849	Pleckstrin homology domain
Akt1	7227.FBpp0082682	InterPro	IPR008271	Serine/threonine-protein kinase, active site
Akt1	7227.FBpp0082682	InterPro	IPR011009	Protein kinase-like domain superfamily
Akt1	7227.FBpp0082682	InterPro	IPR011993	PH-like domain superfamily
Akt1	7227.FBpp0082682	InterPro	IPR017441	Protein kinase, ATP binding site
Akt1	7227.FBpp0082682	InterPro	IPR017892	Protein kinase, C-terminal
Akt1	7227.FBpp0082682	SMART	SM00133	Extension to Ser/Thr-type protein kinases
Akt1	7227.FBpp0082682	SMART	SM00220	Serine/Threonine protein kinases, catalytic domain
Akt1	7227.FBpp0082682	SMART	SM00233	Pleckstrin homology domain.
Cat	7227.FBpp0074825	GO Process	GO:0000302	Response to reactive oxygen species
Cat	7227.FBpp0074825	GO Process	GO:0002682	Regulation of immune system process
Cat	7227.FBpp0074825	GO Process	GO:0003007	Heart morphogenesis
Cat	7227.FBpp0074825	GO Process	GO:0006950	Response to stress
Cat	7227.FBpp0074825	GO Process	GO:0006979	Response to oxidative stress
Cat	7227.FBpp0074825	GO Process	GO:0007154	Cell communication
Cat	7227.FBpp0074825	GO Process	GO:0007267	Cell-cell signaling
Cat	7227.FBpp0074825	GO Process	GO:0007275	Multicellular organism development
Cat	7227.FBpp0074825	GO Process	GO:0007507	Heart development
Cat	7227.FBpp0074825	GO Process	GO:0008152	Metabolic process
Cat	7227.FBpp0074825	GO Process	GO:0008340	Determination of adult lifespan
Cat	7227.FBpp0074825	GO Process	GO:0009056	Catabolic process
Cat	7227.FBpp0074825	GO Process	GO:0009636	Response to toxic substance
Cat	7227.FBpp0074825	GO Process	GO:0009653	Anatomical structure morphogenesis
Cat	7227.FBpp0074825	GO Process	GO:0009887	Animal organ morphogenesis
Cat	7227.FBpp0074825	GO Process	GO:0009987	Cellular process
Cat	7227.FBpp0074825	GO Process	GO:0010646	Regulation of cell communication
Cat	7227.FBpp0074825	GO Process	GO:0023051	Regulation of signaling
Cat	7227.FBpp0074825	GO Process	GO:0023052	Signaling
Cat	7227.FBpp0074825	GO Process	GO:0032501	Multicellular organismal process
Cat	7227.FBpp0074825	GO Process	GO:0032502	Developmental process
Cat	7227.FBpp0074825	GO Process	GO:0033554	Cellular response to stress
Cat	7227.FBpp0074825	GO Process	GO:0034976	Response to endoplasmic reticulum stress
Cat	7227.FBpp0074825	GO Process	GO:0035206	Regulation of hemocyte proliferation
Cat	7227.FBpp0074825	GO Process	GO:0036335	Intestinal stem cell homeostasis
Cat	7227.FBpp0074825	GO Process	GO:0038001	Paracrine signaling
Cat	7227.FBpp0074825	GO Process	GO:0042127	Regulation of cell population proliferation
Cat	7227.FBpp0074825	GO Process	GO:0042221	Response to chemical
Cat	7227.FBpp0074825	GO Process	GO:0042542	Response to hydrogen peroxide
Cat	7227.FBpp0074825	GO Process	GO:0042592	Homeostatic process
Cat	7227.FBpp0074825	GO Process	GO:0042743	Hydrogen peroxide metabolic process
Cat	7227.FBpp0074825	GO Process	GO:0042744	Hydrogen peroxide catabolic process
Cat	7227.FBpp0074825	GO Process	GO:0048167	Regulation of synaptic plasticity
Cat	7227.FBpp0074825	GO Process	GO:0048513	Animal organ development
Cat	7227.FBpp0074825	GO Process	GO:0048731	System development
Cat	7227.FBpp0074825	GO Process	GO:0048856	Anatomical structure development
Cat	7227.FBpp0074825	GO Process	GO:0048871	Multicellular organismal-level homeostasis
Cat	7227.FBpp0074825	GO Process	GO:0048872	Homeostasis of number of cells
Cat	7227.FBpp0074825	GO Process	GO:0050789	Regulation of biological process
Cat	7227.FBpp0074825	GO Process	GO:0050793	Regulation of developmental process
Cat	7227.FBpp0074825	GO Process	GO:0050794	Regulation of cellular process
Cat	7227.FBpp0074825	GO Process	GO:0050804	Modulation of chemical synaptic transmission
Cat	7227.FBpp0074825	GO Process	GO:0050896	Response to stimulus
Cat	7227.FBpp0074825	GO Process	GO:0051239	Regulation of multicellular organismal process
Cat	7227.FBpp0074825	GO Process	GO:0051716	Cellular response to stimulus
Cat	7227.FBpp0074825	GO Process	GO:0065007	Biological regulation
Cat	7227.FBpp0074825	GO Process	GO:0065008	Regulation of biological quality
Cat	7227.FBpp0074825	GO Process	GO:0070887	Cellular response to chemical stimulus
Cat	7227.FBpp0074825	GO Process	GO:0072359	Circulatory system development
Cat	7227.FBpp0074825	GO Process	GO:0072593	Reactive oxygen species metabolic process
Cat	7227.FBpp0074825	GO Process	GO:0097237	Cellular response to toxic substance
Cat	7227.FBpp0074825	GO Process	GO:0098754	Detoxification
Cat	7227.FBpp0074825	GO Process	GO:0098869	Cellular oxidant detoxification
Cat	7227.FBpp0074825	GO Process	GO:0099177	Regulation of trans-synaptic signaling
Cat	7227.FBpp0074825	GO Process	GO:1901700	Response to oxygen-containing compound
Cat	7227.FBpp0074825	GO Process	GO:1990748	Cellular detoxification
Cat	7227.FBpp0074825	GO Function	GO:0003824	Catalytic activity
Cat	7227.FBpp0074825	GO Function	GO:0004096	Catalase activity
Cat	7227.FBpp0074825	GO Function	GO:0004601	Peroxidase activity
Cat	7227.FBpp0074825	GO Function	GO:0005488	Binding
Cat	7227.FBpp0074825	GO Function	GO:0016209	Antioxidant activity
Cat	7227.FBpp0074825	GO Function	GO:0016491	Oxidoreductase activity
Cat	7227.FBpp0074825	GO Function	GO:0016684	Oxidoreductase activity, acting on peroxide as acceptor
Cat	7227.FBpp0074825	GO Function	GO:0020037	Heme binding
Cat	7227.FBpp0074825	GO Function	GO:0036094	Small molecule binding
Cat	7227.FBpp0074825	GO Function	GO:0043167	Ion binding
Cat	7227.FBpp0074825	GO Function	GO:0043169	Cation binding
Cat	7227.FBpp0074825	GO Function	GO:0046872	Metal ion binding
Cat	7227.FBpp0074825	GO Function	GO:0046906	Tetrapyrrole binding
Cat	7227.FBpp0074825	GO Component	GO:0005622	Intracellular anatomical structure
Cat	7227.FBpp0074825	GO Component	GO:0005737	Cytoplasm
Cat	7227.FBpp0074825	GO Component	GO:0005739	Mitochondrion
Cat	7227.FBpp0074825	GO Component	GO:0005777	Peroxisome
Cat	7227.FBpp0074825	GO Component	GO:0005782	Peroxisomal matrix
Cat	7227.FBpp0074825	GO Component	GO:0005829	Cytosol
Cat	7227.FBpp0074825	GO Component	GO:0016007	Mitochondrial derivative
Cat	7227.FBpp0074825	GO Component	GO:0016008	Major mitochondrial derivative
Cat	7227.FBpp0074825	GO Component	GO:0031907	Microbody lumen
Cat	7227.FBpp0074825	GO Component	GO:0031974	Membrane-enclosed lumen
Cat	7227.FBpp0074825	GO Component	GO:0042579	Microbody
Cat	7227.FBpp0074825	GO Component	GO:0043226	Organelle
Cat	7227.FBpp0074825	GO Component	GO:0043227	Membrane-bounded organelle
Cat	7227.FBpp0074825	GO Component	GO:0043229	Intracellular organelle
Cat	7227.FBpp0074825	GO Component	GO:0043231	Intracellular membrane-bounded organelle
Cat	7227.FBpp0074825	GO Component	GO:0043233	Organelle lumen
Cat	7227.FBpp0074825	GO Component	GO:0070013	Intracellular organelle lumen
Cat	7227.FBpp0074825	GO Component	GO:0110165	Cellular anatomical structure
Cat	7227.FBpp0074825	STRING clusters	CL:7087	Glutathione metabolism, and Cellular detoxification
Cat	7227.FBpp0074825	STRING clusters	CL:7224	Mixed, incl. Detoxification of Reactive Oxygen Species, and Cellular detoxification
Cat	7227.FBpp0074825	STRING clusters	CL:7226	Mixed, incl. Detoxification of Reactive Oxygen Species, and Antioxidant
Cat	7227.FBpp0074825	STRING clusters	CL:7270	Mixed, incl. Catalase activity, and Eukaryotic glutathione synthase, ATP binding domain
Cat	7227.FBpp0074825	KEGG	dme00380	Tryptophan metabolism
Cat	7227.FBpp0074825	KEGG	dme00630	Glyoxylate and dicarboxylate metabolism
Cat	7227.FBpp0074825	KEGG	dme01100	Metabolic pathways
Cat	7227.FBpp0074825	KEGG	dme01200	Carbon metabolism
Cat	7227.FBpp0074825	KEGG	dme04068	FoxO signaling pathway
Cat	7227.FBpp0074825	KEGG	dme04146	Peroxisome
Cat	7227.FBpp0074825	KEGG	dme04213	Longevity regulating pathway - multiple species
Cat	7227.FBpp0074825	Reactome	DME-168249	Innate Immune System
Cat	7227.FBpp0074825	Reactome	DME-168256	Immune System
Cat	7227.FBpp0074825	Reactome	DME-2262752	Cellular responses to stress
Cat	7227.FBpp0074825	Reactome	DME-3299685	Detoxification of Reactive Oxygen Species
Cat	7227.FBpp0074825	Reactome	DME-6798695	Neutrophil degranulation
Cat	7227.FBpp0074825	Reactome	DME-8953897	Cellular responses to stimuli
Cat	7227.FBpp0074825	Reactome	DME-9033241	Peroxisomal protein import
Cat	7227.FBpp0074825	Reactome	DME-9609507	Protein localization
Cat	7227.FBpp0074825	Reactome	DME-9711123	Cellular response to chemical stress
Cat	7227.FBpp0074825	COMPARTMENTS	GOCC:0005622	Intracellular anatomical structure
Cat	7227.FBpp0074825	COMPARTMENTS	GOCC:0005737	Cytoplasm
Cat	7227.FBpp0074825	COMPARTMENTS	GOCC:0005777	Peroxisome
Cat	7227.FBpp0074825	COMPARTMENTS	GOCC:0005782	Peroxisomal matrix
Cat	7227.FBpp0074825	COMPARTMENTS	GOCC:0005829	Cytosol
Cat	7227.FBpp0074825	COMPARTMENTS	GOCC:0016007	Mitochondrial derivative
Cat	7227.FBpp0074825	COMPARTMENTS	GOCC:0016008	Major mitochondrial derivative
Cat	7227.FBpp0074825	COMPARTMENTS	GOCC:0031907	Microbody lumen
Cat	7227.FBpp0074825	COMPARTMENTS	GOCC:0031974	Membrane-enclosed lumen
Cat	7227.FBpp0074825	COMPARTMENTS	GOCC:0042579	Microbody
Cat	7227.FBpp0074825	COMPARTMENTS	GOCC:0043226	Organelle
Cat	7227.FBpp0074825	COMPARTMENTS	GOCC:0043227	Membrane-bounded organelle
Cat	7227.FBpp0074825	COMPARTMENTS	GOCC:0043229	Intracellular organelle
Cat	7227.FBpp0074825	COMPARTMENTS	GOCC:0043231	Intracellular membrane-bounded organelle
Cat	7227.FBpp0074825	COMPARTMENTS	GOCC:0043233	Organelle lumen
Cat	7227.FBpp0074825	COMPARTMENTS	GOCC:0070013	Intracellular organelle lumen
Cat	7227.FBpp0074825	COMPARTMENTS	GOCC:0110165	Cellular anatomical structure
Cat	7227.FBpp0074825	Monarch	FBcv:0000349	Viable
Cat	7227.FBpp0074825	Monarch	FBcv:0000351	Lethal
Cat	7227.FBpp0074825	Monarch	FBcv:0000352	Partially lethal - majority die
Cat	7227.FBpp0074825	Monarch	FBcv:0000354	Visible
Cat	7227.FBpp0074825	Monarch	FBcv:0000359	Decreased cell number
Cat	7227.FBpp0074825	Monarch	FBcv:0000374	Fertile
Cat	7227.FBpp0074825	Monarch	FBcv:0000385	Short lived
Cat	7227.FBpp0074825	Monarch	FBcv:0000417	Abnormal flight
Cat	7227.FBpp0074825	Monarch	FBcv:0000418	Flightless
Cat	7227.FBpp0074825	Monarch	FBcv:0000435	Abnormal neuroanatomy
Cat	7227.FBpp0074825	Monarch	FBcv:0000439	Chemical resistant
Cat	7227.FBpp0074825	Monarch	FBcv:0000440	Chemical sensitive
Cat	7227.FBpp0074825	Monarch	FBcv:0000709	Abnormal cell number
Cat	7227.FBpp0074825	Monarch	FBcv:0002004	Increased mortality
Cat	7227.FBpp0074825	Monarch	FBcv:0002015	Partially lethal
Cat	7227.FBpp0074825	Monarch	FBcv:0002019	Increased mortality during development
Cat	7227.FBpp0074825	UniProt Keywords	KW-0349	Heme
Cat	7227.FBpp0074825	UniProt Keywords	KW-0376	Hydrogen peroxide
Cat	7227.FBpp0074825	UniProt Keywords	KW-0408	Iron
Cat	7227.FBpp0074825	UniProt Keywords	KW-0479	Metal-binding
Cat	7227.FBpp0074825	UniProt Keywords	KW-0560	Oxidoreductase
Cat	7227.FBpp0074825	UniProt Keywords	KW-0575	Peroxidase
Cat	7227.FBpp0074825	UniProt Keywords	KW-0576	Peroxisome
Cat	7227.FBpp0074825	Pfam	PF06628	Catalase-related immune-responsive
Cat	7227.FBpp0074825	InterPro	IPR002226	Catalase haem-binding site
Cat	7227.FBpp0074825	InterPro	IPR010582	Catalase immune-responsive domain
Cat	7227.FBpp0074825	InterPro	IPR011614	Catalase core domain
Cat	7227.FBpp0074825	InterPro	IPR018028	Catalase, mono-functional, haem-containing
Cat	7227.FBpp0074825	InterPro	IPR020835	Catalase superfamily
Cat	7227.FBpp0074825	InterPro	IPR024711	Catalase, mono-functional, haem-containing, clades 1 and 3
Cat	7227.FBpp0074825	SMART	SM01060	Catalases are antioxidant enzymes that catalyse the conversion of hydrogen peroxide to water and molecular oxygen, serving to protect cells from its toxic effects PUBMED:11351128. Hydrogen peroxide is produced as a consequence of oxidative cellular ...
Cdc42	7227.FBpp0301153	GO Process	GO:0000902	Cell morphogenesis
Cdc42	7227.FBpp0301153	GO Process	GO:0001654	Eye development
Cdc42	7227.FBpp0301153	GO Process	GO:0001667	Ameboidal-type cell migration
Cdc42	7227.FBpp0301153	GO Process	GO:0001700	Embryonic development via the syncytial blastoderm
Cdc42	7227.FBpp0301153	GO Process	GO:0001736	Establishment of planar polarity
Cdc42	7227.FBpp0301153	GO Process	GO:0001738	Morphogenesis of a polarized epithelium
Cdc42	7227.FBpp0301153	GO Process	GO:0001745	Compound eye morphogenesis
Cdc42	7227.FBpp0301153	GO Process	GO:0001763	Morphogenesis of a branching structure
Cdc42	7227.FBpp0301153	GO Process	GO:0001932	Regulation of protein phosphorylation
Cdc42	7227.FBpp0301153	GO Process	GO:0001934	Positive regulation of protein phosphorylation
Cdc42	7227.FBpp0301153	GO Process	GO:0002009	Morphogenesis of an epithelium
Cdc42	7227.FBpp0301153	GO Process	GO:0002064	Epithelial cell development
Cdc42	7227.FBpp0301153	GO Process	GO:0002165	Instar larval or pupal development
Cdc42	7227.FBpp0301153	GO Process	GO:0002252	Immune effector process
Cdc42	7227.FBpp0301153	GO Process	GO:0002376	Immune system process
Cdc42	7227.FBpp0301153	GO Process	GO:0003006	Developmental process involved in reproduction
Cdc42	7227.FBpp0301153	GO Process	GO:0003008	System process
Cdc42	7227.FBpp0301153	GO Process	GO:0003014	Renal system process
Cdc42	7227.FBpp0301153	GO Process	GO:0006582	Melanin metabolic process
Cdc42	7227.FBpp0301153	GO Process	GO:0006810	Transport
Cdc42	7227.FBpp0301153	GO Process	GO:0006897	Endocytosis
Cdc42	7227.FBpp0301153	GO Process	GO:0006909	Phagocytosis
Cdc42	7227.FBpp0301153	GO Process	GO:0006950	Response to stress
Cdc42	7227.FBpp0301153	GO Process	GO:0006952	Defense response
Cdc42	7227.FBpp0301153	GO Process	GO:0006955	Immune response
Cdc42	7227.FBpp0301153	GO Process	GO:0006996	Organelle organization
Cdc42	7227.FBpp0301153	GO Process	GO:0007010	Cytoskeleton organization
Cdc42	7227.FBpp0301153	GO Process	GO:0007015	Actin filament organization
Cdc42	7227.FBpp0301153	GO Process	GO:0007154	Cell communication
Cdc42	7227.FBpp0301153	GO Process	GO:0007163	Establishment or maintenance of cell polarity
Cdc42	7227.FBpp0301153	GO Process	GO:0007164	Establishment of tissue polarity
Cdc42	7227.FBpp0301153	GO Process	GO:0007165	Signal transduction
Cdc42	7227.FBpp0301153	GO Process	GO:0007166	Cell surface receptor signaling pathway
Cdc42	7227.FBpp0301153	GO Process	GO:0007167	Enzyme-linked receptor protein signaling pathway
Cdc42	7227.FBpp0301153	GO Process	GO:0007169	Cell surface receptor protein tyrosine kinase signaling pathway
Cdc42	7227.FBpp0301153	GO Process	GO:0007264	Small GTPase-mediated signal transduction
Cdc42	7227.FBpp0301153	GO Process	GO:0007266	Rho protein signal transduction
Cdc42	7227.FBpp0301153	GO Process	GO:0007267	Cell-cell signaling
Cdc42	7227.FBpp0301153	GO Process	GO:0007268	Chemical synaptic transmission
Cdc42	7227.FBpp0301153	GO Process	GO:0007274	Neuromuscular synaptic transmission
Cdc42	7227.FBpp0301153	GO Process	GO:0007275	Multicellular organism development
Cdc42	7227.FBpp0301153	GO Process	GO:0007276	Gamete generation
Cdc42	7227.FBpp0301153	GO Process	GO:0007281	Germ cell development
Cdc42	7227.FBpp0301153	GO Process	GO:0007283	Spermatogenesis
Cdc42	7227.FBpp0301153	GO Process	GO:0007286	Spermatid development
Cdc42	7227.FBpp0301153	GO Process	GO:0007292	Female gamete generation
Cdc42	7227.FBpp0301153	GO Process	GO:0007297	Follicle cell of egg chamber migration
Cdc42	7227.FBpp0301153	GO Process	GO:0007298	Border follicle cell migration
Cdc42	7227.FBpp0301153	GO Process	GO:0007306	Egg chorion assembly
Cdc42	7227.FBpp0301153	GO Process	GO:0007349	Cellularization
Cdc42	7227.FBpp0301153	GO Process	GO:0007389	Pattern specification process
Cdc42	7227.FBpp0301153	GO Process	GO:0007391	Dorsal closure
Cdc42	7227.FBpp0301153	GO Process	GO:0007399	Nervous system development
Cdc42	7227.FBpp0301153	GO Process	GO:0007405	Neuroblast proliferation
Cdc42	7227.FBpp0301153	GO Process	GO:0007409	Axonogenesis
Cdc42	7227.FBpp0301153	GO Process	GO:0007411	Axon guidance
Cdc42	7227.FBpp0301153	GO Process	GO:0007423	Sensory organ development
Cdc42	7227.FBpp0301153	GO Process	GO:0007424	Open tracheal system development
Cdc42	7227.FBpp0301153	GO Process	GO:0007444	Imaginal disc development
Cdc42	7227.FBpp0301153	GO Process	GO:0007472	Wing disc morphogenesis
Cdc42	7227.FBpp0301153	GO Process	GO:0007476	Imaginal disc-derived wing morphogenesis
Cdc42	7227.FBpp0301153	GO Process	GO:0007552	Metamorphosis
Cdc42	7227.FBpp0301153	GO Process	GO:0007560	Imaginal disc morphogenesis
Cdc42	7227.FBpp0301153	GO Process	GO:0007600	Sensory perception
Cdc42	7227.FBpp0301153	GO Process	GO:0008045	Motor neuron axon guidance
Cdc42	7227.FBpp0301153	GO Process	GO:0008064	Regulation of actin polymerization or depolymerization
Cdc42	7227.FBpp0301153	GO Process	GO:0008104	Intracellular protein localization
Cdc42	7227.FBpp0301153	GO Process	GO:0008152	Metabolic process
Cdc42	7227.FBpp0301153	GO Process	GO:0008154	Actin polymerization or depolymerization
Cdc42	7227.FBpp0301153	GO Process	GO:0008283	Cell population proliferation
Cdc42	7227.FBpp0301153	GO Process	GO:0008356	Asymmetric cell division
Cdc42	7227.FBpp0301153	GO Process	GO:0008360	Regulation of cell shape
Cdc42	7227.FBpp0301153	GO Process	GO:0008544	Epidermis development
Cdc42	7227.FBpp0301153	GO Process	GO:0008582	Regulation of synaptic assembly at neuromuscular junction
Cdc42	7227.FBpp0301153	GO Process	GO:0009605	Response to external stimulus
Cdc42	7227.FBpp0301153	GO Process	GO:0009607	Response to biotic stimulus
Cdc42	7227.FBpp0301153	GO Process	GO:0009611	Response to wounding
Cdc42	7227.FBpp0301153	GO Process	GO:0009653	Anatomical structure morphogenesis
Cdc42	7227.FBpp0301153	GO Process	GO:0009790	Embryo development
Cdc42	7227.FBpp0301153	GO Process	GO:0009791	Post-embryonic development
Cdc42	7227.FBpp0301153	GO Process	GO:0009792	Embryo development ending in birth or egg hatching
Cdc42	7227.FBpp0301153	GO Process	GO:0009886	Post-embryonic animal morphogenesis
Cdc42	7227.FBpp0301153	GO Process	GO:0009887	Animal organ morphogenesis
Cdc42	7227.FBpp0301153	GO Process	GO:0009888	Tissue development
Cdc42	7227.FBpp0301153	GO Process	GO:0009893	Positive regulation of metabolic process
Cdc42	7227.FBpp0301153	GO Process	GO:0009913	Epidermal cell differentiation
Cdc42	7227.FBpp0301153	GO Process	GO:0009966	Regulation of signal transduction
Cdc42	7227.FBpp0301153	GO Process	GO:0009967	Positive regulation of signal transduction
Cdc42	7227.FBpp0301153	GO Process	GO:0009987	Cellular process
Cdc42	7227.FBpp0301153	GO Process	GO:0010562	Positive regulation of phosphorus metabolic process
Cdc42	7227.FBpp0301153	GO Process	GO:0010591	Regulation of lamellipodium assembly
Cdc42	7227.FBpp0301153	GO Process	GO:0010592	Positive regulation of lamellipodium assembly
Cdc42	7227.FBpp0301153	GO Process	GO:0010604	Positive regulation of macromolecule metabolic process
Cdc42	7227.FBpp0301153	GO Process	GO:0010631	Epithelial cell migration
Cdc42	7227.FBpp0301153	GO Process	GO:0010646	Regulation of cell communication
Cdc42	7227.FBpp0301153	GO Process	GO:0010647	Positive regulation of cell communication
Cdc42	7227.FBpp0301153	GO Process	GO:0010927	Cellular component assembly involved in morphogenesis
Cdc42	7227.FBpp0301153	GO Process	GO:0010975	Regulation of neuron projection development
Cdc42	7227.FBpp0301153	GO Process	GO:0016043	Cellular component organization
Cdc42	7227.FBpp0301153	GO Process	GO:0016049	Cell growth
Cdc42	7227.FBpp0301153	GO Process	GO:0016192	Vesicle-mediated transport
Cdc42	7227.FBpp0301153	GO Process	GO:0016318	Ommatidial rotation
Cdc42	7227.FBpp0301153	GO Process	GO:0016331	Morphogenesis of embryonic epithelium
Cdc42	7227.FBpp0301153	GO Process	GO:0016358	Dendrite development
Cdc42	7227.FBpp0301153	GO Process	GO:0016477	Cell migration
Cdc42	7227.FBpp0301153	GO Process	GO:0018958	Phenol-containing compound metabolic process
Cdc42	7227.FBpp0301153	GO Process	GO:0019220	Regulation of phosphate metabolic process
Cdc42	7227.FBpp0301153	GO Process	GO:0019222	Regulation of metabolic process
Cdc42	7227.FBpp0301153	GO Process	GO:0019748	Secondary metabolic process
Cdc42	7227.FBpp0301153	GO Process	GO:0019953	Sexual reproduction
Cdc42	7227.FBpp0301153	GO Process	GO:0022008	Neurogenesis
Cdc42	7227.FBpp0301153	GO Process	GO:0022412	Cellular process involved in reproduction in multicellular organism
Cdc42	7227.FBpp0301153	GO Process	GO:0022414	Reproductive process
Cdc42	7227.FBpp0301153	GO Process	GO:0022603	Regulation of anatomical structure morphogenesis
Cdc42	7227.FBpp0301153	GO Process	GO:0022604	Regulation of cell morphogenesis
Cdc42	7227.FBpp0301153	GO Process	GO:0022607	Cellular component assembly
Cdc42	7227.FBpp0301153	GO Process	GO:0023051	Regulation of signaling
Cdc42	7227.FBpp0301153	GO Process	GO:0023052	Signaling
Cdc42	7227.FBpp0301153	GO Process	GO:0023056	Positive regulation of signaling
Cdc42	7227.FBpp0301153	GO Process	GO:0030010	Establishment of cell polarity
Cdc42	7227.FBpp0301153	GO Process	GO:0030011	Maintenance of cell polarity
Cdc42	7227.FBpp0301153	GO Process	GO:0030029	Actin filament-based process
Cdc42	7227.FBpp0301153	GO Process	GO:0030030	Cell projection organization
Cdc42	7227.FBpp0301153	GO Process	GO:0030031	Cell projection assembly
Cdc42	7227.FBpp0301153	GO Process	GO:0030036	Actin cytoskeleton organization
Cdc42	7227.FBpp0301153	GO Process	GO:0030041	Actin filament polymerization
Cdc42	7227.FBpp0301153	GO Process	GO:0030097	Hemopoiesis
Cdc42	7227.FBpp0301153	GO Process	GO:0030154	Cell differentiation
Cdc42	7227.FBpp0301153	GO Process	GO:0030182	Neuron differentiation
Cdc42	7227.FBpp0301153	GO Process	GO:0030707	Follicle cell of egg chamber development
Cdc42	7227.FBpp0301153	GO Process	GO:0030832	Regulation of actin filament length
Cdc42	7227.FBpp0301153	GO Process	GO:0030833	Regulation of actin filament polymerization
Cdc42	7227.FBpp0301153	GO Process	GO:0030855	Epithelial cell differentiation
Cdc42	7227.FBpp0301153	GO Process	GO:0030865	Cortical cytoskeleton organization
Cdc42	7227.FBpp0301153	GO Process	GO:0030866	Cortical actin cytoskeleton organization
Cdc42	7227.FBpp0301153	GO Process	GO:0031175	Neuron projection development
Cdc42	7227.FBpp0301153	GO Process	GO:0031344	Regulation of cell projection organization
Cdc42	7227.FBpp0301153	GO Process	GO:0031346	Positive regulation of cell projection organization
Cdc42	7227.FBpp0301153	GO Process	GO:0031399	Regulation of protein modification process
Cdc42	7227.FBpp0301153	GO Process	GO:0031401	Positive regulation of protein modification process
Cdc42	7227.FBpp0301153	GO Process	GO:0031503	Protein-containing complex localization
Cdc42	7227.FBpp0301153	GO Process	GO:0032271	Regulation of protein polymerization
Cdc42	7227.FBpp0301153	GO Process	GO:0032501	Multicellular organismal process
Cdc42	7227.FBpp0301153	GO Process	GO:0032502	Developmental process
Cdc42	7227.FBpp0301153	GO Process	GO:0032535	Regulation of cellular component size
Cdc42	7227.FBpp0301153	GO Process	GO:0032879	Regulation of localization
Cdc42	7227.FBpp0301153	GO Process	GO:0032956	Regulation of actin cytoskeleton organization
Cdc42	7227.FBpp0301153	GO Process	GO:0032970	Regulation of actin filament-based process
Cdc42	7227.FBpp0301153	GO Process	GO:0032989	Cellular anatomical entity morphogenesis
Cdc42	7227.FBpp0301153	GO Process	GO:0033036	Macromolecule localization
Cdc42	7227.FBpp0301153	GO Process	GO:0033043	Regulation of organelle organization
Cdc42	7227.FBpp0301153	GO Process	GO:0033674	Positive regulation of kinase activity
Cdc42	7227.FBpp0301153	GO Process	GO:0035006	Melanization defense response
Cdc42	7227.FBpp0301153	GO Process	GO:0035010	Encapsulation of foreign target
Cdc42	7227.FBpp0301153	GO Process	GO:0035011	Melanotic encapsulation of foreign target
Cdc42	7227.FBpp0301153	GO Process	GO:0035099	Hemocyte migration
Cdc42	7227.FBpp0301153	GO Process	GO:0035107	Appendage morphogenesis
Cdc42	7227.FBpp0301153	GO Process	GO:0035114	Imaginal disc-derived appendage morphogenesis
Cdc42	7227.FBpp0301153	GO Process	GO:0035120	Post-embryonic appendage morphogenesis
Cdc42	7227.FBpp0301153	GO Process	GO:0035146	Tube fusion
Cdc42	7227.FBpp0301153	GO Process	GO:0035147	Branch fusion, open tracheal system
Cdc42	7227.FBpp0301153	GO Process	GO:0035162	Embryonic hemopoiesis
Cdc42	7227.FBpp0301153	GO Process	GO:0035220	Wing disc development
Cdc42	7227.FBpp0301153	GO Process	GO:0035239	Tube morphogenesis
Cdc42	7227.FBpp0301153	GO Process	GO:0035295	Tube development
Cdc42	7227.FBpp0301153	GO Process	GO:0035315	Hair cell differentiation
Cdc42	7227.FBpp0301153	GO Process	GO:0035316	Non-sensory hair organization
Cdc42	7227.FBpp0301153	GO Process	GO:0035317	Imaginal disc-derived wing hair organization
Cdc42	7227.FBpp0301153	GO Process	GO:0035556	Intracellular signal transduction
Cdc42	7227.FBpp0301153	GO Process	GO:0040007	Growth
Cdc42	7227.FBpp0301153	GO Process	GO:0040008	Regulation of growth
Cdc42	7227.FBpp0301153	GO Process	GO:0042060	Wound healing
Cdc42	7227.FBpp0301153	GO Process	GO:0042067	Establishment of ommatidial planar polarity
Cdc42	7227.FBpp0301153	GO Process	GO:0042325	Regulation of phosphorylation
Cdc42	7227.FBpp0301153	GO Process	GO:0042327	Positive regulation of phosphorylation
Cdc42	7227.FBpp0301153	GO Process	GO:0042440	Pigment metabolic process
Cdc42	7227.FBpp0301153	GO Process	GO:0043085	Positive regulation of catalytic activity
Cdc42	7227.FBpp0301153	GO Process	GO:0043207	Response to external biotic stimulus
Cdc42	7227.FBpp0301153	GO Process	GO:0043254	Regulation of protein-containing complex assembly
Cdc42	7227.FBpp0301153	GO Process	GO:0043408	Regulation of MAPK cascade
Cdc42	7227.FBpp0301153	GO Process	GO:0043410	Positive regulation of MAPK cascade
Cdc42	7227.FBpp0301153	GO Process	GO:0043549	Regulation of kinase activity
Cdc42	7227.FBpp0301153	GO Process	GO:0043933	Protein-containing complex organization
Cdc42	7227.FBpp0301153	GO Process	GO:0044085	Cellular component biogenesis
Cdc42	7227.FBpp0301153	GO Process	GO:0044087	Regulation of cellular component biogenesis
Cdc42	7227.FBpp0301153	GO Process	GO:0044089	Positive regulation of cellular component biogenesis
Cdc42	7227.FBpp0301153	GO Process	GO:0044093	Positive regulation of molecular function
Cdc42	7227.FBpp0301153	GO Process	GO:0044419	Biological process involved in interspecies interaction between organisms
Cdc42	7227.FBpp0301153	GO Process	GO:0045087	Innate immune response
Cdc42	7227.FBpp0301153	GO Process	GO:0045165	Cell fate commitment
Cdc42	7227.FBpp0301153	GO Process	GO:0045185	Maintenance of protein location
Cdc42	7227.FBpp0301153	GO Process	GO:0045196	Establishment or maintenance of neuroblast polarity
Cdc42	7227.FBpp0301153	GO Process	GO:0045200	Establishment of neuroblast polarity
Cdc42	7227.FBpp0301153	GO Process	GO:0045229	External encapsulating structure organization
Cdc42	7227.FBpp0301153	GO Process	GO:0045859	Regulation of protein kinase activity
Cdc42	7227.FBpp0301153	GO Process	GO:0045860	Positive regulation of protein kinase activity
Cdc42	7227.FBpp0301153	GO Process	GO:0045937	Positive regulation of phosphate metabolic process
Cdc42	7227.FBpp0301153	GO Process	GO:0046328	Regulation of JNK cascade
Cdc42	7227.FBpp0301153	GO Process	GO:0046330	Positive regulation of JNK cascade
Cdc42	7227.FBpp0301153	GO Process	GO:0046664	Dorsal closure, amnioserosa morphology change
Cdc42	7227.FBpp0301153	GO Process	GO:0046843	Dorsal appendage formation
Cdc42	7227.FBpp0301153	GO Process	GO:0046928	Regulation of neurotransmitter secretion
Cdc42	7227.FBpp0301153	GO Process	GO:0048010	Vascular endothelial growth factor receptor signaling pathway
Cdc42	7227.FBpp0301153	GO Process	GO:0048232	Male gamete generation
Cdc42	7227.FBpp0301153	GO Process	GO:0048468	Cell development
Cdc42	7227.FBpp0301153	GO Process	GO:0048477	Oogenesis
Cdc42	7227.FBpp0301153	GO Process	GO:0048513	Animal organ development
Cdc42	7227.FBpp0301153	GO Process	GO:0048515	Spermatid differentiation
Cdc42	7227.FBpp0301153	GO Process	GO:0048518	Positive regulation of biological process
Cdc42	7227.FBpp0301153	GO Process	GO:0048522	Positive regulation of cellular process
Cdc42	7227.FBpp0301153	GO Process	GO:0048568	Embryonic organ development
Cdc42	7227.FBpp0301153	GO Process	GO:0048583	Regulation of response to stimulus
Cdc42	7227.FBpp0301153	GO Process	GO:0048584	Positive regulation of response to stimulus
Cdc42	7227.FBpp0301153	GO Process	GO:0048588	Developmental cell growth
Cdc42	7227.FBpp0301153	GO Process	GO:0048589	Developmental growth
Cdc42	7227.FBpp0301153	GO Process	GO:0048592	Eye morphogenesis
Cdc42	7227.FBpp0301153	GO Process	GO:0048598	Embryonic morphogenesis
Cdc42	7227.FBpp0301153	GO Process	GO:0048609	Multicellular organismal reproductive process
Cdc42	7227.FBpp0301153	GO Process	GO:0048638	Regulation of developmental growth
Cdc42	7227.FBpp0301153	GO Process	GO:0048646	Anatomical structure formation involved in morphogenesis
Cdc42	7227.FBpp0301153	GO Process	GO:0048666	Neuron development
Cdc42	7227.FBpp0301153	GO Process	GO:0048667	Cell morphogenesis involved in neuron differentiation
Cdc42	7227.FBpp0301153	GO Process	GO:0048675	Axon extension
Cdc42	7227.FBpp0301153	GO Process	GO:0048699	Generation of neurons
Cdc42	7227.FBpp0301153	GO Process	GO:0048707	Instar larval or pupal morphogenesis
Cdc42	7227.FBpp0301153	GO Process	GO:0048729	Tissue morphogenesis
Cdc42	7227.FBpp0301153	GO Process	GO:0048731	System development
Cdc42	7227.FBpp0301153	GO Process	GO:0048736	Appendage development
Cdc42	7227.FBpp0301153	GO Process	GO:0048737	Imaginal disc-derived appendage development
Cdc42	7227.FBpp0301153	GO Process	GO:0048749	Compound eye development
Cdc42	7227.FBpp0301153	GO Process	GO:0048754	Branching morphogenesis of an epithelial tube
Cdc42	7227.FBpp0301153	GO Process	GO:0048812	Neuron projection morphogenesis
Cdc42	7227.FBpp0301153	GO Process	GO:0048813	Dendrite morphogenesis
Cdc42	7227.FBpp0301153	GO Process	GO:0048856	Anatomical structure development
Cdc42	7227.FBpp0301153	GO Process	GO:0048858	Cell projection morphogenesis
Cdc42	7227.FBpp0301153	GO Process	GO:0048869	Cellular developmental process
Cdc42	7227.FBpp0301153	GO Process	GO:0048870	Cell motility
Cdc42	7227.FBpp0301153	GO Process	GO:0048880	Sensory system development
Cdc42	7227.FBpp0301153	GO Process	GO:0050770	Regulation of axonogenesis
Cdc42	7227.FBpp0301153	GO Process	GO:0050789	Regulation of biological process
Cdc42	7227.FBpp0301153	GO Process	GO:0050790	Regulation of catalytic activity
Cdc42	7227.FBpp0301153	GO Process	GO:0050793	Regulation of developmental process
Cdc42	7227.FBpp0301153	GO Process	GO:0050794	Regulation of cellular process
Cdc42	7227.FBpp0301153	GO Process	GO:0050803	Regulation of synapse structure or activity
Cdc42	7227.FBpp0301153	GO Process	GO:0050804	Modulation of chemical synaptic transmission
Cdc42	7227.FBpp0301153	GO Process	GO:0050807	Regulation of synapse organization
Cdc42	7227.FBpp0301153	GO Process	GO:0050877	Nervous system process
Cdc42	7227.FBpp0301153	GO Process	GO:0050896	Response to stimulus
Cdc42	7227.FBpp0301153	GO Process	GO:0050954	Sensory perception of mechanical stimulus
Cdc42	7227.FBpp0301153	GO Process	GO:0050975	Sensory perception of touch
Cdc42	7227.FBpp0301153	GO Process	GO:0051046	Regulation of secretion
Cdc42	7227.FBpp0301153	GO Process	GO:0051049	Regulation of transport
Cdc42	7227.FBpp0301153	GO Process	GO:0051128	Regulation of cellular component organization
Cdc42	7227.FBpp0301153	GO Process	GO:0051130	Positive regulation of cellular component organization
Cdc42	7227.FBpp0301153	GO Process	GO:0051174	Regulation of phosphorus metabolic process
Cdc42	7227.FBpp0301153	GO Process	GO:0051179	Localization
Cdc42	7227.FBpp0301153	GO Process	GO:0051234	Establishment of localization
Cdc42	7227.FBpp0301153	GO Process	GO:0051235	Maintenance of location
Cdc42	7227.FBpp0301153	GO Process	GO:0051246	Regulation of protein metabolic process
Cdc42	7227.FBpp0301153	GO Process	GO:0051247	Positive regulation of protein metabolic process
Cdc42	7227.FBpp0301153	GO Process	GO:0051258	Protein polymerization
Cdc42	7227.FBpp0301153	GO Process	GO:0051301	Cell division
Cdc42	7227.FBpp0301153	GO Process	GO:0051338	Regulation of transferase activity
Cdc42	7227.FBpp0301153	GO Process	GO:0051347	Positive regulation of transferase activity
Cdc42	7227.FBpp0301153	GO Process	GO:0051489	Regulation of filopodium assembly
Cdc42	7227.FBpp0301153	GO Process	GO:0051491	Positive regulation of filopodium assembly
Cdc42	7227.FBpp0301153	GO Process	GO:0051493	Regulation of cytoskeleton organization
Cdc42	7227.FBpp0301153	GO Process	GO:0051588	Regulation of neurotransmitter transport
Cdc42	7227.FBpp0301153	GO Process	GO:0051601	Exocyst localization
Cdc42	7227.FBpp0301153	GO Process	GO:0051641	Cellular localization
Cdc42	7227.FBpp0301153	GO Process	GO:0051668	Localization within membrane
Cdc42	7227.FBpp0301153	GO Process	GO:0051707	Response to other organism
Cdc42	7227.FBpp0301153	GO Process	GO:0051716	Cellular response to stimulus
Cdc42	7227.FBpp0301153	GO Process	GO:0051963	Regulation of synapse assembly
Cdc42	7227.FBpp0301153	GO Process	GO:0055057	Neuroblast division
Cdc42	7227.FBpp0301153	GO Process	GO:0055059	Asymmetric neuroblast division
Cdc42	7227.FBpp0301153	GO Process	GO:0060255	Regulation of macromolecule metabolic process
Cdc42	7227.FBpp0301153	GO Process	GO:0060429	Epithelium development
Cdc42	7227.FBpp0301153	GO Process	GO:0060446	Branching involved in open tracheal system development
Cdc42	7227.FBpp0301153	GO Process	GO:0060491	Regulation of cell projection assembly
Cdc42	7227.FBpp0301153	GO Process	GO:0060541	Respiratory system development
Cdc42	7227.FBpp0301153	GO Process	GO:0060560	Developmental growth involved in morphogenesis
Cdc42	7227.FBpp0301153	GO Process	GO:0060562	Epithelial tube morphogenesis
Cdc42	7227.FBpp0301153	GO Process	GO:0061041	Regulation of wound healing
Cdc42	7227.FBpp0301153	GO Process	GO:0061138	Morphogenesis of a branching epithelium
Cdc42	7227.FBpp0301153	GO Process	GO:0061351	Neural precursor cell proliferation
Cdc42	7227.FBpp0301153	GO Process	GO:0061564	Axon development
Cdc42	7227.FBpp0301153	GO Process	GO:0065003	Protein-containing complex assembly
Cdc42	7227.FBpp0301153	GO Process	GO:0065007	Biological regulation
Cdc42	7227.FBpp0301153	GO Process	GO:0065008	Regulation of biological quality
Cdc42	7227.FBpp0301153	GO Process	GO:0065009	Regulation of molecular function
Cdc42	7227.FBpp0301153	GO Process	GO:0071840	Cellular component organization or biogenesis
Cdc42	7227.FBpp0301153	GO Process	GO:0072657	Protein localization to membrane
Cdc42	7227.FBpp0301153	GO Process	GO:0072659	Protein localization to plasma membrane
Cdc42	7227.FBpp0301153	GO Process	GO:0080090	Regulation of primary metabolic process
Cdc42	7227.FBpp0301153	GO Process	GO:0080134	Regulation of response to stress
Cdc42	7227.FBpp0301153	GO Process	GO:0090066	Regulation of anatomical structure size
Cdc42	7227.FBpp0301153	GO Process	GO:0090130	Tissue migration
Cdc42	7227.FBpp0301153	GO Process	GO:0090132	Epithelium migration
Cdc42	7227.FBpp0301153	GO Process	GO:0090303	Positive regulation of wound healing
Cdc42	7227.FBpp0301153	GO Process	GO:0090596	Sensory organ morphogenesis
Cdc42	7227.FBpp0301153	GO Process	GO:0097205	Renal filtration
Cdc42	7227.FBpp0301153	GO Process	GO:0097206	Nephrocyte filtration
Cdc42	7227.FBpp0301153	GO Process	GO:0097435	Supramolecular fiber organization
Cdc42	7227.FBpp0301153	GO Process	GO:0097485	Neuron projection guidance
Cdc42	7227.FBpp0301153	GO Process	GO:0098542	Defense response to other organism
Cdc42	7227.FBpp0301153	GO Process	GO:0098657	Import into cell
Cdc42	7227.FBpp0301153	GO Process	GO:0098916	Anterograde trans-synaptic signaling
Cdc42	7227.FBpp0301153	GO Process	GO:0099177	Regulation of trans-synaptic signaling
Cdc42	7227.FBpp0301153	GO Process	GO:0099536	Synaptic signaling
Cdc42	7227.FBpp0301153	GO Process	GO:0099537	Trans-synaptic signaling
Cdc42	7227.FBpp0301153	GO Process	GO:0110053	Regulation of actin filament organization
Cdc42	7227.FBpp0301153	GO Process	GO:0120032	Regulation of plasma membrane bounded cell projection assembly
Cdc42	7227.FBpp0301153	GO Process	GO:0120034	Positive regulation of plasma membrane bounded cell projection assembly
Cdc42	7227.FBpp0301153	GO Process	GO:0120035	Regulation of plasma membrane bounded cell projection organization
Cdc42	7227.FBpp0301153	GO Process	GO:0120036	Plasma membrane bounded cell projection organization
Cdc42	7227.FBpp0301153	GO Process	GO:0120039	Plasma membrane bounded cell projection morphogenesis
Cdc42	7227.FBpp0301153	GO Process	GO:0140546	Defense response to symbiont
Cdc42	7227.FBpp0301153	GO Process	GO:0141124	Intracellular signaling cassette
Cdc42	7227.FBpp0301153	GO Process	GO:0150063	Visual system development
Cdc42	7227.FBpp0301153	GO Process	GO:1901888	Regulation of cell junction assembly
Cdc42	7227.FBpp0301153	GO Process	GO:1902531	Regulation of intracellular signal transduction
Cdc42	7227.FBpp0301153	GO Process	GO:1902533	Positive regulation of intracellular signal transduction
Cdc42	7227.FBpp0301153	GO Process	GO:1902743	Regulation of lamellipodium organization
Cdc42	7227.FBpp0301153	GO Process	GO:1902745	Positive regulation of lamellipodium organization
Cdc42	7227.FBpp0301153	GO Process	GO:1902903	Regulation of supramolecular fiber organization
Cdc42	7227.FBpp0301153	GO Process	GO:1903034	Regulation of response to wounding
Cdc42	7227.FBpp0301153	GO Process	GO:1903036	Positive regulation of response to wounding
Cdc42	7227.FBpp0301153	GO Process	GO:1903530	Regulation of secretion by cell
Cdc42	7227.FBpp0301153	GO Process	GO:1904396	Regulation of neuromuscular junction development
Cdc42	7227.FBpp0301153	GO Process	GO:1990138	Neuron projection extension
Cdc42	7227.FBpp0301153	GO Process	GO:1990778	Protein localization to cell periphery
Cdc42	7227.FBpp0301153	GO Function	GO:0000166	Nucleotide binding
Cdc42	7227.FBpp0301153	GO Function	GO:0003824	Catalytic activity
Cdc42	7227.FBpp0301153	GO Function	GO:0003924	GTPase activity
Cdc42	7227.FBpp0301153	GO Function	GO:0003925	G protein activity
Cdc42	7227.FBpp0301153	GO Function	GO:0005488	Binding
Cdc42	7227.FBpp0301153	GO Function	GO:0005515	Protein binding
Cdc42	7227.FBpp0301153	GO Function	GO:0005525	GTP binding
Cdc42	7227.FBpp0301153	GO Function	GO:0016462	Pyrophosphatase activity
Cdc42	7227.FBpp0301153	GO Function	GO:0016787	Hydrolase activity
Cdc42	7227.FBpp0301153	GO Function	GO:0016817	Hydrolase activity, acting on acid anhydrides
Cdc42	7227.FBpp0301153	GO Function	GO:0016818	Hydrolase activity, acting on acid anhydrides, in phosphorus-containing anhydrides
Cdc42	7227.FBpp0301153	GO Function	GO:0017076	Purine nucleotide binding
Cdc42	7227.FBpp0301153	GO Function	GO:0017111	Ribonucleoside triphosphate phosphatase activity
Cdc42	7227.FBpp0301153	GO Function	GO:0019001	Guanyl nucleotide binding
Cdc42	7227.FBpp0301153	GO Function	GO:0019899	Enzyme binding
Cdc42	7227.FBpp0301153	GO Function	GO:0019900	Kinase binding
Cdc42	7227.FBpp0301153	GO Function	GO:0019901	Protein kinase binding
Cdc42	7227.FBpp0301153	GO Function	GO:0032553	Ribonucleotide binding
Cdc42	7227.FBpp0301153	GO Function	GO:0032555	Purine ribonucleotide binding
Cdc42	7227.FBpp0301153	GO Function	GO:0032561	Guanyl ribonucleotide binding
Cdc42	7227.FBpp0301153	GO Function	GO:0032794	GTPase activating protein binding
Cdc42	7227.FBpp0301153	GO Function	GO:0035639	Purine ribonucleoside triphosphate binding
Cdc42	7227.FBpp0301153	GO Function	GO:0036094	Small molecule binding
Cdc42	7227.FBpp0301153	GO Function	GO:0043167	Ion binding
Cdc42	7227.FBpp0301153	GO Function	GO:0043168	Anion binding
Cdc42	7227.FBpp0301153	GO Function	GO:0097367	Carbohydrate derivative binding
Cdc42	7227.FBpp0301153	GO Function	GO:0098772	Molecular function regulator activity
Cdc42	7227.FBpp0301153	GO Function	GO:1901265	Nucleoside phosphate binding
Cdc42	7227.FBpp0301153	GO Function	GO:1901363	Heterocyclic compound binding
Cdc42	7227.FBpp0301153	GO Component	GO:0005622	Intracellular anatomical structure
Cdc42	7227.FBpp0301153	GO Component	GO:0005634	Nucleus
Cdc42	7227.FBpp0301153	GO Component	GO:0005737	Cytoplasm
Cdc42	7227.FBpp0301153	GO Component	GO:0005886	Plasma membrane
Cdc42	7227.FBpp0301153	GO Component	GO:0005911	Cell-cell junction
Cdc42	7227.FBpp0301153	GO Component	GO:0005912	Adherens junction
Cdc42	7227.FBpp0301153	GO Component	GO:0005938	Cell cortex
Cdc42	7227.FBpp0301153	GO Component	GO:0016020	Membrane
Cdc42	7227.FBpp0301153	GO Component	GO:0016028	Rhabdomere
Cdc42	7227.FBpp0301153	GO Component	GO:0030027	Lamellipodium
Cdc42	7227.FBpp0301153	GO Component	GO:0030054	Cell junction
Cdc42	7227.FBpp0301153	GO Component	GO:0030424	Axon
Cdc42	7227.FBpp0301153	GO Component	GO:0030426	Growth cone
Cdc42	7227.FBpp0301153	GO Component	GO:0030427	Site of polarized growth
Cdc42	7227.FBpp0301153	GO Component	GO:0031252	Cell leading edge
Cdc42	7227.FBpp0301153	GO Component	GO:0042995	Cell projection
Cdc42	7227.FBpp0301153	GO Component	GO:0043005	Neuron projection
Cdc42	7227.FBpp0301153	GO Component	GO:0043226	Organelle
Cdc42	7227.FBpp0301153	GO Component	GO:0043227	Membrane-bounded organelle
Cdc42	7227.FBpp0301153	GO Component	GO:0043229	Intracellular organelle
Cdc42	7227.FBpp0301153	GO Component	GO:0043231	Intracellular membrane-bounded organelle
Cdc42	7227.FBpp0301153	GO Component	GO:0045177	Apical part of cell
Cdc42	7227.FBpp0301153	GO Component	GO:0045202	Synapse
Cdc42	7227.FBpp0301153	GO Component	GO:0070161	Anchoring junction
Cdc42	7227.FBpp0301153	GO Component	GO:0071944	Cell periphery
Cdc42	7227.FBpp0301153	GO Component	GO:0110165	Cellular anatomical structure
Cdc42	7227.FBpp0301153	GO Component	GO:0120025	Plasma membrane bounded cell projection
Cdc42	7227.FBpp0301153	GO Component	GO:0150034	Distal axon
Cdc42	7227.FBpp0301153	STRING clusters	CL:12087	Mixed, incl. Actin cytoskeleton organization, and Anchoring junction
Cdc42	7227.FBpp0301153	STRING clusters	CL:12088	Mixed, incl. Actin cytoskeleton organization, and Anchoring junction
Cdc42	7227.FBpp0301153	STRING clusters	CL:12089	Mixed, incl. Actin cytoskeleton organization, and Cell-substrate junction
Cdc42	7227.FBpp0301153	STRING clusters	CL:12090	Actin cytoskeleton organization, and Cell-substrate junction
Cdc42	7227.FBpp0301153	STRING clusters	CL:12091	Mixed, incl. Bacterial invasion of epithelial cells, and Anchoring junction
Cdc42	7227.FBpp0301153	STRING clusters	CL:12092	Mixed, incl. Bacterial invasion of epithelial cells, and Regulation of actin filament organization
Cdc42	7227.FBpp0301153	STRING clusters	CL:12094	Mixed, incl. Regulation of actin dynamics for phagocytic cup formation, and Regulation of axonogenesis
Cdc42	7227.FBpp0301153	STRING clusters	CL:12095	Mixed, incl. RHO GTPases Activate WASPs and WAVEs, and Actin-depolymerising factor homology domain
Cdc42	7227.FBpp0301153	STRING clusters	CL:12096	RHO GTPases Activate WASPs and WAVEs, and Formin Homology Diaphanous subfamily
Cdc42	7227.FBpp0301153	STRING clusters	CL:12097	SCAR complex, and GTPase activating protein binding
Cdc42	7227.FBpp0301153	KEGG	dme04144	Endocytosis
Cdc42	7227.FBpp0301153	KEGG	dme05100	Bacterial invasion of epithelial cells
Cdc42	7227.FBpp0301153	Reactome	DME-109582	Hemostasis
Cdc42	7227.FBpp0301153	Reactome	DME-114604	GPVI-mediated activation cascade
Cdc42	7227.FBpp0301153	Reactome	DME-1266738	Developmental Biology
Cdc42	7227.FBpp0301153	Reactome	DME-1280218	Adaptive Immune System
Cdc42	7227.FBpp0301153	Reactome	DME-162582	Signal Transduction
Cdc42	7227.FBpp0301153	Reactome	DME-168249	Innate Immune System
Cdc42	7227.FBpp0301153	Reactome	DME-168256	Immune System
Cdc42	7227.FBpp0301153	Reactome	DME-177929	Signaling by EGFR
Cdc42	7227.FBpp0301153	Reactome	DME-182971	EGFR downregulation
Cdc42	7227.FBpp0301153	Reactome	DME-194138	Signaling by VEGF
Cdc42	7227.FBpp0301153	Reactome	DME-194315	Signaling by Rho GTPases
Cdc42	7227.FBpp0301153	Reactome	DME-195258	RHO GTPase Effectors
Cdc42	7227.FBpp0301153	Reactome	DME-2029480	Fcgamma receptor (FCGR) dependent phagocytosis
Cdc42	7227.FBpp0301153	Reactome	DME-2029482	Regulation of actin dynamics for phagocytic cup formation
Cdc42	7227.FBpp0301153	Reactome	DME-2682334	EPH-Ephrin signaling
Cdc42	7227.FBpp0301153	Reactome	DME-372790	Signaling by GPCR
Cdc42	7227.FBpp0301153	Reactome	DME-373752	Netrin-1 signaling
Cdc42	7227.FBpp0301153	Reactome	DME-388396	GPCR downstream signalling
Cdc42	7227.FBpp0301153	Reactome	DME-388841	Regulation of T cell activation by CD28 family
Cdc42	7227.FBpp0301153	Reactome	DME-389356	Co-stimulation by CD28
Cdc42	7227.FBpp0301153	Reactome	DME-389359	CD28 dependent Vav1 pathway
Cdc42	7227.FBpp0301153	Reactome	DME-3928662	EPHB-mediated forward signaling
Cdc42	7227.FBpp0301153	Reactome	DME-397795	G-protein beta:gamma signalling
Cdc42	7227.FBpp0301153	Reactome	DME-418885	DCC mediated attractive signaling
Cdc42	7227.FBpp0301153	Reactome	DME-422475	Axon guidance
Cdc42	7227.FBpp0301153	Reactome	DME-4420097	VEGFA-VEGFR2 Pathway
Cdc42	7227.FBpp0301153	Reactome	DME-525793	Myogenesis
Cdc42	7227.FBpp0301153	Reactome	DME-5627123	RHO GTPases activate PAKs
Cdc42	7227.FBpp0301153	Reactome	DME-5663213	RHO GTPases Activate WASPs and WAVEs
Cdc42	7227.FBpp0301153	Reactome	DME-5663220	RHO GTPases Activate Formins
Cdc42	7227.FBpp0301153	Reactome	DME-5683057	MAPK family signaling cascades
Cdc42	7227.FBpp0301153	Reactome	DME-5687128	MAPK6/MAPK4 signaling
Cdc42	7227.FBpp0301153	Reactome	DME-76002	Platelet activation, signaling and aggregation
Cdc42	7227.FBpp0301153	Reactome	DME-8964616	G beta:gamma signalling through CDC42
Cdc42	7227.FBpp0301153	Reactome	DME-9006934	Signaling by Receptor Tyrosine Kinases
Cdc42	7227.FBpp0301153	Reactome	DME-9012999	RHO GTPase cycle
Cdc42	7227.FBpp0301153	Reactome	DME-9013148	CDC42 GTPase cycle
Cdc42	7227.FBpp0301153	Reactome	DME-9013149	RAC1 GTPase cycle
Cdc42	7227.FBpp0301153	Reactome	DME-9013404	RAC2 GTPase cycle
Cdc42	7227.FBpp0301153	Reactome	DME-9013406	RHOQ GTPase cycle
Cdc42	7227.FBpp0301153	Reactome	DME-9013408	RHOG GTPase cycle
Cdc42	7227.FBpp0301153	Reactome	DME-9013409	RHOJ GTPase cycle
Cdc42	7227.FBpp0301153	Reactome	DME-9013420	RHOU GTPase cycle
Cdc42	7227.FBpp0301153	Reactome	DME-9013423	RAC3 GTPase cycle
Cdc42	7227.FBpp0301153	Reactome	DME-9013424	RHOV GTPase cycle
Cdc42	7227.FBpp0301153	Reactome	DME-9675108	Nervous system development
Cdc42	7227.FBpp0301153	Reactome	DME-9716542	Signaling by Rho GTPases, Miro GTPases and RHOBTB3
Cdc42	7227.FBpp0301153	Reactome	DME-983231	Factors involved in megakaryocyte development and platelet production
Cdc42	7227.FBpp0301153	COMPARTMENTS	GOCC:0005622	Intracellular anatomical structure
Cdc42	7227.FBpp0301153	COMPARTMENTS	GOCC:0005634	Nucleus
Cdc42	7227.FBpp0301153	COMPARTMENTS	GOCC:0005737	Cytoplasm
Cdc42	7227.FBpp0301153	COMPARTMENTS	GOCC:0005886	Plasma membrane
Cdc42	7227.FBpp0301153	COMPARTMENTS	GOCC:0005911	Cell-cell junction
Cdc42	7227.FBpp0301153	COMPARTMENTS	GOCC:0005912	Adherens junction
Cdc42	7227.FBpp0301153	COMPARTMENTS	GOCC:0005938	Cell cortex
Cdc42	7227.FBpp0301153	COMPARTMENTS	GOCC:0016020	Membrane
Cdc42	7227.FBpp0301153	COMPARTMENTS	GOCC:0016028	Rhabdomere
Cdc42	7227.FBpp0301153	COMPARTMENTS	GOCC:0030027	Lamellipodium
Cdc42	7227.FBpp0301153	COMPARTMENTS	GOCC:0030054	Cell junction
Cdc42	7227.FBpp0301153	COMPARTMENTS	GOCC:0030424	Axon
Cdc42	7227.FBpp0301153	COMPARTMENTS	GOCC:0030426	Growth cone
Cdc42	7227.FBpp0301153	COMPARTMENTS	GOCC:0030427	Site of polarized growth
Cdc42	7227.FBpp0301153	COMPARTMENTS	GOCC:0031252	Cell leading edge
Cdc42	7227.FBpp0301153	COMPARTMENTS	GOCC:0042995	Cell projection
Cdc42	7227.FBpp0301153	COMPARTMENTS	GOCC:0043005	Neuron projection
Cdc42	7227.FBpp0301153	COMPARTMENTS	GOCC:0043226	Organelle
Cdc42	7227.FBpp0301153	COMPARTMENTS	GOCC:0043227	Membrane-bounded organelle
Cdc42	7227.FBpp0301153	COMPARTMENTS	GOCC:0043229	Intracellular organelle
Cdc42	7227.FBpp0301153	COMPARTMENTS	GOCC:0043231	Intracellular membrane-bounded organelle
Cdc42	7227.FBpp0301153	COMPARTMENTS	GOCC:0045177	Apical part of cell
Cdc42	7227.FBpp0301153	COMPARTMENTS	GOCC:0070161	Anchoring junction
Cdc42	7227.FBpp0301153	COMPARTMENTS	GOCC:0071944	Cell periphery
Cdc42	7227.FBpp0301153	COMPARTMENTS	GOCC:0110165	Cellular anatomical structure
Cdc42	7227.FBpp0301153	COMPARTMENTS	GOCC:0120025	Plasma membrane bounded cell projection
Cdc42	7227.FBpp0301153	COMPARTMENTS	GOCC:0150034	Distal axon
Cdc42	7227.FBpp0301153	Monarch	FBcv:0000349	Viable
Cdc42	7227.FBpp0301153	Monarch	FBcv:0000351	Lethal
Cdc42	7227.FBpp0301153	Monarch	FBcv:0000352	Partially lethal - majority die
Cdc42	7227.FBpp0301153	Monarch	FBcv:0000354	Visible
Cdc42	7227.FBpp0301153	Monarch	FBcv:0000357	Abnormal size
Cdc42	7227.FBpp0301153	Monarch	FBcv:0000359	Decreased cell number
Cdc42	7227.FBpp0301153	Monarch	FBcv:0000360	Decreased cell size
Cdc42	7227.FBpp0301153	Monarch	FBcv:0000364	Sterile
Cdc42	7227.FBpp0301153	Monarch	FBcv:0000370	Male sterile
Cdc42	7227.FBpp0301153	Monarch	FBcv:0000387	Abnormal behavior
Cdc42	7227.FBpp0301153	Monarch	FBcv:0000421	Abnormal touch response
Cdc42	7227.FBpp0301153	Monarch	FBcv:0000428	Abnormal cell size
Cdc42	7227.FBpp0301153	Monarch	FBcv:0000430	Abnormal cell polarity
Cdc42	7227.FBpp0301153	Monarch	FBcv:0000434	Abnormal neurophysiology
Cdc42	7227.FBpp0301153	Monarch	FBcv:0000435	Abnormal neuroanatomy
Cdc42	7227.FBpp0301153	Monarch	FBcv:0000439	Chemical resistant
Cdc42	7227.FBpp0301153	Monarch	FBcv:0000440	Chemical sensitive
Cdc42	7227.FBpp0301153	Monarch	FBcv:0000449	Abnormal planar polarity
Cdc42	7227.FBpp0301153	Monarch	FBcv:0000709	Abnormal cell number
Cdc42	7227.FBpp0301153	Monarch	FBcv:0002000	Lethal - all die before end of P-stage
Cdc42	7227.FBpp0301153	Monarch	FBcv:0002001	Lethal - all die before end of first instar larval stage
Cdc42	7227.FBpp0301153	Monarch	FBcv:0002002	Lethal - all die before end of larval stage
Cdc42	7227.FBpp0301153	Monarch	FBcv:0002003	Lethal - all die before end of second instar larval stage
Cdc42	7227.FBpp0301153	Monarch	FBcv:0002004	Increased mortality
Cdc42	7227.FBpp0301153	Monarch	FBcv:0002015	Partially lethal
Cdc42	7227.FBpp0301153	Monarch	FBcv:0002019	Increased mortality during development
Cdc42	7227.FBpp0301153	Monarch	FBcv:0002020	Some die during P-stage
Cdc42	7227.FBpp0301153	Monarch	FBcv:0002023	Some die during larval stage
Cdc42	7227.FBpp0301153	Monarch	FBcv:0002026	Lethal - all die before end of prepupal stage
Cdc42	7227.FBpp0301153	Monarch	FBcv:0002027	Lethal - all die before end of pupal stage
Cdc42	7227.FBpp0301153	Monarch	FBcv:0002033	Lethal - all die during embryonic stage
Cdc42	7227.FBpp0301153	Monarch	FBcv:0002037	Majority die during embryonic stage
Cdc42	7227.FBpp0301153	Monarch	FBcv:0002039	Some die during pupal stage
Cdc42	7227.FBpp0301153	Monarch	FBcv:0002041	Some die during embryonic stage
Cdc42	7227.FBpp0301153	UniProt Keywords	KW-0217	Developmental protein
Cdc42	7227.FBpp0301153	UniProt Keywords	KW-0342	GTP-binding
Cdc42	7227.FBpp0301153	UniProt Keywords	KW-0378	Hydrolase
Cdc42	7227.FBpp0301153	UniProt Keywords	KW-0449	Lipoprotein
Cdc42	7227.FBpp0301153	UniProt Keywords	KW-0472	Membrane
Cdc42	7227.FBpp0301153	UniProt Keywords	KW-0488	Methylation
Cdc42	7227.FBpp0301153	UniProt Keywords	KW-0547	Nucleotide-binding
Cdc42	7227.FBpp0301153	UniProt Keywords	KW-0636	Prenylation
Cdc42	7227.FBpp0301153	UniProt Keywords	KW-0965	Cell junction
Cdc42	7227.FBpp0301153	UniProt Keywords	KW-1003	Cell membrane
Cdc42	7227.FBpp0301153	InterPro	IPR001806	Small GTPase
Cdc42	7227.FBpp0301153	InterPro	IPR003578	Small GTPase Rho
Cdc42	7227.FBpp0301153	InterPro	IPR005225	Small GTP-binding domain
Cdc42	7227.FBpp0301153	InterPro	IPR027417	P-loop containing nucleoside triphosphate hydrolase
Cdc42	7227.FBpp0301153	SMART	SM00174	Rho (Ras homology) subfamily of Ras-like small GTPases
Cdk1	7227.FBpp0079641	GO Process	GO:0000075	Cell cycle checkpoint signaling
Cdk1	7227.FBpp0079641	GO Process	GO:0000077	DNA damage checkpoint signaling
Cdk1	7227.FBpp0079641	GO Process	GO:0000082	G1/S transition of mitotic cell cycle
Cdk1	7227.FBpp0079641	GO Process	GO:0000086	G2/M transition of mitotic cell cycle
Cdk1	7227.FBpp0079641	GO Process	GO:0000278	Mitotic cell cycle
Cdk1	7227.FBpp0079641	GO Process	GO:0000280	Nuclear division
Cdk1	7227.FBpp0079641	GO Process	GO:0001700	Embryonic development via the syncytial blastoderm
Cdk1	7227.FBpp0079641	GO Process	GO:0002064	Epithelial cell development
Cdk1	7227.FBpp0079641	GO Process	GO:0003006	Developmental process involved in reproduction
Cdk1	7227.FBpp0079641	GO Process	GO:0006275	Regulation of DNA replication
Cdk1	7227.FBpp0079641	GO Process	GO:0006355	Regulation of DNA-templated transcription
Cdk1	7227.FBpp0079641	GO Process	GO:0006357	Regulation of transcription by RNA polymerase II
Cdk1	7227.FBpp0079641	GO Process	GO:0006950	Response to stress
Cdk1	7227.FBpp0079641	GO Process	GO:0006974	DNA damage response
Cdk1	7227.FBpp0079641	GO Process	GO:0006996	Organelle organization
Cdk1	7227.FBpp0079641	GO Process	GO:0007049	Cell cycle
Cdk1	7227.FBpp0079641	GO Process	GO:0007093	Mitotic cell cycle checkpoint signaling
Cdk1	7227.FBpp0079641	GO Process	GO:0007095	Mitotic G2 DNA damage checkpoint signaling
Cdk1	7227.FBpp0079641	GO Process	GO:0007140	Male meiotic nuclear division
Cdk1	7227.FBpp0079641	GO Process	GO:0007154	Cell communication
Cdk1	7227.FBpp0079641	GO Process	GO:0007165	Signal transduction
Cdk1	7227.FBpp0079641	GO Process	GO:0007275	Multicellular organism development
Cdk1	7227.FBpp0079641	GO Process	GO:0007276	Gamete generation
Cdk1	7227.FBpp0079641	GO Process	GO:0007281	Germ cell development
Cdk1	7227.FBpp0079641	GO Process	GO:0007282	Cystoblast division
Cdk1	7227.FBpp0079641	GO Process	GO:0007283	Spermatogenesis
Cdk1	7227.FBpp0079641	GO Process	GO:0007284	Spermatogonial cell division
Cdk1	7227.FBpp0079641	GO Process	GO:0007292	Female gamete generation
Cdk1	7227.FBpp0079641	GO Process	GO:0007293	Germarium-derived egg chamber formation
Cdk1	7227.FBpp0079641	GO Process	GO:0007346	Regulation of mitotic cell cycle
Cdk1	7227.FBpp0079641	GO Process	GO:0007399	Nervous system development
Cdk1	7227.FBpp0079641	GO Process	GO:0007405	Neuroblast proliferation
Cdk1	7227.FBpp0079641	GO Process	GO:0008283	Cell population proliferation
Cdk1	7227.FBpp0079641	GO Process	GO:0008356	Asymmetric cell division
Cdk1	7227.FBpp0079641	GO Process	GO:0009653	Anatomical structure morphogenesis
Cdk1	7227.FBpp0079641	GO Process	GO:0009790	Embryo development
Cdk1	7227.FBpp0079641	GO Process	GO:0009792	Embryo development ending in birth or egg hatching
Cdk1	7227.FBpp0079641	GO Process	GO:0009888	Tissue development
Cdk1	7227.FBpp0079641	GO Process	GO:0009889	Regulation of biosynthetic process
Cdk1	7227.FBpp0079641	GO Process	GO:0009987	Cellular process
Cdk1	7227.FBpp0079641	GO Process	GO:0010389	Regulation of G2/M transition of mitotic cell cycle
Cdk1	7227.FBpp0079641	GO Process	GO:0010468	Regulation of gene expression
Cdk1	7227.FBpp0079641	GO Process	GO:0010556	Regulation of macromolecule biosynthetic process
Cdk1	7227.FBpp0079641	GO Process	GO:0010564	Regulation of cell cycle process
Cdk1	7227.FBpp0079641	GO Process	GO:0010948	Negative regulation of cell cycle process
Cdk1	7227.FBpp0079641	GO Process	GO:0010972	Negative regulation of G2/M transition of mitotic cell cycle
Cdk1	7227.FBpp0079641	GO Process	GO:0016043	Cellular component organization
Cdk1	7227.FBpp0079641	GO Process	GO:0019219	Regulation of nucleobase-containing compound metabolic process
Cdk1	7227.FBpp0079641	GO Process	GO:0019222	Regulation of metabolic process
Cdk1	7227.FBpp0079641	GO Process	GO:0019953	Sexual reproduction
Cdk1	7227.FBpp0079641	GO Process	GO:0022008	Neurogenesis
Cdk1	7227.FBpp0079641	GO Process	GO:0022402	Cell cycle process
Cdk1	7227.FBpp0079641	GO Process	GO:0022412	Cellular process involved in reproduction in multicellular organism
Cdk1	7227.FBpp0079641	GO Process	GO:0022414	Reproductive process
Cdk1	7227.FBpp0079641	GO Process	GO:0023052	Signaling
Cdk1	7227.FBpp0079641	GO Process	GO:0030154	Cell differentiation
Cdk1	7227.FBpp0079641	GO Process	GO:0030174	Regulation of DNA-templated DNA replication initiation
Cdk1	7227.FBpp0079641	GO Process	GO:0030707	Follicle cell of egg chamber development
Cdk1	7227.FBpp0079641	GO Process	GO:0030727	Germarium-derived female germ-line cyst formation
Cdk1	7227.FBpp0079641	GO Process	GO:0030855	Epithelial cell differentiation
Cdk1	7227.FBpp0079641	GO Process	GO:0031570	DNA integrity checkpoint signaling
Cdk1	7227.FBpp0079641	GO Process	GO:0032501	Multicellular organismal process
Cdk1	7227.FBpp0079641	GO Process	GO:0032502	Developmental process
Cdk1	7227.FBpp0079641	GO Process	GO:0032879	Regulation of localization
Cdk1	7227.FBpp0079641	GO Process	GO:0032880	Regulation of protein localization
Cdk1	7227.FBpp0079641	GO Process	GO:0033554	Cellular response to stress
Cdk1	7227.FBpp0079641	GO Process	GO:0035556	Intracellular signal transduction
Cdk1	7227.FBpp0079641	GO Process	GO:0042770	Signal transduction in response to DNA damage
Cdk1	7227.FBpp0079641	GO Process	GO:0044770	Cell cycle phase transition
Cdk1	7227.FBpp0079641	GO Process	GO:0044772	Mitotic cell cycle phase transition
Cdk1	7227.FBpp0079641	GO Process	GO:0044773	Mitotic DNA damage checkpoint signaling
Cdk1	7227.FBpp0079641	GO Process	GO:0044774	Mitotic DNA integrity checkpoint signaling
Cdk1	7227.FBpp0079641	GO Process	GO:0044818	Mitotic G2/M transition checkpoint
Cdk1	7227.FBpp0079641	GO Process	GO:0044839	Cell cycle G2/M phase transition
Cdk1	7227.FBpp0079641	GO Process	GO:0044843	Cell cycle G1/S phase transition
Cdk1	7227.FBpp0079641	GO Process	GO:0045165	Cell fate commitment
Cdk1	7227.FBpp0079641	GO Process	GO:0045786	Negative regulation of cell cycle
Cdk1	7227.FBpp0079641	GO Process	GO:0045930	Negative regulation of mitotic cell cycle
Cdk1	7227.FBpp0079641	GO Process	GO:0048134	Germ-line cyst formation
Cdk1	7227.FBpp0079641	GO Process	GO:0048135	Female germ-line cyst formation
Cdk1	7227.FBpp0079641	GO Process	GO:0048142	Germarium-derived cystoblast division
Cdk1	7227.FBpp0079641	GO Process	GO:0048232	Male gamete generation
Cdk1	7227.FBpp0079641	GO Process	GO:0048285	Organelle fission
Cdk1	7227.FBpp0079641	GO Process	GO:0048468	Cell development
Cdk1	7227.FBpp0079641	GO Process	GO:0048477	Oogenesis
Cdk1	7227.FBpp0079641	GO Process	GO:0048519	Negative regulation of biological process
Cdk1	7227.FBpp0079641	GO Process	GO:0048523	Negative regulation of cellular process
Cdk1	7227.FBpp0079641	GO Process	GO:0048609	Multicellular organismal reproductive process
Cdk1	7227.FBpp0079641	GO Process	GO:0048646	Anatomical structure formation involved in morphogenesis
Cdk1	7227.FBpp0079641	GO Process	GO:0048699	Generation of neurons
Cdk1	7227.FBpp0079641	GO Process	GO:0048731	System development
Cdk1	7227.FBpp0079641	GO Process	GO:0048856	Anatomical structure development
Cdk1	7227.FBpp0079641	GO Process	GO:0048869	Cellular developmental process
Cdk1	7227.FBpp0079641	GO Process	GO:0050789	Regulation of biological process
Cdk1	7227.FBpp0079641	GO Process	GO:0050794	Regulation of cellular process
Cdk1	7227.FBpp0079641	GO Process	GO:0050896	Response to stimulus
Cdk1	7227.FBpp0079641	GO Process	GO:0051052	Regulation of DNA metabolic process
Cdk1	7227.FBpp0079641	GO Process	GO:0051252	Regulation of RNA metabolic process
Cdk1	7227.FBpp0079641	GO Process	GO:0051301	Cell division
Cdk1	7227.FBpp0079641	GO Process	GO:0051321	Meiotic cell cycle
Cdk1	7227.FBpp0079641	GO Process	GO:0051716	Cellular response to stimulus
Cdk1	7227.FBpp0079641	GO Process	GO:0051726	Regulation of cell cycle
Cdk1	7227.FBpp0079641	GO Process	GO:0055057	Neuroblast division
Cdk1	7227.FBpp0079641	GO Process	GO:0055059	Asymmetric neuroblast division
Cdk1	7227.FBpp0079641	GO Process	GO:0060255	Regulation of macromolecule metabolic process
Cdk1	7227.FBpp0079641	GO Process	GO:0060429	Epithelium development
Cdk1	7227.FBpp0079641	GO Process	GO:0061351	Neural precursor cell proliferation
Cdk1	7227.FBpp0079641	GO Process	GO:0065007	Biological regulation
Cdk1	7227.FBpp0079641	GO Process	GO:0071840	Cellular component organization or biogenesis
Cdk1	7227.FBpp0079641	GO Process	GO:0080090	Regulation of primary metabolic process
Cdk1	7227.FBpp0079641	GO Process	GO:0090329	Regulation of DNA-templated DNA replication
Cdk1	7227.FBpp0079641	GO Process	GO:0140013	Meiotic nuclear division
Cdk1	7227.FBpp0079641	GO Process	GO:1901987	Regulation of cell cycle phase transition
Cdk1	7227.FBpp0079641	GO Process	GO:1901988	Negative regulation of cell cycle phase transition
Cdk1	7227.FBpp0079641	GO Process	GO:1901990	Regulation of mitotic cell cycle phase transition
Cdk1	7227.FBpp0079641	GO Process	GO:1901991	Negative regulation of mitotic cell cycle phase transition
Cdk1	7227.FBpp0079641	GO Process	GO:1902749	Regulation of cell cycle G2/M phase transition
Cdk1	7227.FBpp0079641	GO Process	GO:1902750	Negative regulation of cell cycle G2/M phase transition
Cdk1	7227.FBpp0079641	GO Process	GO:1903046	Meiotic cell cycle process
Cdk1	7227.FBpp0079641	GO Process	GO:1903047	Mitotic cell cycle process
Cdk1	7227.FBpp0079641	GO Process	GO:2001141	Regulation of RNA biosynthetic process
Cdk1	7227.FBpp0079641	GO Function	GO:0000166	Nucleotide binding
Cdk1	7227.FBpp0079641	GO Function	GO:0003824	Catalytic activity
Cdk1	7227.FBpp0079641	GO Function	GO:0004672	Protein kinase activity
Cdk1	7227.FBpp0079641	GO Function	GO:0004674	Protein serine/threonine kinase activity
Cdk1	7227.FBpp0079641	GO Function	GO:0004693	Cyclin-dependent protein serine/threonine kinase activity
Cdk1	7227.FBpp0079641	GO Function	GO:0005488	Binding
Cdk1	7227.FBpp0079641	GO Function	GO:0005515	Protein binding
Cdk1	7227.FBpp0079641	GO Function	GO:0005524	ATP binding
Cdk1	7227.FBpp0079641	GO Function	GO:0008353	RNA polymerase II CTD heptapeptide repeat kinase activity
Cdk1	7227.FBpp0079641	GO Function	GO:0016301	Kinase activity
Cdk1	7227.FBpp0079641	GO Function	GO:0016740	Transferase activity
Cdk1	7227.FBpp0079641	GO Function	GO:0016772	Transferase activity, transferring phosphorus-containing groups
Cdk1	7227.FBpp0079641	GO Function	GO:0016773	Phosphotransferase activity, alcohol group as acceptor
Cdk1	7227.FBpp0079641	GO Function	GO:0017076	Purine nucleotide binding
Cdk1	7227.FBpp0079641	GO Function	GO:0030554	Adenyl nucleotide binding
Cdk1	7227.FBpp0079641	GO Function	GO:0032553	Ribonucleotide binding
Cdk1	7227.FBpp0079641	GO Function	GO:0032555	Purine ribonucleotide binding
Cdk1	7227.FBpp0079641	GO Function	GO:0032559	Adenyl ribonucleotide binding
Cdk1	7227.FBpp0079641	GO Function	GO:0035639	Purine ribonucleoside triphosphate binding
Cdk1	7227.FBpp0079641	GO Function	GO:0036094	Small molecule binding
Cdk1	7227.FBpp0079641	GO Function	GO:0043167	Ion binding
Cdk1	7227.FBpp0079641	GO Function	GO:0043168	Anion binding
Cdk1	7227.FBpp0079641	GO Function	GO:0097367	Carbohydrate derivative binding
Cdk1	7227.FBpp0079641	GO Function	GO:0097472	Cyclin-dependent protein kinase activity
Cdk1	7227.FBpp0079641	GO Function	GO:0106310	Protein serine kinase activity
Cdk1	7227.FBpp0079641	GO Function	GO:0140096	Catalytic activity, acting on a protein
Cdk1	7227.FBpp0079641	GO Function	GO:0140994	RNA polymerase II CTD heptapeptide repeat modifying activity
Cdk1	7227.FBpp0079641	GO Function	GO:1901265	Nucleoside phosphate binding
Cdk1	7227.FBpp0079641	GO Function	GO:1901363	Heterocyclic compound binding
Cdk1	7227.FBpp0079641	GO Component	GO:0005622	Intracellular anatomical structure
Cdk1	7227.FBpp0079641	GO Component	GO:0005634	Nucleus
Cdk1	7227.FBpp0079641	GO Component	GO:0005737	Cytoplasm
Cdk1	7227.FBpp0079641	GO Component	GO:0043226	Organelle
Cdk1	7227.FBpp0079641	GO Component	GO:0043227	Membrane-bounded organelle
Cdk1	7227.FBpp0079641	GO Component	GO:0043229	Intracellular organelle
Cdk1	7227.FBpp0079641	GO Component	GO:0043231	Intracellular membrane-bounded organelle
Cdk1	7227.FBpp0079641	GO Component	GO:0045169	Fusome
Cdk1	7227.FBpp0079641	GO Component	GO:0110165	Cellular anatomical structure
Cdk1	7227.FBpp0079641	STRING clusters	CL:5850	Cell division, and Kinesin motor domain
Cdk1	7227.FBpp0079641	STRING clusters	CL:6009	Anaphase-promoting complex, and Mitotic cell cycle phase transition
Cdk1	7227.FBpp0079641	STRING clusters	CL:6057	Mixed, incl. Chk1/Chk2(Cds1) mediated inactivation of Cyclin B:Cdk1 complex, and TP53 Regulates Transcription of Genes Involved in G1 Cell Cycle Arrest
Cdk1	7227.FBpp0079641	STRING clusters	CL:6058	TP53 Regulates Transcription of Cell Cycle Genes, and Cyclin-dependent kinase regulatory subunit
Cdk1	7227.FBpp0079641	STRING clusters	CL:6060	Cyclin A/B-like, and Cyclin-dependent kinase regulatory subunit
Cdk1	7227.FBpp0079641	Reactome	DME-110056	MAPK3 (ERK1) activation
Cdk1	7227.FBpp0079641	Reactome	DME-112409	RAF-independent MAPK1/3 activation
Cdk1	7227.FBpp0079641	Reactome	DME-1169410	Antiviral mechanism by IFN-stimulated genes
Cdk1	7227.FBpp0079641	Reactome	DME-1280215	Cytokine Signaling in Immune system
Cdk1	7227.FBpp0079641	Reactome	DME-162582	Signal Transduction
Cdk1	7227.FBpp0079641	Reactome	DME-1640170	Cell Cycle
Cdk1	7227.FBpp0079641	Reactome	DME-168256	Immune System
Cdk1	7227.FBpp0079641	Reactome	DME-174048	APC/C:Cdc20 mediated degradation of Cyclin B
Cdk1	7227.FBpp0079641	Reactome	DME-174143	APC/C-mediated degradation of cell cycle proteins
Cdk1	7227.FBpp0079641	Reactome	DME-174184	Cdc20:Phospho-APC/C mediated degradation of Cyclin A
Cdk1	7227.FBpp0079641	Reactome	DME-176408	Regulation of APC/C activators between G1/S and early anaphase
Cdk1	7227.FBpp0079641	Reactome	DME-176409	APC/C:Cdc20 mediated degradation of mitotic proteins
Cdk1	7227.FBpp0079641	Reactome	DME-176412	Phosphorylation of the APC/C
Cdk1	7227.FBpp0079641	Reactome	DME-176417	Phosphorylation of Emi1
Cdk1	7227.FBpp0079641	Reactome	DME-176814	Activation of APC/C and APC/C:Cdc20 mediated degradation of mitotic proteins
Cdk1	7227.FBpp0079641	Reactome	DME-179419	APC:Cdc20 mediated degradation of cell cycle proteins prior to satisfation of the cell cycle checkpoint
Cdk1	7227.FBpp0079641	Reactome	DME-212436	Generic Transcription Pathway
Cdk1	7227.FBpp0079641	Reactome	DME-2500257	Resolution of Sister Chromatid Cohesion
Cdk1	7227.FBpp0079641	Reactome	DME-2565942	Regulation of PLK1 Activity at G2/M Transition
Cdk1	7227.FBpp0079641	Reactome	DME-2980766	Nuclear Envelope Breakdown
Cdk1	7227.FBpp0079641	Reactome	DME-3301854	Nuclear Pore Complex (NPC) Disassembly
Cdk1	7227.FBpp0079641	Reactome	DME-3700989	Transcriptional Regulation by TP53
Cdk1	7227.FBpp0079641	Reactome	DME-4419969	Depolymerization of the Nuclear Lamina
Cdk1	7227.FBpp0079641	Reactome	DME-453274	Mitotic G2-G2/M phases
Cdk1	7227.FBpp0079641	Reactome	DME-453276	Regulation of mitotic cell cycle
Cdk1	7227.FBpp0079641	Reactome	DME-5683057	MAPK family signaling cascades
Cdk1	7227.FBpp0079641	Reactome	DME-5684996	MAPK1/MAPK3 signaling
Cdk1	7227.FBpp0079641	Reactome	DME-6791312	TP53 Regulates Transcription of Cell Cycle Genes
Cdk1	7227.FBpp0079641	Reactome	DME-6804114	TP53 Regulates Transcription of Genes Involved in G2 Cell Cycle Arrest
Cdk1	7227.FBpp0079641	Reactome	DME-68875	Mitotic Prophase
Cdk1	7227.FBpp0079641	Reactome	DME-68877	Mitotic Prometaphase
Cdk1	7227.FBpp0079641	Reactome	DME-68886	M Phase
Cdk1	7227.FBpp0079641	Reactome	DME-69273	Cyclin A/B1/B2 associated events during G2/M transition
Cdk1	7227.FBpp0079641	Reactome	DME-69275	G2/M Transition
Cdk1	7227.FBpp0079641	Reactome	DME-69278	Cell Cycle, Mitotic
Cdk1	7227.FBpp0079641	Reactome	DME-69473	G2/M DNA damage checkpoint
Cdk1	7227.FBpp0079641	Reactome	DME-69478	G2/M DNA replication checkpoint
Cdk1	7227.FBpp0079641	Reactome	DME-69481	G2/M Checkpoints
Cdk1	7227.FBpp0079641	Reactome	DME-69620	Cell Cycle Checkpoints
Cdk1	7227.FBpp0079641	Reactome	DME-73857	RNA Polymerase II Transcription
Cdk1	7227.FBpp0079641	Reactome	DME-74160	Gene expression (Transcription)
Cdk1	7227.FBpp0079641	Reactome	DME-75035	Chk1/Chk2(Cds1) mediated inactivation of Cyclin B:Cdk1 complex
Cdk1	7227.FBpp0079641	Reactome	DME-8878166	Transcriptional regulation by RUNX2
Cdk1	7227.FBpp0079641	Reactome	DME-913531	Interferon Signaling
Cdk1	7227.FBpp0079641	Reactome	DME-9833482	PKR-mediated signaling
Cdk1	7227.FBpp0079641	WikiPathways	WP492	Hedgehog signaling pathway
Cdk1	7227.FBpp0079641	COMPARTMENTS	GOCC:0005622	Intracellular anatomical structure
Cdk1	7227.FBpp0079641	COMPARTMENTS	GOCC:0005737	Cytoplasm
Cdk1	7227.FBpp0079641	COMPARTMENTS	GOCC:0032991	Protein-containing complex
Cdk1	7227.FBpp0079641	COMPARTMENTS	GOCC:0045169	Fusome
Cdk1	7227.FBpp0079641	COMPARTMENTS	GOCC:0110165	Cellular anatomical structure
Cdk1	7227.FBpp0079641	Monarch	FBcv:0000349	Viable
Cdk1	7227.FBpp0079641	Monarch	FBcv:0000351	Lethal
Cdk1	7227.FBpp0079641	Monarch	FBcv:0000352	Partially lethal - majority die
Cdk1	7227.FBpp0079641	Monarch	FBcv:0000354	Visible
Cdk1	7227.FBpp0079641	Monarch	FBcv:0000357	Abnormal size
Cdk1	7227.FBpp0079641	Monarch	FBcv:0000359	Decreased cell number
Cdk1	7227.FBpp0079641	Monarch	FBcv:0000362	Increased cell number
Cdk1	7227.FBpp0079641	Monarch	FBcv:0000363	Increased cell size
Cdk1	7227.FBpp0079641	Monarch	FBcv:0000364	Sterile
Cdk1	7227.FBpp0079641	Monarch	FBcv:0000365	Semi-sterile
Cdk1	7227.FBpp0079641	Monarch	FBcv:0000366	Female sterile
Cdk1	7227.FBpp0079641	Monarch	FBcv:0000371	Male semi-sterile
Cdk1	7227.FBpp0079641	Monarch	FBcv:0000424	Abnormal cell death
Cdk1	7227.FBpp0079641	Monarch	FBcv:0000425	Increased cell death
Cdk1	7227.FBpp0079641	Monarch	FBcv:0000428	Abnormal cell size
Cdk1	7227.FBpp0079641	Monarch	FBcv:0000431	Abnormal meiotic cell cycle
Cdk1	7227.FBpp0079641	Monarch	FBcv:0000435	Abnormal neuroanatomy
Cdk1	7227.FBpp0079641	Monarch	FBcv:0000442	Radiation sensitive
Cdk1	7227.FBpp0079641	Monarch	FBcv:0000450	Abnormal developmental rate
Cdk1	7227.FBpp0079641	Monarch	FBcv:0000671	Abnormal cell cycle
Cdk1	7227.FBpp0079641	Monarch	FBcv:0000709	Abnormal cell number
Cdk1	7227.FBpp0079641	Monarch	FBcv:0000724	Hypoplasia
Cdk1	7227.FBpp0079641	Monarch	FBcv:0002000	Lethal - all die before end of P-stage
Cdk1	7227.FBpp0079641	Monarch	FBcv:0002001	Lethal - all die before end of first instar larval stage
Cdk1	7227.FBpp0079641	Monarch	FBcv:0002002	Lethal - all die before end of larval stage
Cdk1	7227.FBpp0079641	Monarch	FBcv:0002003	Lethal - all die before end of second instar larval stage
Cdk1	7227.FBpp0079641	Monarch	FBcv:0002004	Increased mortality
Cdk1	7227.FBpp0079641	Monarch	FBcv:0002005	Lethal - all die during P-stage
Cdk1	7227.FBpp0079641	Monarch	FBcv:0002010	Majority die during P-stage
Cdk1	7227.FBpp0079641	Monarch	FBcv:0002015	Partially lethal
Cdk1	7227.FBpp0079641	Monarch	FBcv:0002019	Increased mortality during development
Cdk1	7227.FBpp0079641	Monarch	FBcv:0002020	Some die during P-stage
Cdk1	7227.FBpp0079641	Monarch	FBcv:0002025	Lethal - all die during pharate adult stage
Cdk1	7227.FBpp0079641	Monarch	FBcv:0002026	Lethal - all die before end of prepupal stage
Cdk1	7227.FBpp0079641	Monarch	FBcv:0002027	Lethal - all die before end of pupal stage
Cdk1	7227.FBpp0079641	Monarch	FBcv:0002030	Lethal - all die during pupal stage
Cdk1	7227.FBpp0079641	Monarch	FBcv:0002033	Lethal - all die during embryonic stage
Cdk1	7227.FBpp0079641	Monarch	FBcv:0002034	Majority die during pupal stage
Cdk1	7227.FBpp0079641	Monarch	FBcv:0002036	Majority die during pharate adult stage
Cdk1	7227.FBpp0079641	Monarch	FBcv:0002037	Majority die during embryonic stage
Cdk1	7227.FBpp0079641	Monarch	FBcv:0002038	Some die during pharate adult stage
Cdk1	7227.FBpp0079641	Monarch	FBcv:0002039	Some die during pupal stage
Cdk1	7227.FBpp0079641	Monarch	FBcv:0002041	Some die during embryonic stage
Cdk1	7227.FBpp0079641	UniProt Keywords	KW-0067	ATP-binding
Cdk1	7227.FBpp0079641	UniProt Keywords	KW-0131	Cell cycle
Cdk1	7227.FBpp0079641	UniProt Keywords	KW-0132	Cell division
Cdk1	7227.FBpp0079641	UniProt Keywords	KW-0418	Kinase
Cdk1	7227.FBpp0079641	UniProt Keywords	KW-0498	Mitosis
Cdk1	7227.FBpp0079641	UniProt Keywords	KW-0539	Nucleus
Cdk1	7227.FBpp0079641	UniProt Keywords	KW-0547	Nucleotide-binding
Cdk1	7227.FBpp0079641	UniProt Keywords	KW-0597	Phosphoprotein
Cdk1	7227.FBpp0079641	UniProt Keywords	KW-0723	Serine/threonine-protein kinase
Cdk1	7227.FBpp0079641	UniProt Keywords	KW-0808	Transferase
Cdk1	7227.FBpp0079641	InterPro	IPR000719	Protein kinase domain
Cdk1	7227.FBpp0079641	InterPro	IPR008271	Serine/threonine-protein kinase, active site
Cdk1	7227.FBpp0079641	InterPro	IPR011009	Protein kinase-like domain superfamily
Cdk1	7227.FBpp0079641	InterPro	IPR017441	Protein kinase, ATP binding site
Cdk1	7227.FBpp0079641	InterPro	IPR050108	Cyclin-dependent kinase
Cdk1	7227.FBpp0079641	SMART	SM00220	Serine/Threonine protein kinases, catalytic domain
Ddc	7227.FBpp0080710	GO Process	GO:0000302	Response to reactive oxygen species
Ddc	7227.FBpp0080710	GO Process	GO:0003008	System process
Ddc	7227.FBpp0080710	GO Process	GO:0006082	Organic acid metabolic process
Ddc	7227.FBpp0080710	GO Process	GO:0006520	Amino acid metabolic process
Ddc	7227.FBpp0080710	GO Process	GO:0006570	Tyrosine metabolic process
Ddc	7227.FBpp0080710	GO Process	GO:0006576	Biogenic amine metabolic process
Ddc	7227.FBpp0080710	GO Process	GO:0006584	Catecholamine metabolic process
Ddc	7227.FBpp0080710	GO Process	GO:0006585	Dopamine biosynthetic process from tyrosine
Ddc	7227.FBpp0080710	GO Process	GO:0006587	Serotonin biosynthetic process from tryptophan
Ddc	7227.FBpp0080710	GO Process	GO:0006950	Response to stress
Ddc	7227.FBpp0080710	GO Process	GO:0006979	Response to oxidative stress
Ddc	7227.FBpp0080710	GO Process	GO:0007275	Multicellular organism development
Ddc	7227.FBpp0080710	GO Process	GO:0007444	Imaginal disc development
Ddc	7227.FBpp0080710	GO Process	GO:0007591	Molting cycle, chitin-based cuticle
Ddc	7227.FBpp0080710	GO Process	GO:0007593	Chitin-based cuticle sclerotization
Ddc	7227.FBpp0080710	GO Process	GO:0007610	Behavior
Ddc	7227.FBpp0080710	GO Process	GO:0007611	Learning or memory
Ddc	7227.FBpp0080710	GO Process	GO:0007613	Memory
Ddc	7227.FBpp0080710	GO Process	GO:0007615	Anesthesia-resistant memory
Ddc	7227.FBpp0080710	GO Process	GO:0007616	Long-term memory
Ddc	7227.FBpp0080710	GO Process	GO:0008152	Metabolic process
Ddc	7227.FBpp0080710	GO Process	GO:0009058	Biosynthetic process
Ddc	7227.FBpp0080710	GO Process	GO:0009072	Aromatic amino acid metabolic process
Ddc	7227.FBpp0080710	GO Process	GO:0009266	Response to temperature stimulus
Ddc	7227.FBpp0080710	GO Process	GO:0009308	Amine metabolic process
Ddc	7227.FBpp0080710	GO Process	GO:0009309	Amine biosynthetic process
Ddc	7227.FBpp0080710	GO Process	GO:0009605	Response to external stimulus
Ddc	7227.FBpp0080710	GO Process	GO:0009611	Response to wounding
Ddc	7227.FBpp0080710	GO Process	GO:0009628	Response to abiotic stimulus
Ddc	7227.FBpp0080710	GO Process	GO:0009712	Catechol-containing compound metabolic process
Ddc	7227.FBpp0080710	GO Process	GO:0009713	Catechol-containing compound biosynthetic process
Ddc	7227.FBpp0080710	GO Process	GO:0009987	Cellular process
Ddc	7227.FBpp0080710	GO Process	GO:0018958	Phenol-containing compound metabolic process
Ddc	7227.FBpp0080710	GO Process	GO:0019752	Carboxylic acid metabolic process
Ddc	7227.FBpp0080710	GO Process	GO:0021700	Developmental maturation
Ddc	7227.FBpp0080710	GO Process	GO:0022404	Molting cycle process
Ddc	7227.FBpp0080710	GO Process	GO:0032501	Multicellular organismal process
Ddc	7227.FBpp0080710	GO Process	GO:0032502	Developmental process
Ddc	7227.FBpp0080710	GO Process	GO:0035220	Wing disc development
Ddc	7227.FBpp0080710	GO Process	GO:0040011	Locomotion
Ddc	7227.FBpp0080710	GO Process	GO:0040040	Thermosensory behavior
Ddc	7227.FBpp0080710	GO Process	GO:0042221	Response to chemical
Ddc	7227.FBpp0080710	GO Process	GO:0042303	Molting cycle
Ddc	7227.FBpp0080710	GO Process	GO:0042330	Taxis
Ddc	7227.FBpp0080710	GO Process	GO:0042335	Cuticle development
Ddc	7227.FBpp0080710	GO Process	GO:0042401	Biogenic amine biosynthetic process
Ddc	7227.FBpp0080710	GO Process	GO:0042416	Dopamine biosynthetic process
Ddc	7227.FBpp0080710	GO Process	GO:0042417	Dopamine metabolic process
Ddc	7227.FBpp0080710	GO Process	GO:0042423	Catecholamine biosynthetic process
Ddc	7227.FBpp0080710	GO Process	GO:0042427	Serotonin biosynthetic process
Ddc	7227.FBpp0080710	GO Process	GO:0042428	Serotonin metabolic process
Ddc	7227.FBpp0080710	GO Process	GO:0042430	Indole-containing compound metabolic process
Ddc	7227.FBpp0080710	GO Process	GO:0042435	Indole-containing compound biosynthetic process
Ddc	7227.FBpp0080710	GO Process	GO:0042542	Response to hydrogen peroxide
Ddc	7227.FBpp0080710	GO Process	GO:0043052	Thermotaxis
Ddc	7227.FBpp0080710	GO Process	GO:0043436	Oxoacid metabolic process
Ddc	7227.FBpp0080710	GO Process	GO:0043473	Pigmentation
Ddc	7227.FBpp0080710	GO Process	GO:0044238	Primary metabolic process
Ddc	7227.FBpp0080710	GO Process	GO:0044281	Small molecule metabolic process
Ddc	7227.FBpp0080710	GO Process	GO:0046189	Phenol-containing compound biosynthetic process
Ddc	7227.FBpp0080710	GO Process	GO:0048066	Developmental pigmentation
Ddc	7227.FBpp0080710	GO Process	GO:0048067	Cuticle pigmentation
Ddc	7227.FBpp0080710	GO Process	GO:0048070	Regulation of developmental pigmentation
Ddc	7227.FBpp0080710	GO Process	GO:0048079	Regulation of cuticle pigmentation
Ddc	7227.FBpp0080710	GO Process	GO:0048082	Regulation of adult chitin-containing cuticle pigmentation
Ddc	7227.FBpp0080710	GO Process	GO:0048085	Adult chitin-containing cuticle pigmentation
Ddc	7227.FBpp0080710	GO Process	GO:0048513	Animal organ development
Ddc	7227.FBpp0080710	GO Process	GO:0048856	Anatomical structure development
Ddc	7227.FBpp0080710	GO Process	GO:0050789	Regulation of biological process
Ddc	7227.FBpp0080710	GO Process	GO:0050877	Nervous system process
Ddc	7227.FBpp0080710	GO Process	GO:0050890	Cognition
Ddc	7227.FBpp0080710	GO Process	GO:0050896	Response to stimulus
Ddc	7227.FBpp0080710	GO Process	GO:0065007	Biological regulation
Ddc	7227.FBpp0080710	GO Process	GO:0120305	Regulation of pigmentation
Ddc	7227.FBpp0080710	GO Process	GO:0170033	L-amino acid metabolic process
Ddc	7227.FBpp0080710	GO Process	GO:0170039	Proteinogenic amino acid metabolic process
Ddc	7227.FBpp0080710	GO Process	GO:1901162	Primary amino compound biosynthetic process
Ddc	7227.FBpp0080710	GO Process	GO:1901605	Alpha-amino acid metabolic process
Ddc	7227.FBpp0080710	GO Process	GO:1901700	Response to oxygen-containing compound
Ddc	7227.FBpp0080710	GO Function	GO:0003824	Catalytic activity
Ddc	7227.FBpp0080710	GO Function	GO:0004058	aromatic-L-amino-acid decarboxylase activity
Ddc	7227.FBpp0080710	GO Function	GO:0005488	Binding
Ddc	7227.FBpp0080710	GO Function	GO:0016829	Lyase activity
Ddc	7227.FBpp0080710	GO Function	GO:0016830	Carbon-carbon lyase activity
Ddc	7227.FBpp0080710	GO Function	GO:0016831	Carboxy-lyase activity
Ddc	7227.FBpp0080710	GO Function	GO:0019842	Vitamin binding
Ddc	7227.FBpp0080710	GO Function	GO:0030170	Pyridoxal phosphate binding
Ddc	7227.FBpp0080710	GO Function	GO:0036094	Small molecule binding
Ddc	7227.FBpp0080710	GO Function	GO:0043167	Ion binding
Ddc	7227.FBpp0080710	GO Function	GO:0043168	Anion binding
Ddc	7227.FBpp0080710	GO Function	GO:0070279	Vitamin B6 binding
Ddc	7227.FBpp0080710	GO Function	GO:1901363	Heterocyclic compound binding
Ddc	7227.FBpp0080710	GO Component	GO:0005622	Intracellular anatomical structure
Ddc	7227.FBpp0080710	GO Component	GO:0005737	Cytoplasm
Ddc	7227.FBpp0080710	GO Component	GO:0110165	Cellular anatomical structure
Ddc	7227.FBpp0080710	STRING clusters	CL:7006	Mixed, incl. Tyrosine metabolism, and Pyridine nucleotide biosynthetic process
Ddc	7227.FBpp0080710	STRING clusters	CL:7007	Tyrosine metabolism, and Dopamine metabolic process
Ddc	7227.FBpp0080710	STRING clusters	CL:7008	Catecholamine metabolic process, and Tyrosine decarboxylase activity
Ddc	7227.FBpp0080710	STRING clusters	CL:7009	Aromatic-L-amino-acid decarboxylase, and Catecholamine biosynthetic process
Ddc	7227.FBpp0080710	STRING clusters	CL:7012	Catecholamine biosynthesis, and Serotonin biosynthesis
Ddc	7227.FBpp0080710	KEGG	dme00350	Tyrosine metabolism
Ddc	7227.FBpp0080710	KEGG	dme00360	Phenylalanine metabolism
Ddc	7227.FBpp0080710	KEGG	dme00380	Tryptophan metabolism
Ddc	7227.FBpp0080710	KEGG	dme01100	Metabolic pathways
Ddc	7227.FBpp0080710	Reactome	DME-1430728	Metabolism
Ddc	7227.FBpp0080710	Reactome	DME-209776	Metabolism of amine-derived hormones
Ddc	7227.FBpp0080710	Reactome	DME-209905	Catecholamine biosynthesis
Ddc	7227.FBpp0080710	Reactome	DME-209931	Serotonin and melatonin biosynthesis
Ddc	7227.FBpp0080710	Reactome	DME-71291	Metabolism of amino acids and derivatives
Ddc	7227.FBpp0080710	WikiPathways	WP125	Biogenic amine synthesis
Ddc	7227.FBpp0080710	Monarch	FBcv:0000349	Viable
Ddc	7227.FBpp0080710	Monarch	FBcv:0000351	Lethal
Ddc	7227.FBpp0080710	Monarch	FBcv:0000354	Visible
Ddc	7227.FBpp0080710	Monarch	FBcv:0000356	Abnormal body color
Ddc	7227.FBpp0080710	Monarch	FBcv:0000357	Abnormal size
Ddc	7227.FBpp0080710	Monarch	FBcv:0000358	Decreased body size
Ddc	7227.FBpp0080710	Monarch	FBcv:0000364	Sterile
Ddc	7227.FBpp0080710	Monarch	FBcv:0000366	Female sterile
Ddc	7227.FBpp0080710	Monarch	FBcv:0000385	Short lived
Ddc	7227.FBpp0080710	Monarch	FBcv:0000417	Abnormal flight
Ddc	7227.FBpp0080710	Monarch	FBcv:0000450	Abnormal developmental rate
Ddc	7227.FBpp0080710	Monarch	FBcv:0000665	Abnormal body size
Ddc	7227.FBpp0080710	Monarch	FBcv:0002000	Lethal - all die before end of P-stage
Ddc	7227.FBpp0080710	Monarch	FBcv:0002001	Lethal - all die before end of first instar larval stage
Ddc	7227.FBpp0080710	Monarch	FBcv:0002002	Lethal - all die before end of larval stage
Ddc	7227.FBpp0080710	Monarch	FBcv:0002003	Lethal - all die before end of second instar larval stage
Ddc	7227.FBpp0080710	Monarch	FBcv:0002004	Increased mortality
Ddc	7227.FBpp0080710	Monarch	FBcv:0002015	Partially lethal
Ddc	7227.FBpp0080710	Monarch	FBcv:0002019	Increased mortality during development
Ddc	7227.FBpp0080710	Monarch	FBcv:0002020	Some die during P-stage
Ddc	7227.FBpp0080710	Monarch	FBcv:0002023	Some die during larval stage
Ddc	7227.FBpp0080710	Monarch	FBcv:0002024	Some die during third instar larval stage
Ddc	7227.FBpp0080710	Monarch	FBcv:0002026	Lethal - all die before end of prepupal stage
Ddc	7227.FBpp0080710	Monarch	FBcv:0002027	Lethal - all die before end of pupal stage
Ddc	7227.FBpp0080710	Monarch	FBcv:0002033	Lethal - all die during embryonic stage
Ddc	7227.FBpp0080710	Monarch	FBcv:0002037	Majority die during embryonic stage
Ddc	7227.FBpp0080710	Monarch	FBcv:0002039	Some die during pupal stage
Ddc	7227.FBpp0080710	Monarch	FBcv:0002040	Some die during prepupal stage
Ddc	7227.FBpp0080710	Monarch	FBcv:0002041	Some die during embryonic stage
Ddc	7227.FBpp0080710	Monarch	FBcv:0007508	Decreased size
Ddc	7227.FBpp0080710	UniProt Keywords	KW-0025	Alternative splicing
Ddc	7227.FBpp0080710	UniProt Keywords	KW-0127	Catecholamine biosynthesis
Ddc	7227.FBpp0080710	UniProt Keywords	KW-0210	Decarboxylase
Ddc	7227.FBpp0080710	UniProt Keywords	KW-0456	Lyase
Ddc	7227.FBpp0080710	UniProt Keywords	KW-0663	Pyridoxal phosphate
Ddc	7227.FBpp0080710	Pfam	PF00282	Pyridoxal-dependent decarboxylase conserved domain
Ddc	7227.FBpp0080710	InterPro	IPR002129	Pyridoxal phosphate-dependent decarboxylase
Ddc	7227.FBpp0080710	InterPro	IPR010977	Aromatic-L-amino-acid decarboxylase
Ddc	7227.FBpp0080710	InterPro	IPR015421	Pyridoxal phosphate-dependent transferase, major domain
Ddc	7227.FBpp0080710	InterPro	IPR015422	Pyridoxal phosphate-dependent transferase, small domain
Ddc	7227.FBpp0080710	InterPro	IPR015424	Pyridoxal phosphate-dependent transferase
Ddc	7227.FBpp0080710	InterPro	IPR021115	Pyridoxal-phosphate binding site
Debcl	7227.FBpp0085443	GO Process	GO:0003006	Developmental process involved in reproduction
Debcl	7227.FBpp0085443	GO Process	GO:0006810	Transport
Debcl	7227.FBpp0085443	GO Process	GO:0006914	Autophagy
Debcl	7227.FBpp0085443	GO Process	GO:0006915	Apoptotic process
Debcl	7227.FBpp0085443	GO Process	GO:0006950	Response to stress
Debcl	7227.FBpp0085443	GO Process	GO:0006974	DNA damage response
Debcl	7227.FBpp0085443	GO Process	GO:0007154	Cell communication
Debcl	7227.FBpp0085443	GO Process	GO:0007165	Signal transduction
Debcl	7227.FBpp0085443	GO Process	GO:0008152	Metabolic process
Debcl	7227.FBpp0085443	GO Process	GO:0008219	Cell death
Debcl	7227.FBpp0085443	GO Process	GO:0008630	Intrinsic apoptotic signaling pathway in response to DNA damage
Debcl	7227.FBpp0085443	GO Process	GO:0009056	Catabolic process
Debcl	7227.FBpp0085443	GO Process	GO:0009267	Cellular response to starvation
Debcl	7227.FBpp0085443	GO Process	GO:0009314	Response to radiation
Debcl	7227.FBpp0085443	GO Process	GO:0009628	Response to abiotic stimulus
Debcl	7227.FBpp0085443	GO Process	GO:0009653	Anatomical structure morphogenesis
Debcl	7227.FBpp0085443	GO Process	GO:0009893	Positive regulation of metabolic process
Debcl	7227.FBpp0085443	GO Process	GO:0009894	Regulation of catabolic process
Debcl	7227.FBpp0085443	GO Process	GO:0009896	Positive regulation of catabolic process
Debcl	7227.FBpp0085443	GO Process	GO:0009987	Cellular process
Debcl	7227.FBpp0085443	GO Process	GO:0010212	Response to ionizing radiation
Debcl	7227.FBpp0085443	GO Process	GO:0010506	Regulation of autophagy
Debcl	7227.FBpp0085443	GO Process	GO:0010508	Positive regulation of autophagy
Debcl	7227.FBpp0085443	GO Process	GO:0010623	Programmed cell death involved in cell development
Debcl	7227.FBpp0085443	GO Process	GO:0012501	Programmed cell death
Debcl	7227.FBpp0085443	GO Process	GO:0016239	Positive regulation of macroautophagy
Debcl	7227.FBpp0085443	GO Process	GO:0016241	Regulation of macroautophagy
Debcl	7227.FBpp0085443	GO Process	GO:0019222	Regulation of metabolic process
Debcl	7227.FBpp0085443	GO Process	GO:0019725	Cellular homeostasis
Debcl	7227.FBpp0085443	GO Process	GO:0022414	Reproductive process
Debcl	7227.FBpp0085443	GO Process	GO:0023052	Signaling
Debcl	7227.FBpp0085443	GO Process	GO:0030154	Cell differentiation
Debcl	7227.FBpp0085443	GO Process	GO:0031667	Response to nutrient levels
Debcl	7227.FBpp0085443	GO Process	GO:0031669	Cellular response to nutrient levels
Debcl	7227.FBpp0085443	GO Process	GO:0032502	Developmental process
Debcl	7227.FBpp0085443	GO Process	GO:0033554	Cellular response to stress
Debcl	7227.FBpp0085443	GO Process	GO:0035234	Ectopic germ cell programmed cell death
Debcl	7227.FBpp0085443	GO Process	GO:0035556	Intracellular signal transduction
Debcl	7227.FBpp0085443	GO Process	GO:0042592	Homeostatic process
Debcl	7227.FBpp0085443	GO Process	GO:0042594	Response to starvation
Debcl	7227.FBpp0085443	GO Process	GO:0042981	Regulation of apoptotic process
Debcl	7227.FBpp0085443	GO Process	GO:0043066	Negative regulation of apoptotic process
Debcl	7227.FBpp0085443	GO Process	GO:0043067	Regulation of programmed cell death
Debcl	7227.FBpp0085443	GO Process	GO:0043068	Positive regulation of programmed cell death
Debcl	7227.FBpp0085443	GO Process	GO:0043069	Negative regulation of programmed cell death
Debcl	7227.FBpp0085443	GO Process	GO:0043523	Regulation of neuron apoptotic process
Debcl	7227.FBpp0085443	GO Process	GO:0043524	Negative regulation of neuron apoptotic process
Debcl	7227.FBpp0085443	GO Process	GO:0048468	Cell development
Debcl	7227.FBpp0085443	GO Process	GO:0048518	Positive regulation of biological process
Debcl	7227.FBpp0085443	GO Process	GO:0048519	Negative regulation of biological process
Debcl	7227.FBpp0085443	GO Process	GO:0048522	Positive regulation of cellular process
Debcl	7227.FBpp0085443	GO Process	GO:0048523	Negative regulation of cellular process
Debcl	7227.FBpp0085443	GO Process	GO:0048856	Anatomical structure development
Debcl	7227.FBpp0085443	GO Process	GO:0048869	Cellular developmental process
Debcl	7227.FBpp0085443	GO Process	GO:0050789	Regulation of biological process
Debcl	7227.FBpp0085443	GO Process	GO:0050794	Regulation of cellular process
Debcl	7227.FBpp0085443	GO Process	GO:0050896	Response to stimulus
Debcl	7227.FBpp0085443	GO Process	GO:0051179	Localization
Debcl	7227.FBpp0085443	GO Process	GO:0051234	Establishment of localization
Debcl	7227.FBpp0085443	GO Process	GO:0051716	Cellular response to stimulus
Debcl	7227.FBpp0085443	GO Process	GO:0055085	Transmembrane transport
Debcl	7227.FBpp0085443	GO Process	GO:0060561	Apoptotic process involved in morphogenesis
Debcl	7227.FBpp0085443	GO Process	GO:0061919	Process utilizing autophagic mechanism
Debcl	7227.FBpp0085443	GO Process	GO:0062098	Regulation of programmed necrotic cell death
Debcl	7227.FBpp0085443	GO Process	GO:0062100	Positive regulation of programmed necrotic cell death
Debcl	7227.FBpp0085443	GO Process	GO:0065007	Biological regulation
Debcl	7227.FBpp0085443	GO Process	GO:0070050	Neuron cellular homeostasis
Debcl	7227.FBpp0085443	GO Process	GO:0097190	Apoptotic signaling pathway
Debcl	7227.FBpp0085443	GO Process	GO:0097193	Intrinsic apoptotic signaling pathway
Debcl	7227.FBpp0085443	GO Process	GO:1902742	Apoptotic process involved in development
Debcl	7227.FBpp0085443	GO Function	GO:0005215	Transporter activity
Debcl	7227.FBpp0085443	GO Function	GO:0015267	Channel activity
Debcl	7227.FBpp0085443	GO Function	GO:0022803	Passive transmembrane transporter activity
Debcl	7227.FBpp0085443	GO Function	GO:0022857	Transmembrane transporter activity
Debcl	7227.FBpp0085443	GO Component	GO:0005622	Intracellular anatomical structure
Debcl	7227.FBpp0085443	GO Component	GO:0005737	Cytoplasm
Debcl	7227.FBpp0085443	GO Component	GO:0005739	Mitochondrion
Debcl	7227.FBpp0085443	GO Component	GO:0005740	Mitochondrial envelope
Debcl	7227.FBpp0085443	GO Component	GO:0005741	Mitochondrial outer membrane
Debcl	7227.FBpp0085443	GO Component	GO:0016020	Membrane
Debcl	7227.FBpp0085443	GO Component	GO:0019867	Outer membrane
Debcl	7227.FBpp0085443	GO Component	GO:0031090	Organelle membrane
Debcl	7227.FBpp0085443	GO Component	GO:0031966	Mitochondrial membrane
Debcl	7227.FBpp0085443	GO Component	GO:0031967	Organelle envelope
Debcl	7227.FBpp0085443	GO Component	GO:0031968	Organelle outer membrane
Debcl	7227.FBpp0085443	GO Component	GO:0032991	Protein-containing complex
Debcl	7227.FBpp0085443	GO Component	GO:0043226	Organelle
Debcl	7227.FBpp0085443	GO Component	GO:0043227	Membrane-bounded organelle
Debcl	7227.FBpp0085443	GO Component	GO:0043229	Intracellular organelle
Debcl	7227.FBpp0085443	GO Component	GO:0043231	Intracellular membrane-bounded organelle
Debcl	7227.FBpp0085443	GO Component	GO:0097136	Bcl-2 family protein complex
Debcl	7227.FBpp0085443	GO Component	GO:0098588	Bounding membrane of organelle
Debcl	7227.FBpp0085443	GO Component	GO:0110165	Cellular anatomical structure
Debcl	7227.FBpp0085443	STRING clusters	CL:13678	Mixed, incl. Autophagy - animal, and Metallopeptidase, catalytic domain superfamily
Debcl	7227.FBpp0085443	STRING clusters	CL:13679	Mixed, incl. Autophagy - animal, and Apoptosis - multiple species
Debcl	7227.FBpp0085443	STRING clusters	CL:13680	Mixed, incl. Autophagy - animal, and Apoptosis - multiple species
Debcl	7227.FBpp0085443	STRING clusters	CL:13802	Mixed, incl. Apoptosis - multiple species, and Positive regulation of mitochondrial fission
Debcl	7227.FBpp0085443	STRING clusters	CL:13803	Mixed, incl. Positive regulation of mitochondrial fission, and Mitochondrial fusion
Debcl	7227.FBpp0085443	STRING clusters	CL:13805	Mixed, incl. Regulation of mitochondrial fusion, and Bcl2-like
Debcl	7227.FBpp0085443	STRING clusters	CL:13807	Regulation of mitochondrial fusion, and Bcl2-like
Debcl	7227.FBpp0085443	KEGG	dme04214	Apoptosis - fly
Debcl	7227.FBpp0085443	KEGG	dme04215	Apoptosis - multiple species
Debcl	7227.FBpp0085443	COMPARTMENTS	GOCC:0005622	Intracellular anatomical structure
Debcl	7227.FBpp0085443	COMPARTMENTS	GOCC:0005737	Cytoplasm
Debcl	7227.FBpp0085443	COMPARTMENTS	GOCC:0005739	Mitochondrion
Debcl	7227.FBpp0085443	COMPARTMENTS	GOCC:0005740	Mitochondrial envelope
Debcl	7227.FBpp0085443	COMPARTMENTS	GOCC:0005741	Mitochondrial outer membrane
Debcl	7227.FBpp0085443	COMPARTMENTS	GOCC:0016020	Membrane
Debcl	7227.FBpp0085443	COMPARTMENTS	GOCC:0019867	Outer membrane
Debcl	7227.FBpp0085443	COMPARTMENTS	GOCC:0031090	Organelle membrane
Debcl	7227.FBpp0085443	COMPARTMENTS	GOCC:0031966	Mitochondrial membrane
Debcl	7227.FBpp0085443	COMPARTMENTS	GOCC:0031967	Organelle envelope
Debcl	7227.FBpp0085443	COMPARTMENTS	GOCC:0031968	Organelle outer membrane
Debcl	7227.FBpp0085443	COMPARTMENTS	GOCC:0031975	Obsolete envelope
Debcl	7227.FBpp0085443	COMPARTMENTS	GOCC:0032991	Protein-containing complex
Debcl	7227.FBpp0085443	COMPARTMENTS	GOCC:0043226	Organelle
Debcl	7227.FBpp0085443	COMPARTMENTS	GOCC:0043227	Membrane-bounded organelle
Debcl	7227.FBpp0085443	COMPARTMENTS	GOCC:0043229	Intracellular organelle
Debcl	7227.FBpp0085443	COMPARTMENTS	GOCC:0043231	Intracellular membrane-bounded organelle
Debcl	7227.FBpp0085443	COMPARTMENTS	GOCC:0097136	Bcl-2 family protein complex
Debcl	7227.FBpp0085443	COMPARTMENTS	GOCC:0098588	Bounding membrane of organelle
Debcl	7227.FBpp0085443	COMPARTMENTS	GOCC:0110165	Cellular anatomical structure
Debcl	7227.FBpp0085443	Monarch	FBcv:0000349	Viable
Debcl	7227.FBpp0085443	Monarch	FBcv:0000351	Lethal
Debcl	7227.FBpp0085443	Monarch	FBcv:0000352	Partially lethal - majority die
Debcl	7227.FBpp0085443	Monarch	FBcv:0000354	Visible
Debcl	7227.FBpp0085443	Monarch	FBcv:0000357	Abnormal size
Debcl	7227.FBpp0085443	Monarch	FBcv:0000362	Increased cell number
Debcl	7227.FBpp0085443	Monarch	FBcv:0000374	Fertile
Debcl	7227.FBpp0085443	Monarch	FBcv:0000385	Short lived
Debcl	7227.FBpp0085443	Monarch	FBcv:0000386	Long lived
Debcl	7227.FBpp0085443	Monarch	FBcv:0000424	Abnormal cell death
Debcl	7227.FBpp0085443	Monarch	FBcv:0000425	Increased cell death
Debcl	7227.FBpp0085443	Monarch	FBcv:0000435	Abnormal neuroanatomy
Debcl	7227.FBpp0085443	Monarch	FBcv:0000442	Radiation sensitive
Debcl	7227.FBpp0085443	Monarch	FBcv:0000444	Hyperplasia
Debcl	7227.FBpp0085443	Monarch	FBcv:0000709	Abnormal cell number
Debcl	7227.FBpp0085443	Monarch	FBcv:0002000	Lethal - all die before end of P-stage
Debcl	7227.FBpp0085443	Monarch	FBcv:0002002	Lethal - all die before end of larval stage
Debcl	7227.FBpp0085443	Monarch	FBcv:0002004	Increased mortality
Debcl	7227.FBpp0085443	Monarch	FBcv:0002015	Partially lethal
Debcl	7227.FBpp0085443	Monarch	FBcv:0002019	Increased mortality during development
Debcl	7227.FBpp0085443	Monarch	FBcv:0002023	Some die during larval stage
Debcl	7227.FBpp0085443	Monarch	FBcv:0002026	Lethal - all die before end of prepupal stage
Debcl	7227.FBpp0085443	Monarch	FBcv:0002027	Lethal - all die before end of pupal stage
Debcl	7227.FBpp0085443	UniProt Keywords	KW-0053	Apoptosis
Debcl	7227.FBpp0085443	UniProt Keywords	KW-0472	Membrane
Debcl	7227.FBpp0085443	UniProt Keywords	KW-0812	Transmembrane
Debcl	7227.FBpp0085443	UniProt Keywords	KW-1133	Transmembrane helix
Debcl	7227.FBpp0085443	InterPro	IPR002475	Bcl2-like
Debcl	7227.FBpp0085443	InterPro	IPR026298	Bcl-2 family
Debcl	7227.FBpp0085443	InterPro	IPR036834	Bcl-2-like superfamily
Debcl	7227.FBpp0085443	InterPro	IPR046371	Bcl-2, Bcl-2 homology region 1-3
Debcl	7227.FBpp0085443	SMART	SM00337	BCL (B-Cell lymphoma)
Dl	7227.FBpp0083153	GO Process	GO:0000278	Mitotic cell cycle
Dl	7227.FBpp0083153	GO Process	GO:0000902	Cell morphogenesis
Dl	7227.FBpp0083153	GO Process	GO:0001654	Eye development
Dl	7227.FBpp0083153	GO Process	GO:0001667	Ameboidal-type cell migration
Dl	7227.FBpp0083153	GO Process	GO:0001708	Cell fate specification
Dl	7227.FBpp0083153	GO Process	GO:0001709	Cell fate determination
Dl	7227.FBpp0083153	GO Process	GO:0001745	Compound eye morphogenesis
Dl	7227.FBpp0083153	GO Process	GO:0001751	Compound eye photoreceptor cell differentiation
Dl	7227.FBpp0083153	GO Process	GO:0001754	Eye photoreceptor cell differentiation
Dl	7227.FBpp0083153	GO Process	GO:0002064	Epithelial cell development
Dl	7227.FBpp0083153	GO Process	GO:0002165	Instar larval or pupal development
Dl	7227.FBpp0083153	GO Process	GO:0003002	Regionalization
Dl	7227.FBpp0083153	GO Process	GO:0003006	Developmental process involved in reproduction
Dl	7227.FBpp0083153	GO Process	GO:0006996	Organelle organization
Dl	7227.FBpp0083153	GO Process	GO:0007010	Cytoskeleton organization
Dl	7227.FBpp0083153	GO Process	GO:0007015	Actin filament organization
Dl	7227.FBpp0083153	GO Process	GO:0007049	Cell cycle
Dl	7227.FBpp0083153	GO Process	GO:0007154	Cell communication
Dl	7227.FBpp0083153	GO Process	GO:0007165	Signal transduction
Dl	7227.FBpp0083153	GO Process	GO:0007166	Cell surface receptor signaling pathway
Dl	7227.FBpp0083153	GO Process	GO:0007219	Notch signaling pathway
Dl	7227.FBpp0083153	GO Process	GO:0007267	Cell-cell signaling
Dl	7227.FBpp0083153	GO Process	GO:0007275	Multicellular organism development
Dl	7227.FBpp0083153	GO Process	GO:0007276	Gamete generation
Dl	7227.FBpp0083153	GO Process	GO:0007281	Germ cell development
Dl	7227.FBpp0083153	GO Process	GO:0007292	Female gamete generation
Dl	7227.FBpp0083153	GO Process	GO:0007293	Germarium-derived egg chamber formation
Dl	7227.FBpp0083153	GO Process	GO:0007297	Follicle cell of egg chamber migration
Dl	7227.FBpp0083153	GO Process	GO:0007298	Border follicle cell migration
Dl	7227.FBpp0083153	GO Process	GO:0007346	Regulation of mitotic cell cycle
Dl	7227.FBpp0083153	GO Process	GO:0007389	Pattern specification process
Dl	7227.FBpp0083153	GO Process	GO:0007399	Nervous system development
Dl	7227.FBpp0083153	GO Process	GO:0007400	Neuroblast fate determination
Dl	7227.FBpp0083153	GO Process	GO:0007422	Peripheral nervous system development
Dl	7227.FBpp0083153	GO Process	GO:0007423	Sensory organ development
Dl	7227.FBpp0083153	GO Process	GO:0007444	Imaginal disc development
Dl	7227.FBpp0083153	GO Process	GO:0007447	Imaginal disc pattern formation
Dl	7227.FBpp0083153	GO Process	GO:0007448	Anterior/posterior pattern specification, imaginal disc
Dl	7227.FBpp0083153	GO Process	GO:0007450	Dorsal/ventral pattern formation, imaginal disc
Dl	7227.FBpp0083153	GO Process	GO:0007455	Eye-antennal disc morphogenesis
Dl	7227.FBpp0083153	GO Process	GO:0007469	Antennal development
Dl	7227.FBpp0083153	GO Process	GO:0007472	Wing disc morphogenesis
Dl	7227.FBpp0083153	GO Process	GO:0007475	Apposition of dorsal and ventral imaginal disc-derived wing surfaces
Dl	7227.FBpp0083153	GO Process	GO:0007476	Imaginal disc-derived wing morphogenesis
Dl	7227.FBpp0083153	GO Process	GO:0007478	Leg disc morphogenesis
Dl	7227.FBpp0083153	GO Process	GO:0007480	Imaginal disc-derived leg morphogenesis
Dl	7227.FBpp0083153	GO Process	GO:0007498	Mesoderm development
Dl	7227.FBpp0083153	GO Process	GO:0007552	Metamorphosis
Dl	7227.FBpp0083153	GO Process	GO:0007560	Imaginal disc morphogenesis
Dl	7227.FBpp0083153	GO Process	GO:0008219	Cell death
Dl	7227.FBpp0083153	GO Process	GO:0008284	Positive regulation of cell population proliferation
Dl	7227.FBpp0083153	GO Process	GO:0008347	Glial cell migration
Dl	7227.FBpp0083153	GO Process	GO:0008356	Asymmetric cell division
Dl	7227.FBpp0083153	GO Process	GO:0008407	Chaeta morphogenesis
Dl	7227.FBpp0083153	GO Process	GO:0008587	Imaginal disc-derived wing margin morphogenesis
Dl	7227.FBpp0083153	GO Process	GO:0008593	Regulation of Notch signaling pathway
Dl	7227.FBpp0083153	GO Process	GO:0009653	Anatomical structure morphogenesis
Dl	7227.FBpp0083153	GO Process	GO:0009791	Post-embryonic development
Dl	7227.FBpp0083153	GO Process	GO:0009886	Post-embryonic animal morphogenesis
Dl	7227.FBpp0083153	GO Process	GO:0009887	Animal organ morphogenesis
Dl	7227.FBpp0083153	GO Process	GO:0009888	Tissue development
Dl	7227.FBpp0083153	GO Process	GO:0009952	Anterior/posterior pattern specification
Dl	7227.FBpp0083153	GO Process	GO:0009953	Dorsal/ventral pattern formation
Dl	7227.FBpp0083153	GO Process	GO:0009966	Regulation of signal transduction
Dl	7227.FBpp0083153	GO Process	GO:0009968	Negative regulation of signal transduction
Dl	7227.FBpp0083153	GO Process	GO:0009987	Cellular process
Dl	7227.FBpp0083153	GO Process	GO:0010623	Programmed cell death involved in cell development
Dl	7227.FBpp0083153	GO Process	GO:0010631	Epithelial cell migration
Dl	7227.FBpp0083153	GO Process	GO:0010646	Regulation of cell communication
Dl	7227.FBpp0083153	GO Process	GO:0010648	Negative regulation of cell communication
Dl	7227.FBpp0083153	GO Process	GO:0012501	Programmed cell death
Dl	7227.FBpp0083153	GO Process	GO:0014016	Neuroblast differentiation
Dl	7227.FBpp0083153	GO Process	GO:0014017	Neuroblast fate commitment
Dl	7227.FBpp0083153	GO Process	GO:0016043	Cellular component organization
Dl	7227.FBpp0083153	GO Process	GO:0016330	Second mitotic wave involved in compound eye morphogenesis
Dl	7227.FBpp0083153	GO Process	GO:0016477	Cell migration
Dl	7227.FBpp0083153	GO Process	GO:0019827	Stem cell population maintenance
Dl	7227.FBpp0083153	GO Process	GO:0019953	Sexual reproduction
Dl	7227.FBpp0083153	GO Process	GO:0022008	Neurogenesis
Dl	7227.FBpp0083153	GO Process	GO:0022412	Cellular process involved in reproduction in multicellular organism
Dl	7227.FBpp0083153	GO Process	GO:0022414	Reproductive process
Dl	7227.FBpp0083153	GO Process	GO:0022416	Chaeta development
Dl	7227.FBpp0083153	GO Process	GO:0022603	Regulation of anatomical structure morphogenesis
Dl	7227.FBpp0083153	GO Process	GO:0023051	Regulation of signaling
Dl	7227.FBpp0083153	GO Process	GO:0023052	Signaling
Dl	7227.FBpp0083153	GO Process	GO:0023057	Negative regulation of signaling
Dl	7227.FBpp0083153	GO Process	GO:0030029	Actin filament-based process
Dl	7227.FBpp0083153	GO Process	GO:0030036	Actin cytoskeleton organization
Dl	7227.FBpp0083153	GO Process	GO:0030154	Cell differentiation
Dl	7227.FBpp0083153	GO Process	GO:0030182	Neuron differentiation
Dl	7227.FBpp0083153	GO Process	GO:0030707	Follicle cell of egg chamber development
Dl	7227.FBpp0083153	GO Process	GO:0030713	Follicle cell of egg chamber stalk formation
Dl	7227.FBpp0083153	GO Process	GO:0030718	Germ-line stem cell population maintenance
Dl	7227.FBpp0083153	GO Process	GO:0030720	Oocyte localization involved in germarium-derived egg chamber formation
Dl	7227.FBpp0083153	GO Process	GO:0030855	Epithelial cell differentiation
Dl	7227.FBpp0083153	GO Process	GO:0032501	Multicellular organismal process
Dl	7227.FBpp0083153	GO Process	GO:0032502	Developmental process
Dl	7227.FBpp0083153	GO Process	GO:0035107	Appendage morphogenesis
Dl	7227.FBpp0083153	GO Process	GO:0035114	Imaginal disc-derived appendage morphogenesis
Dl	7227.FBpp0083153	GO Process	GO:0035120	Post-embryonic appendage morphogenesis
Dl	7227.FBpp0083153	GO Process	GO:0035214	Eye-antennal disc development
Dl	7227.FBpp0083153	GO Process	GO:0035218	Leg disc development
Dl	7227.FBpp0083153	GO Process	GO:0035220	Wing disc development
Dl	7227.FBpp0083153	GO Process	GO:0035222	Wing disc pattern formation
Dl	7227.FBpp0083153	GO Process	GO:0035282	Segmentation
Dl	7227.FBpp0083153	GO Process	GO:0035285	Appendage segmentation
Dl	7227.FBpp0083153	GO Process	GO:0036011	Imaginal disc-derived leg segmentation
Dl	7227.FBpp0083153	GO Process	GO:0042051	Compound eye photoreceptor development
Dl	7227.FBpp0083153	GO Process	GO:0042063	Gliogenesis
Dl	7227.FBpp0083153	GO Process	GO:0042127	Regulation of cell population proliferation
Dl	7227.FBpp0083153	GO Process	GO:0042461	Photoreceptor cell development
Dl	7227.FBpp0083153	GO Process	GO:0042462	Eye photoreceptor cell development
Dl	7227.FBpp0083153	GO Process	GO:0045165	Cell fate commitment
Dl	7227.FBpp0083153	GO Process	GO:0045168	Cell-cell signaling involved in cell fate commitment
Dl	7227.FBpp0083153	GO Process	GO:0045466	R7 cell differentiation
Dl	7227.FBpp0083153	GO Process	GO:0045746	Negative regulation of Notch signaling pathway
Dl	7227.FBpp0083153	GO Process	GO:0045787	Positive regulation of cell cycle
Dl	7227.FBpp0083153	GO Process	GO:0045931	Positive regulation of mitotic cell cycle
Dl	7227.FBpp0083153	GO Process	GO:0046331	Lateral inhibition
Dl	7227.FBpp0083153	GO Process	GO:0046530	Photoreceptor cell differentiation
Dl	7227.FBpp0083153	GO Process	GO:0046666	Retinal cell programmed cell death
Dl	7227.FBpp0083153	GO Process	GO:0046667	Compound eye retinal cell programmed cell death
Dl	7227.FBpp0083153	GO Process	GO:0048056	R3/R4 cell differentiation
Dl	7227.FBpp0083153	GO Process	GO:0048100	Wing disc anterior/posterior pattern formation
Dl	7227.FBpp0083153	GO Process	GO:0048190	Wing disc dorsal/ventral pattern formation
Dl	7227.FBpp0083153	GO Process	GO:0048468	Cell development
Dl	7227.FBpp0083153	GO Process	GO:0048477	Oogenesis
Dl	7227.FBpp0083153	GO Process	GO:0048513	Animal organ development
Dl	7227.FBpp0083153	GO Process	GO:0048518	Positive regulation of biological process
Dl	7227.FBpp0083153	GO Process	GO:0048519	Negative regulation of biological process
Dl	7227.FBpp0083153	GO Process	GO:0048522	Positive regulation of cellular process
Dl	7227.FBpp0083153	GO Process	GO:0048523	Negative regulation of cellular process
Dl	7227.FBpp0083153	GO Process	GO:0048583	Regulation of response to stimulus
Dl	7227.FBpp0083153	GO Process	GO:0048585	Negative regulation of response to stimulus
Dl	7227.FBpp0083153	GO Process	GO:0048592	Eye morphogenesis
Dl	7227.FBpp0083153	GO Process	GO:0048609	Multicellular organismal reproductive process
Dl	7227.FBpp0083153	GO Process	GO:0048646	Anatomical structure formation involved in morphogenesis
Dl	7227.FBpp0083153	GO Process	GO:0048663	Neuron fate commitment
Dl	7227.FBpp0083153	GO Process	GO:0048665	Neuron fate specification
Dl	7227.FBpp0083153	GO Process	GO:0048666	Neuron development
Dl	7227.FBpp0083153	GO Process	GO:0048699	Generation of neurons
Dl	7227.FBpp0083153	GO Process	GO:0048707	Instar larval or pupal morphogenesis
Dl	7227.FBpp0083153	GO Process	GO:0048731	System development
Dl	7227.FBpp0083153	GO Process	GO:0048736	Appendage development
Dl	7227.FBpp0083153	GO Process	GO:0048737	Imaginal disc-derived appendage development
Dl	7227.FBpp0083153	GO Process	GO:0048749	Compound eye development
Dl	7227.FBpp0083153	GO Process	GO:0048800	Antennal morphogenesis
Dl	7227.FBpp0083153	GO Process	GO:0048856	Anatomical structure development
Dl	7227.FBpp0083153	GO Process	GO:0048863	Stem cell differentiation
Dl	7227.FBpp0083153	GO Process	GO:0048869	Cellular developmental process
Dl	7227.FBpp0083153	GO Process	GO:0048870	Cell motility
Dl	7227.FBpp0083153	GO Process	GO:0048880	Sensory system development
Dl	7227.FBpp0083153	GO Process	GO:0050789	Regulation of biological process
Dl	7227.FBpp0083153	GO Process	GO:0050793	Regulation of developmental process
Dl	7227.FBpp0083153	GO Process	GO:0050794	Regulation of cellular process
Dl	7227.FBpp0083153	GO Process	GO:0050896	Response to stimulus
Dl	7227.FBpp0083153	GO Process	GO:0051179	Localization
Dl	7227.FBpp0083153	GO Process	GO:0051301	Cell division
Dl	7227.FBpp0083153	GO Process	GO:0051674	Localization of cell
Dl	7227.FBpp0083153	GO Process	GO:0051716	Cellular response to stimulus
Dl	7227.FBpp0083153	GO Process	GO:0051726	Regulation of cell cycle
Dl	7227.FBpp0083153	GO Process	GO:0060429	Epithelium development
Dl	7227.FBpp0083153	GO Process	GO:0065007	Biological regulation
Dl	7227.FBpp0083153	GO Process	GO:0071840	Cellular component organization or biogenesis
Dl	7227.FBpp0083153	GO Process	GO:0090130	Tissue migration
Dl	7227.FBpp0083153	GO Process	GO:0090132	Epithelium migration
Dl	7227.FBpp0083153	GO Process	GO:0090175	Regulation of establishment of planar polarity
Dl	7227.FBpp0083153	GO Process	GO:0090596	Sensory organ morphogenesis
Dl	7227.FBpp0083153	GO Process	GO:0097435	Supramolecular fiber organization
Dl	7227.FBpp0083153	GO Process	GO:0098727	Maintenance of cell number
Dl	7227.FBpp0083153	GO Process	GO:0150063	Visual system development
Dl	7227.FBpp0083153	GO Process	GO:2000027	Regulation of animal organ morphogenesis
Dl	7227.FBpp0083153	GO Function	GO:0005102	Signaling receptor binding
Dl	7227.FBpp0083153	GO Function	GO:0005112	Notch binding
Dl	7227.FBpp0083153	GO Function	GO:0005488	Binding
Dl	7227.FBpp0083153	GO Function	GO:0005509	Calcium ion binding
Dl	7227.FBpp0083153	GO Function	GO:0005515	Protein binding
Dl	7227.FBpp0083153	GO Function	GO:0008289	Lipid binding
Dl	7227.FBpp0083153	GO Function	GO:0030545	Signaling receptor regulator activity
Dl	7227.FBpp0083153	GO Function	GO:0030546	Signaling receptor activator activity
Dl	7227.FBpp0083153	GO Function	GO:0036094	Small molecule binding
Dl	7227.FBpp0083153	GO Function	GO:0043167	Ion binding
Dl	7227.FBpp0083153	GO Function	GO:0043169	Cation binding
Dl	7227.FBpp0083153	GO Function	GO:0043208	Glycosphingolipid binding
Dl	7227.FBpp0083153	GO Function	GO:0046625	Sphingolipid binding
Dl	7227.FBpp0083153	GO Function	GO:0046872	Metal ion binding
Dl	7227.FBpp0083153	GO Function	GO:0048018	Receptor ligand activity
Dl	7227.FBpp0083153	GO Function	GO:0051861	Glycolipid binding
Dl	7227.FBpp0083153	GO Function	GO:0097367	Carbohydrate derivative binding
Dl	7227.FBpp0083153	GO Function	GO:0098772	Molecular function regulator activity
Dl	7227.FBpp0083153	GO Function	GO:0140677	Molecular function activator activity
Dl	7227.FBpp0083153	GO Component	GO:0005622	Intracellular anatomical structure
Dl	7227.FBpp0083153	GO Component	GO:0005737	Cytoplasm
Dl	7227.FBpp0083153	GO Component	GO:0005768	Endosome
Dl	7227.FBpp0083153	GO Component	GO:0005769	Early endosome
Dl	7227.FBpp0083153	GO Component	GO:0005886	Plasma membrane
Dl	7227.FBpp0083153	GO Component	GO:0005938	Cell cortex
Dl	7227.FBpp0083153	GO Component	GO:0009986	Cell surface
Dl	7227.FBpp0083153	GO Component	GO:0012505	Endomembrane system
Dl	7227.FBpp0083153	GO Component	GO:0016020	Membrane
Dl	7227.FBpp0083153	GO Component	GO:0030139	Endocytic vesicle
Dl	7227.FBpp0083153	GO Component	GO:0031410	Cytoplasmic vesicle
Dl	7227.FBpp0083153	GO Component	GO:0031982	Vesicle
Dl	7227.FBpp0083153	GO Component	GO:0043226	Organelle
Dl	7227.FBpp0083153	GO Component	GO:0043227	Membrane-bounded organelle
Dl	7227.FBpp0083153	GO Component	GO:0043229	Intracellular organelle
Dl	7227.FBpp0083153	GO Component	GO:0043231	Intracellular membrane-bounded organelle
Dl	7227.FBpp0083153	GO Component	GO:0045177	Apical part of cell
Dl	7227.FBpp0083153	GO Component	GO:0045179	Apical cortex
Dl	7227.FBpp0083153	GO Component	GO:0071944	Cell periphery
Dl	7227.FBpp0083153	GO Component	GO:0097708	Intracellular vesicle
Dl	7227.FBpp0083153	GO Component	GO:0099568	Cytoplasmic region
Dl	7227.FBpp0083153	GO Component	GO:0099738	Cell cortex region
Dl	7227.FBpp0083153	GO Component	GO:0110165	Cellular anatomical structure
Dl	7227.FBpp0083153	STRING clusters	CL:11608	DNA-binding transcription factor activity, RNA polymerase II-specific, and Notch signaling pathway
Dl	7227.FBpp0083153	STRING clusters	CL:11908	Notch signaling pathway, and Notch signaling pathway
Dl	7227.FBpp0083153	STRING clusters	CL:11955	Notch signaling pathway, and Mind bomb, SH3 repeat domain
Dl	7227.FBpp0083153	STRING clusters	CL:11957	Notch Signaling and Cell Fate Determination, and Mind bomb, SH3 repeat domain
Dl	7227.FBpp0083153	KEGG	dme04330	Notch signaling pathway
Dl	7227.FBpp0083153	Reactome	DME-157118	Signaling by NOTCH
Dl	7227.FBpp0083153	Reactome	DME-162582	Signal Transduction
Dl	7227.FBpp0083153	COMPARTMENTS	GOCC:0005622	Intracellular anatomical structure
Dl	7227.FBpp0083153	COMPARTMENTS	GOCC:0005737	Cytoplasm
Dl	7227.FBpp0083153	COMPARTMENTS	GOCC:0005768	Endosome
Dl	7227.FBpp0083153	COMPARTMENTS	GOCC:0005769	Early endosome
Dl	7227.FBpp0083153	COMPARTMENTS	GOCC:0005886	Plasma membrane
Dl	7227.FBpp0083153	COMPARTMENTS	GOCC:0005938	Cell cortex
Dl	7227.FBpp0083153	COMPARTMENTS	GOCC:0009986	Cell surface
Dl	7227.FBpp0083153	COMPARTMENTS	GOCC:0012505	Endomembrane system
Dl	7227.FBpp0083153	COMPARTMENTS	GOCC:0016020	Membrane
Dl	7227.FBpp0083153	COMPARTMENTS	GOCC:0030139	Endocytic vesicle
Dl	7227.FBpp0083153	COMPARTMENTS	GOCC:0031410	Cytoplasmic vesicle
Dl	7227.FBpp0083153	COMPARTMENTS	GOCC:0031982	Vesicle
Dl	7227.FBpp0083153	COMPARTMENTS	GOCC:0043226	Organelle
Dl	7227.FBpp0083153	COMPARTMENTS	GOCC:0043227	Membrane-bounded organelle
Dl	7227.FBpp0083153	COMPARTMENTS	GOCC:0043229	Intracellular organelle
Dl	7227.FBpp0083153	COMPARTMENTS	GOCC:0043231	Intracellular membrane-bounded organelle
Dl	7227.FBpp0083153	COMPARTMENTS	GOCC:0045177	Apical part of cell
Dl	7227.FBpp0083153	COMPARTMENTS	GOCC:0045179	Apical cortex
Dl	7227.FBpp0083153	COMPARTMENTS	GOCC:0071944	Cell periphery
Dl	7227.FBpp0083153	COMPARTMENTS	GOCC:0097708	Intracellular vesicle
Dl	7227.FBpp0083153	COMPARTMENTS	GOCC:0099568	Cytoplasmic region
Dl	7227.FBpp0083153	COMPARTMENTS	GOCC:0099738	Cell cortex region
Dl	7227.FBpp0083153	COMPARTMENTS	GOCC:0110165	Cellular anatomical structure
Dl	7227.FBpp0083153	Monarch	FBcv:0000349	Viable
Dl	7227.FBpp0083153	Monarch	FBcv:0000351	Lethal
Dl	7227.FBpp0083153	Monarch	FBcv:0000352	Partially lethal - majority die
Dl	7227.FBpp0083153	Monarch	FBcv:0000354	Visible
Dl	7227.FBpp0083153	Monarch	FBcv:0000356	Abnormal body color
Dl	7227.FBpp0083153	Monarch	FBcv:0000357	Abnormal size
Dl	7227.FBpp0083153	Monarch	FBcv:0000359	Decreased cell number
Dl	7227.FBpp0083153	Monarch	FBcv:0000362	Increased cell number
Dl	7227.FBpp0083153	Monarch	FBcv:0000364	Sterile
Dl	7227.FBpp0083153	Monarch	FBcv:0000366	Female sterile
Dl	7227.FBpp0083153	Monarch	FBcv:0000385	Short lived
Dl	7227.FBpp0083153	Monarch	FBcv:0000386	Long lived
Dl	7227.FBpp0083153	Monarch	FBcv:0000393	Abnormal pain response
Dl	7227.FBpp0083153	Monarch	FBcv:0000408	Abnormal stress response
Dl	7227.FBpp0083153	Monarch	FBcv:0000417	Abnormal flight
Dl	7227.FBpp0083153	Monarch	FBcv:0000429	Abnormal cell shape
Dl	7227.FBpp0083153	Monarch	FBcv:0000435	Abnormal neuroanatomy
Dl	7227.FBpp0083153	Monarch	FBcv:0000444	Hyperplasia
Dl	7227.FBpp0083153	Monarch	FBcv:0000449	Abnormal planar polarity
Dl	7227.FBpp0083153	Monarch	FBcv:0000709	Abnormal cell number
Dl	7227.FBpp0083153	Monarch	FBcv:0000723	Neoplasia
Dl	7227.FBpp0083153	Monarch	FBcv:0002000	Lethal - all die before end of P-stage
Dl	7227.FBpp0083153	Monarch	FBcv:0002001	Lethal - all die before end of first instar larval stage
Dl	7227.FBpp0083153	Monarch	FBcv:0002002	Lethal - all die before end of larval stage
Dl	7227.FBpp0083153	Monarch	FBcv:0002003	Lethal - all die before end of second instar larval stage
Dl	7227.FBpp0083153	Monarch	FBcv:0002004	Increased mortality
Dl	7227.FBpp0083153	Monarch	FBcv:0002005	Lethal - all die during P-stage
Dl	7227.FBpp0083153	Monarch	FBcv:0002010	Majority die during P-stage
Dl	7227.FBpp0083153	Monarch	FBcv:0002015	Partially lethal
Dl	7227.FBpp0083153	Monarch	FBcv:0002019	Increased mortality during development
Dl	7227.FBpp0083153	Monarch	FBcv:0002020	Some die during P-stage
Dl	7227.FBpp0083153	Monarch	FBcv:0002026	Lethal - all die before end of prepupal stage
Dl	7227.FBpp0083153	Monarch	FBcv:0002027	Lethal - all die before end of pupal stage
Dl	7227.FBpp0083153	Monarch	FBcv:0002033	Lethal - all die during embryonic stage
Dl	7227.FBpp0083153	Monarch	FBcv:0002037	Majority die during embryonic stage
Dl	7227.FBpp0083153	Monarch	FBcv:0002038	Some die during pharate adult stage
Dl	7227.FBpp0083153	Monarch	FBcv:0002039	Some die during pupal stage
Dl	7227.FBpp0083153	Monarch	FBcv:0002041	Some die during embryonic stage
Dl	7227.FBpp0083153	UniProt Keywords	KW-0217	Developmental protein
Dl	7227.FBpp0083153	UniProt Keywords	KW-0221	Differentiation
Dl	7227.FBpp0083153	UniProt Keywords	KW-0245	EGF-like domain
Dl	7227.FBpp0083153	UniProt Keywords	KW-0325	Glycoprotein
Dl	7227.FBpp0083153	UniProt Keywords	KW-0472	Membrane
Dl	7227.FBpp0083153	UniProt Keywords	KW-0524	Neurogenesis
Dl	7227.FBpp0083153	UniProt Keywords	KW-0597	Phosphoprotein
Dl	7227.FBpp0083153	UniProt Keywords	KW-0677	Repeat
Dl	7227.FBpp0083153	UniProt Keywords	KW-0732	Signal
Dl	7227.FBpp0083153	UniProt Keywords	KW-0812	Transmembrane
Dl	7227.FBpp0083153	UniProt Keywords	KW-0832	Ubl conjugation
Dl	7227.FBpp0083153	UniProt Keywords	KW-0914	Notch signaling pathway
Dl	7227.FBpp0083153	UniProt Keywords	KW-1015	Disulfide bond
Dl	7227.FBpp0083153	UniProt Keywords	KW-1133	Transmembrane helix
Dl	7227.FBpp0083153	Pfam	PF07657	N terminus of Notch ligand C2-like domain
Dl	7227.FBpp0083153	InterPro	IPR000152	EGF-type aspartate/asparagine hydroxylation site
Dl	7227.FBpp0083153	InterPro	IPR000742	EGF-like domain
Dl	7227.FBpp0083153	InterPro	IPR001774	Delta/Serrate/lag-2 (DSL) protein
Dl	7227.FBpp0083153	InterPro	IPR001881	EGF-like calcium-binding domain
Dl	7227.FBpp0083153	InterPro	IPR009030	Growth factor receptor cysteine-rich domain superfamily
Dl	7227.FBpp0083153	InterPro	IPR011651	Notch ligand, N-terminal domain
Dl	7227.FBpp0083153	InterPro	IPR013032	EGF-like, conserved site
Dl	7227.FBpp0083153	InterPro	IPR018097	EGF-like calcium-binding, conserved site
Dl	7227.FBpp0083153	InterPro	IPR051022	Notch Signaling and Cell Fate Determination
Dl	7227.FBpp0083153	SMART	SM00051	Delta serrate ligand
Dl	7227.FBpp0083153	SMART	SM00179	Calcium-binding EGF-like domain
Dl	7227.FBpp0083153	SMART	SM00181	Epidermal growth factor-like domain.
Drp1	7227.FBpp0307166	GO Process	GO:0000266	Mitochondrial fission
Drp1	7227.FBpp0307166	GO Process	GO:0001703	Gastrulation with mouth forming first
Drp1	7227.FBpp0307166	GO Process	GO:0002164	Larval development
Drp1	7227.FBpp0307166	GO Process	GO:0002376	Immune system process
Drp1	7227.FBpp0307166	GO Process	GO:0002520	Immune system development
Drp1	7227.FBpp0307166	GO Process	GO:0006996	Organelle organization
Drp1	7227.FBpp0307166	GO Process	GO:0007005	Mitochondrion organization
Drp1	7227.FBpp0307166	GO Process	GO:0007031	Peroxisome organization
Drp1	7227.FBpp0307166	GO Process	GO:0007275	Multicellular organism development
Drp1	7227.FBpp0307166	GO Process	GO:0007369	Gastrulation
Drp1	7227.FBpp0307166	GO Process	GO:0007370	Ventral furrow formation
Drp1	7227.FBpp0307166	GO Process	GO:0009653	Anatomical structure morphogenesis
Drp1	7227.FBpp0307166	GO Process	GO:0009790	Embryo development
Drp1	7227.FBpp0307166	GO Process	GO:0009791	Post-embryonic development
Drp1	7227.FBpp0307166	GO Process	GO:0009987	Cellular process
Drp1	7227.FBpp0307166	GO Process	GO:0010004	Gastrulation involving germ band extension
Drp1	7227.FBpp0307166	GO Process	GO:0010638	Positive regulation of organelle organization
Drp1	7227.FBpp0307166	GO Process	GO:0010821	Regulation of mitochondrion organization
Drp1	7227.FBpp0307166	GO Process	GO:0016043	Cellular component organization
Drp1	7227.FBpp0307166	GO Process	GO:0016559	Peroxisome fission
Drp1	7227.FBpp0307166	GO Process	GO:0022603	Regulation of anatomical structure morphogenesis
Drp1	7227.FBpp0307166	GO Process	GO:0030097	Hemopoiesis
Drp1	7227.FBpp0307166	GO Process	GO:0030154	Cell differentiation
Drp1	7227.FBpp0307166	GO Process	GO:0030382	Sperm mitochondrion organization
Drp1	7227.FBpp0307166	GO Process	GO:0032501	Multicellular organismal process
Drp1	7227.FBpp0307166	GO Process	GO:0032502	Developmental process
Drp1	7227.FBpp0307166	GO Process	GO:0033043	Regulation of organelle organization
Drp1	7227.FBpp0307166	GO Process	GO:0035166	Post-embryonic hemopoiesis
Drp1	7227.FBpp0307166	GO Process	GO:0035167	Larval lymph gland hemopoiesis
Drp1	7227.FBpp0307166	GO Process	GO:0035168	Larval lymph gland hemocyte differentiation
Drp1	7227.FBpp0307166	GO Process	GO:0035170	Lymph gland crystal cell differentiation
Drp1	7227.FBpp0307166	GO Process	GO:0042386	Hemocyte differentiation
Drp1	7227.FBpp0307166	GO Process	GO:0042688	Crystal cell differentiation
Drp1	7227.FBpp0307166	GO Process	GO:0048285	Organelle fission
Drp1	7227.FBpp0307166	GO Process	GO:0048311	Mitochondrion distribution
Drp1	7227.FBpp0307166	GO Process	GO:0048312	Intracellular distribution of mitochondria
Drp1	7227.FBpp0307166	GO Process	GO:0048468	Cell development
Drp1	7227.FBpp0307166	GO Process	GO:0048513	Animal organ development
Drp1	7227.FBpp0307166	GO Process	GO:0048518	Positive regulation of biological process
Drp1	7227.FBpp0307166	GO Process	GO:0048522	Positive regulation of cellular process
Drp1	7227.FBpp0307166	GO Process	GO:0048534	Hematopoietic or lymphoid organ development
Drp1	7227.FBpp0307166	GO Process	GO:0048542	Lymph gland development
Drp1	7227.FBpp0307166	GO Process	GO:0048598	Embryonic morphogenesis
Drp1	7227.FBpp0307166	GO Process	GO:0048646	Anatomical structure formation involved in morphogenesis
Drp1	7227.FBpp0307166	GO Process	GO:0048731	System development
Drp1	7227.FBpp0307166	GO Process	GO:0048732	Gland development
Drp1	7227.FBpp0307166	GO Process	GO:0048856	Anatomical structure development
Drp1	7227.FBpp0307166	GO Process	GO:0048869	Cellular developmental process
Drp1	7227.FBpp0307166	GO Process	GO:0050789	Regulation of biological process
Drp1	7227.FBpp0307166	GO Process	GO:0050793	Regulation of developmental process
Drp1	7227.FBpp0307166	GO Process	GO:0050794	Regulation of cellular process
Drp1	7227.FBpp0307166	GO Process	GO:0051094	Positive regulation of developmental process
Drp1	7227.FBpp0307166	GO Process	GO:0051128	Regulation of cellular component organization
Drp1	7227.FBpp0307166	GO Process	GO:0051130	Positive regulation of cellular component organization
Drp1	7227.FBpp0307166	GO Process	GO:0051179	Localization
Drp1	7227.FBpp0307166	GO Process	GO:0051640	Organelle localization
Drp1	7227.FBpp0307166	GO Process	GO:0051646	Mitochondrion localization
Drp1	7227.FBpp0307166	GO Process	GO:0065007	Biological regulation
Drp1	7227.FBpp0307166	GO Process	GO:0071840	Cellular component organization or biogenesis
Drp1	7227.FBpp0307166	GO Process	GO:0090140	Regulation of mitochondrial fission
Drp1	7227.FBpp0307166	GO Process	GO:0090141	Positive regulation of mitochondrial fission
Drp1	7227.FBpp0307166	GO Function	GO:0000166	Nucleotide binding
Drp1	7227.FBpp0307166	GO Function	GO:0003824	Catalytic activity
Drp1	7227.FBpp0307166	GO Function	GO:0003924	GTPase activity
Drp1	7227.FBpp0307166	GO Function	GO:0005488	Binding
Drp1	7227.FBpp0307166	GO Function	GO:0005515	Protein binding
Drp1	7227.FBpp0307166	GO Function	GO:0005525	GTP binding
Drp1	7227.FBpp0307166	GO Function	GO:0008017	Microtubule binding
Drp1	7227.FBpp0307166	GO Function	GO:0008092	Cytoskeletal protein binding
Drp1	7227.FBpp0307166	GO Function	GO:0008289	Lipid binding
Drp1	7227.FBpp0307166	GO Function	GO:0015631	Tubulin binding
Drp1	7227.FBpp0307166	GO Function	GO:0016462	Pyrophosphatase activity
Drp1	7227.FBpp0307166	GO Function	GO:0016787	Hydrolase activity
Drp1	7227.FBpp0307166	GO Function	GO:0016817	Hydrolase activity, acting on acid anhydrides
Drp1	7227.FBpp0307166	GO Function	GO:0016818	Hydrolase activity, acting on acid anhydrides, in phosphorus-containing anhydrides
Drp1	7227.FBpp0307166	GO Function	GO:0017076	Purine nucleotide binding
Drp1	7227.FBpp0307166	GO Function	GO:0017111	Ribonucleoside triphosphate phosphatase activity
Drp1	7227.FBpp0307166	GO Function	GO:0019001	Guanyl nucleotide binding
Drp1	7227.FBpp0307166	GO Function	GO:0032553	Ribonucleotide binding
Drp1	7227.FBpp0307166	GO Function	GO:0032555	Purine ribonucleotide binding
Drp1	7227.FBpp0307166	GO Function	GO:0032561	Guanyl ribonucleotide binding
Drp1	7227.FBpp0307166	GO Function	GO:0035639	Purine ribonucleoside triphosphate binding
Drp1	7227.FBpp0307166	GO Function	GO:0036094	Small molecule binding
Drp1	7227.FBpp0307166	GO Function	GO:0043167	Ion binding
Drp1	7227.FBpp0307166	GO Function	GO:0043168	Anion binding
Drp1	7227.FBpp0307166	GO Function	GO:0097367	Carbohydrate derivative binding
Drp1	7227.FBpp0307166	GO Function	GO:1901265	Nucleoside phosphate binding
Drp1	7227.FBpp0307166	GO Function	GO:1901363	Heterocyclic compound binding
Drp1	7227.FBpp0307166	GO Component	GO:0005622	Intracellular anatomical structure
Drp1	7227.FBpp0307166	GO Component	GO:0005737	Cytoplasm
Drp1	7227.FBpp0307166	GO Component	GO:0005739	Mitochondrion
Drp1	7227.FBpp0307166	GO Component	GO:0005740	Mitochondrial envelope
Drp1	7227.FBpp0307166	GO Component	GO:0005741	Mitochondrial outer membrane
Drp1	7227.FBpp0307166	GO Component	GO:0005829	Cytosol
Drp1	7227.FBpp0307166	GO Component	GO:0005856	Cytoskeleton
Drp1	7227.FBpp0307166	GO Component	GO:0005874	Microtubule
Drp1	7227.FBpp0307166	GO Component	GO:0015630	Microtubule cytoskeleton
Drp1	7227.FBpp0307166	GO Component	GO:0016020	Membrane
Drp1	7227.FBpp0307166	GO Component	GO:0019867	Outer membrane
Drp1	7227.FBpp0307166	GO Component	GO:0031090	Organelle membrane
Drp1	7227.FBpp0307166	GO Component	GO:0031966	Mitochondrial membrane
Drp1	7227.FBpp0307166	GO Component	GO:0031967	Organelle envelope
Drp1	7227.FBpp0307166	GO Component	GO:0031968	Organelle outer membrane
Drp1	7227.FBpp0307166	GO Component	GO:0043226	Organelle
Drp1	7227.FBpp0307166	GO Component	GO:0043227	Membrane-bounded organelle
Drp1	7227.FBpp0307166	GO Component	GO:0043228	Membraneless organelle
Drp1	7227.FBpp0307166	GO Component	GO:0043229	Intracellular organelle
Drp1	7227.FBpp0307166	GO Component	GO:0043231	Intracellular membrane-bounded organelle
Drp1	7227.FBpp0307166	GO Component	GO:0043232	Intracellular membraneless organelle
Drp1	7227.FBpp0307166	GO Component	GO:0098588	Bounding membrane of organelle
Drp1	7227.FBpp0307166	GO Component	GO:0099080	Supramolecular complex
Drp1	7227.FBpp0307166	GO Component	GO:0099081	Supramolecular polymer
Drp1	7227.FBpp0307166	GO Component	GO:0099512	Supramolecular fiber
Drp1	7227.FBpp0307166	GO Component	GO:0099513	Polymeric cytoskeletal fiber
Drp1	7227.FBpp0307166	GO Component	GO:0110165	Cellular anatomical structure
Drp1	7227.FBpp0307166	STRING clusters	CL:13678	Mixed, incl. Autophagy - animal, and Metallopeptidase, catalytic domain superfamily
Drp1	7227.FBpp0307166	STRING clusters	CL:13679	Mixed, incl. Autophagy - animal, and Apoptosis - multiple species
Drp1	7227.FBpp0307166	STRING clusters	CL:13680	Mixed, incl. Autophagy - animal, and Apoptosis - multiple species
Drp1	7227.FBpp0307166	STRING clusters	CL:13802	Mixed, incl. Apoptosis - multiple species, and Positive regulation of mitochondrial fission
Drp1	7227.FBpp0307166	STRING clusters	CL:13803	Mixed, incl. Positive regulation of mitochondrial fission, and Mitochondrial fusion
Drp1	7227.FBpp0307166	STRING clusters	CL:13805	Mixed, incl. Regulation of mitochondrial fusion, and Bcl2-like
Drp1	7227.FBpp0307166	STRING clusters	CL:13807	Regulation of mitochondrial fusion, and Bcl2-like
Drp1	7227.FBpp0307166	KEGG	dme04214	Apoptosis - fly
Drp1	7227.FBpp0307166	Reactome	DME-109581	Apoptosis
Drp1	7227.FBpp0307166	Reactome	DME-5357801	Programmed Cell Death
Drp1	7227.FBpp0307166	Reactome	DME-75153	Apoptotic execution phase
Drp1	7227.FBpp0307166	COMPARTMENTS	GOCC:0005622	Intracellular anatomical structure
Drp1	7227.FBpp0307166	COMPARTMENTS	GOCC:0005737	Cytoplasm
Drp1	7227.FBpp0307166	COMPARTMENTS	GOCC:0005739	Mitochondrion
Drp1	7227.FBpp0307166	COMPARTMENTS	GOCC:0043226	Organelle
Drp1	7227.FBpp0307166	COMPARTMENTS	GOCC:0043227	Membrane-bounded organelle
Drp1	7227.FBpp0307166	COMPARTMENTS	GOCC:0043229	Intracellular organelle
Drp1	7227.FBpp0307166	COMPARTMENTS	GOCC:0043231	Intracellular membrane-bounded organelle
Drp1	7227.FBpp0307166	COMPARTMENTS	GOCC:0110165	Cellular anatomical structure
Drp1	7227.FBpp0307166	Monarch	FBcv:0000349	Viable
Drp1	7227.FBpp0307166	Monarch	FBcv:0000351	Lethal
Drp1	7227.FBpp0307166	Monarch	FBcv:0000354	Visible
Drp1	7227.FBpp0307166	Monarch	FBcv:0000357	Abnormal size
Drp1	7227.FBpp0307166	Monarch	FBcv:0000363	Increased cell size
Drp1	7227.FBpp0307166	Monarch	FBcv:0000428	Abnormal cell size
Drp1	7227.FBpp0307166	Monarch	FBcv:0000434	Abnormal neurophysiology
Drp1	7227.FBpp0307166	Monarch	FBcv:0000435	Abnormal neuroanatomy
Drp1	7227.FBpp0307166	Monarch	FBcv:0000439	Chemical resistant
Drp1	7227.FBpp0307166	Monarch	FBcv:0000440	Chemical sensitive
Drp1	7227.FBpp0307166	Monarch	FBcv:0002000	Lethal - all die before end of P-stage
Drp1	7227.FBpp0307166	Monarch	FBcv:0002001	Lethal - all die before end of first instar larval stage
Drp1	7227.FBpp0307166	Monarch	FBcv:0002002	Lethal - all die before end of larval stage
Drp1	7227.FBpp0307166	Monarch	FBcv:0002003	Lethal - all die before end of second instar larval stage
Drp1	7227.FBpp0307166	Monarch	FBcv:0002004	Increased mortality
Drp1	7227.FBpp0307166	Monarch	FBcv:0002019	Increased mortality during development
Drp1	7227.FBpp0307166	Monarch	FBcv:0002026	Lethal - all die before end of prepupal stage
Drp1	7227.FBpp0307166	Monarch	FBcv:0002027	Lethal - all die before end of pupal stage
Drp1	7227.FBpp0307166	Monarch	FBcv:0002033	Lethal - all die during embryonic stage
Drp1	7227.FBpp0307166	Monarch	FBcv:0002037	Majority die during embryonic stage
Drp1	7227.FBpp0307166	Monarch	FBcv:0002041	Some die during embryonic stage
Drp1	7227.FBpp0307166	UniProt Keywords	KW-0342	GTP-binding
Drp1	7227.FBpp0307166	UniProt Keywords	KW-0378	Hydrolase
Drp1	7227.FBpp0307166	UniProt Keywords	KW-0446	Lipid-binding
Drp1	7227.FBpp0307166	UniProt Keywords	KW-0472	Membrane
Drp1	7227.FBpp0307166	UniProt Keywords	KW-0496	Mitochondrion
Drp1	7227.FBpp0307166	UniProt Keywords	KW-0547	Nucleotide-binding
Drp1	7227.FBpp0307166	UniProt Keywords	KW-0963	Cytoplasm
Drp1	7227.FBpp0307166	UniProt Keywords	KW-1000	Mitochondrion outer membrane
Drp1	7227.FBpp0307166	InterPro	IPR000375	Dynamin stalk domain
Drp1	7227.FBpp0307166	InterPro	IPR001401	Dynamin, GTPase domain
Drp1	7227.FBpp0307166	InterPro	IPR003130	Dynamin GTPase effector
Drp1	7227.FBpp0307166	InterPro	IPR019762	Dynamin, GTPase region, conserved site
Drp1	7227.FBpp0307166	InterPro	IPR020850	GTPase effector domain
Drp1	7227.FBpp0307166	InterPro	IPR022812	Dynamin
Drp1	7227.FBpp0307166	InterPro	IPR027417	P-loop containing nucleoside triphosphate hydrolase
Drp1	7227.FBpp0307166	InterPro	IPR030381	Dynamin-type guanine nucleotide-binding (G) domain
Drp1	7227.FBpp0307166	InterPro	IPR045063	Dynamin, N-terminal
Drp1	7227.FBpp0307166	SMART	SM00053	Dynamin, GTPase
Drp1	7227.FBpp0307166	SMART	SM00302	Dynamin GTPase effector domain
Dscam1	7227.FBpp0297683	GO Process	GO:0000902	Cell morphogenesis
Dscam1	7227.FBpp0297683	GO Process	GO:0002237	Response to molecule of bacterial origin
Dscam1	7227.FBpp0297683	GO Process	GO:0003008	System process
Dscam1	7227.FBpp0297683	GO Process	GO:0006810	Transport
Dscam1	7227.FBpp0297683	GO Process	GO:0006897	Endocytosis
Dscam1	7227.FBpp0297683	GO Process	GO:0006909	Phagocytosis
Dscam1	7227.FBpp0297683	GO Process	GO:0007155	Cell adhesion
Dscam1	7227.FBpp0297683	GO Process	GO:0007275	Multicellular organism development
Dscam1	7227.FBpp0297683	GO Process	GO:0007399	Nervous system development
Dscam1	7227.FBpp0297683	GO Process	GO:0007409	Axonogenesis
Dscam1	7227.FBpp0297683	GO Process	GO:0007411	Axon guidance
Dscam1	7227.FBpp0297683	GO Process	GO:0007413	Axonal fasciculation
Dscam1	7227.FBpp0297683	GO Process	GO:0007417	Central nervous system development
Dscam1	7227.FBpp0297683	GO Process	GO:0007419	Ventral cord development
Dscam1	7227.FBpp0297683	GO Process	GO:0007420	Brain development
Dscam1	7227.FBpp0297683	GO Process	GO:0007422	Peripheral nervous system development
Dscam1	7227.FBpp0297683	GO Process	GO:0007600	Sensory perception
Dscam1	7227.FBpp0297683	GO Process	GO:0008037	Cell recognition
Dscam1	7227.FBpp0297683	GO Process	GO:0008038	Neuron recognition
Dscam1	7227.FBpp0297683	GO Process	GO:0009581	Detection of external stimulus
Dscam1	7227.FBpp0297683	GO Process	GO:0009582	Detection of abiotic stimulus
Dscam1	7227.FBpp0297683	GO Process	GO:0009593	Detection of chemical stimulus
Dscam1	7227.FBpp0297683	GO Process	GO:0009595	Detection of biotic stimulus
Dscam1	7227.FBpp0297683	GO Process	GO:0009605	Response to external stimulus
Dscam1	7227.FBpp0297683	GO Process	GO:0009607	Response to biotic stimulus
Dscam1	7227.FBpp0297683	GO Process	GO:0009612	Response to mechanical stimulus
Dscam1	7227.FBpp0297683	GO Process	GO:0009617	Response to bacterium
Dscam1	7227.FBpp0297683	GO Process	GO:0009628	Response to abiotic stimulus
Dscam1	7227.FBpp0297683	GO Process	GO:0009653	Anatomical structure morphogenesis
Dscam1	7227.FBpp0297683	GO Process	GO:0009987	Cellular process
Dscam1	7227.FBpp0297683	GO Process	GO:0010975	Regulation of neuron projection development
Dscam1	7227.FBpp0297683	GO Process	GO:0016043	Cellular component organization
Dscam1	7227.FBpp0297683	GO Process	GO:0016049	Cell growth
Dscam1	7227.FBpp0297683	GO Process	GO:0016192	Vesicle-mediated transport
Dscam1	7227.FBpp0297683	GO Process	GO:0016319	Mushroom body development
Dscam1	7227.FBpp0297683	GO Process	GO:0021551	Central nervous system morphogenesis
Dscam1	7227.FBpp0297683	GO Process	GO:0022008	Neurogenesis
Dscam1	7227.FBpp0297683	GO Process	GO:0022603	Regulation of anatomical structure morphogenesis
Dscam1	7227.FBpp0297683	GO Process	GO:0030030	Cell projection organization
Dscam1	7227.FBpp0297683	GO Process	GO:0030154	Cell differentiation
Dscam1	7227.FBpp0297683	GO Process	GO:0030182	Neuron differentiation
Dscam1	7227.FBpp0297683	GO Process	GO:0031175	Neuron projection development
Dscam1	7227.FBpp0297683	GO Process	GO:0031344	Regulation of cell projection organization
Dscam1	7227.FBpp0297683	GO Process	GO:0032490	Detection of molecule of bacterial origin
Dscam1	7227.FBpp0297683	GO Process	GO:0032501	Multicellular organismal process
Dscam1	7227.FBpp0297683	GO Process	GO:0032502	Developmental process
Dscam1	7227.FBpp0297683	GO Process	GO:0040007	Growth
Dscam1	7227.FBpp0297683	GO Process	GO:0042221	Response to chemical
Dscam1	7227.FBpp0297683	GO Process	GO:0043207	Response to external biotic stimulus
Dscam1	7227.FBpp0297683	GO Process	GO:0044419	Biological process involved in interspecies interaction between organisms
Dscam1	7227.FBpp0297683	GO Process	GO:0048468	Cell development
Dscam1	7227.FBpp0297683	GO Process	GO:0048513	Animal organ development
Dscam1	7227.FBpp0297683	GO Process	GO:0048588	Developmental cell growth
Dscam1	7227.FBpp0297683	GO Process	GO:0048589	Developmental growth
Dscam1	7227.FBpp0297683	GO Process	GO:0048666	Neuron development
Dscam1	7227.FBpp0297683	GO Process	GO:0048667	Cell morphogenesis involved in neuron differentiation
Dscam1	7227.FBpp0297683	GO Process	GO:0048675	Axon extension
Dscam1	7227.FBpp0297683	GO Process	GO:0048699	Generation of neurons
Dscam1	7227.FBpp0297683	GO Process	GO:0048731	System development
Dscam1	7227.FBpp0297683	GO Process	GO:0048812	Neuron projection morphogenesis
Dscam1	7227.FBpp0297683	GO Process	GO:0048814	Regulation of dendrite morphogenesis
Dscam1	7227.FBpp0297683	GO Process	GO:0048846	Axon extension involved in axon guidance
Dscam1	7227.FBpp0297683	GO Process	GO:0048856	Anatomical structure development
Dscam1	7227.FBpp0297683	GO Process	GO:0048858	Cell projection morphogenesis
Dscam1	7227.FBpp0297683	GO Process	GO:0048869	Cellular developmental process
Dscam1	7227.FBpp0297683	GO Process	GO:0050770	Regulation of axonogenesis
Dscam1	7227.FBpp0297683	GO Process	GO:0050773	Regulation of dendrite development
Dscam1	7227.FBpp0297683	GO Process	GO:0050789	Regulation of biological process
Dscam1	7227.FBpp0297683	GO Process	GO:0050793	Regulation of developmental process
Dscam1	7227.FBpp0297683	GO Process	GO:0050794	Regulation of cellular process
Dscam1	7227.FBpp0297683	GO Process	GO:0050877	Nervous system process
Dscam1	7227.FBpp0297683	GO Process	GO:0050896	Response to stimulus
Dscam1	7227.FBpp0297683	GO Process	GO:0050906	Detection of stimulus involved in sensory perception
Dscam1	7227.FBpp0297683	GO Process	GO:0050954	Sensory perception of mechanical stimulus
Dscam1	7227.FBpp0297683	GO Process	GO:0050974	Detection of mechanical stimulus involved in sensory perception
Dscam1	7227.FBpp0297683	GO Process	GO:0050975	Sensory perception of touch
Dscam1	7227.FBpp0297683	GO Process	GO:0050976	Detection of mechanical stimulus involved in sensory perception of touch
Dscam1	7227.FBpp0297683	GO Process	GO:0050982	Detection of mechanical stimulus
Dscam1	7227.FBpp0297683	GO Process	GO:0051128	Regulation of cellular component organization
Dscam1	7227.FBpp0297683	GO Process	GO:0051179	Localization
Dscam1	7227.FBpp0297683	GO Process	GO:0051234	Establishment of localization
Dscam1	7227.FBpp0297683	GO Process	GO:0051606	Detection of stimulus
Dscam1	7227.FBpp0297683	GO Process	GO:0051707	Response to other organism
Dscam1	7227.FBpp0297683	GO Process	GO:0060322	Head development
Dscam1	7227.FBpp0297683	GO Process	GO:0060560	Developmental growth involved in morphogenesis
Dscam1	7227.FBpp0297683	GO Process	GO:0061564	Axon development
Dscam1	7227.FBpp0297683	GO Process	GO:0065007	Biological regulation
Dscam1	7227.FBpp0297683	GO Process	GO:0070593	Dendrite self-avoidance
Dscam1	7227.FBpp0297683	GO Process	GO:0071840	Cellular component organization or biogenesis
Dscam1	7227.FBpp0297683	GO Process	GO:0097485	Neuron projection guidance
Dscam1	7227.FBpp0297683	GO Process	GO:0098581	Detection of external biotic stimulus
Dscam1	7227.FBpp0297683	GO Process	GO:0098657	Import into cell
Dscam1	7227.FBpp0297683	GO Process	GO:0106030	Neuron projection fasciculation
Dscam1	7227.FBpp0297683	GO Process	GO:0120035	Regulation of plasma membrane bounded cell projection organization
Dscam1	7227.FBpp0297683	GO Process	GO:0120036	Plasma membrane bounded cell projection organization
Dscam1	7227.FBpp0297683	GO Process	GO:0120039	Plasma membrane bounded cell projection morphogenesis
Dscam1	7227.FBpp0297683	GO Process	GO:1902284	Neuron projection extension involved in neuron projection guidance
Dscam1	7227.FBpp0297683	GO Process	GO:1990138	Neuron projection extension
Dscam1	7227.FBpp0297683	GO Function	GO:0003823	Antigen binding
Dscam1	7227.FBpp0297683	GO Function	GO:0004888	Transmembrane signaling receptor activity
Dscam1	7227.FBpp0297683	GO Function	GO:0005488	Binding
Dscam1	7227.FBpp0297683	GO Function	GO:0005515	Protein binding
Dscam1	7227.FBpp0297683	GO Function	GO:0008046	Axon guidance receptor activity
Dscam1	7227.FBpp0297683	GO Function	GO:0038023	Signaling receptor activity
Dscam1	7227.FBpp0297683	GO Function	GO:0042802	Identical protein binding
Dscam1	7227.FBpp0297683	GO Function	GO:0060089	Molecular transducer activity
Dscam1	7227.FBpp0297683	GO Component	GO:0005576	Extracellular region
Dscam1	7227.FBpp0297683	GO Component	GO:0005886	Plasma membrane
Dscam1	7227.FBpp0297683	GO Component	GO:0016020	Membrane
Dscam1	7227.FBpp0297683	GO Component	GO:0030424	Axon
Dscam1	7227.FBpp0297683	GO Component	GO:0030425	Dendrite
Dscam1	7227.FBpp0297683	GO Component	GO:0036477	Somatodendritic compartment
Dscam1	7227.FBpp0297683	GO Component	GO:0042995	Cell projection
Dscam1	7227.FBpp0297683	GO Component	GO:0043005	Neuron projection
Dscam1	7227.FBpp0297683	GO Component	GO:0043025	Neuronal cell body
Dscam1	7227.FBpp0297683	GO Component	GO:0043204	Perikaryon
Dscam1	7227.FBpp0297683	GO Component	GO:0044297	Cell body
Dscam1	7227.FBpp0297683	GO Component	GO:0071944	Cell periphery
Dscam1	7227.FBpp0297683	GO Component	GO:0097447	Dendritic tree
Dscam1	7227.FBpp0297683	GO Component	GO:0110165	Cellular anatomical structure
Dscam1	7227.FBpp0297683	GO Component	GO:0120025	Plasma membrane bounded cell projection
Dscam1	7227.FBpp0297683	STRING clusters	CL:12087	Mixed, incl. Actin cytoskeleton organization, and Anchoring junction
Dscam1	7227.FBpp0297683	STRING clusters	CL:12088	Mixed, incl. Actin cytoskeleton organization, and Anchoring junction
Dscam1	7227.FBpp0297683	STRING clusters	CL:12089	Mixed, incl. Actin cytoskeleton organization, and Cell-substrate junction
Dscam1	7227.FBpp0297683	STRING clusters	CL:12349	Mixed, incl. Negative chemotaxis, and Axonal growth cone
Dscam1	7227.FBpp0297683	COMPARTMENTS	GOCC:0005886	Plasma membrane
Dscam1	7227.FBpp0297683	COMPARTMENTS	GOCC:0016020	Membrane
Dscam1	7227.FBpp0297683	COMPARTMENTS	GOCC:0030424	Axon
Dscam1	7227.FBpp0297683	COMPARTMENTS	GOCC:0030425	Dendrite
Dscam1	7227.FBpp0297683	COMPARTMENTS	GOCC:0036477	Somatodendritic compartment
Dscam1	7227.FBpp0297683	COMPARTMENTS	GOCC:0042995	Cell projection
Dscam1	7227.FBpp0297683	COMPARTMENTS	GOCC:0043005	Neuron projection
Dscam1	7227.FBpp0297683	COMPARTMENTS	GOCC:0043025	Neuronal cell body
Dscam1	7227.FBpp0297683	COMPARTMENTS	GOCC:0044297	Cell body
Dscam1	7227.FBpp0297683	COMPARTMENTS	GOCC:0071944	Cell periphery
Dscam1	7227.FBpp0297683	COMPARTMENTS	GOCC:0097447	Dendritic tree
Dscam1	7227.FBpp0297683	COMPARTMENTS	GOCC:0110165	Cellular anatomical structure
Dscam1	7227.FBpp0297683	COMPARTMENTS	GOCC:0120025	Plasma membrane bounded cell projection
Dscam1	7227.FBpp0297683	Monarch	FBcv:0000349	Viable
Dscam1	7227.FBpp0297683	Monarch	FBcv:0000351	Lethal
Dscam1	7227.FBpp0297683	Monarch	FBcv:0000354	Visible
Dscam1	7227.FBpp0297683	Monarch	FBcv:0000374	Fertile
Dscam1	7227.FBpp0297683	Monarch	FBcv:0000385	Short lived
Dscam1	7227.FBpp0297683	Monarch	FBcv:0000387	Abnormal behavior
Dscam1	7227.FBpp0297683	Monarch	FBcv:0000417	Abnormal flight
Dscam1	7227.FBpp0297683	Monarch	FBcv:0000418	Flightless
Dscam1	7227.FBpp0297683	Monarch	FBcv:0000421	Abnormal touch response
Dscam1	7227.FBpp0297683	Monarch	FBcv:0000434	Abnormal neurophysiology
Dscam1	7227.FBpp0297683	Monarch	FBcv:0000435	Abnormal neuroanatomy
Dscam1	7227.FBpp0297683	Monarch	FBcv:0002000	Lethal - all die before end of P-stage
Dscam1	7227.FBpp0297683	Monarch	FBcv:0002002	Lethal - all die before end of larval stage
Dscam1	7227.FBpp0297683	Monarch	FBcv:0002004	Increased mortality
Dscam1	7227.FBpp0297683	Monarch	FBcv:0002019	Increased mortality during development
Dscam1	7227.FBpp0297683	Monarch	FBcv:0002023	Some die during larval stage
Dscam1	7227.FBpp0297683	Monarch	FBcv:0002026	Lethal - all die before end of prepupal stage
Dscam1	7227.FBpp0297683	Monarch	FBcv:0002027	Lethal - all die before end of pupal stage
Dscam1	7227.FBpp0297683	UniProt Keywords	KW-0130	Cell adhesion
Dscam1	7227.FBpp0297683	UniProt Keywords	KW-0393	Immunoglobulin domain
Dscam1	7227.FBpp0297683	UniProt Keywords	KW-0472	Membrane
Dscam1	7227.FBpp0297683	UniProt Keywords	KW-0677	Repeat
Dscam1	7227.FBpp0297683	UniProt Keywords	KW-0732	Signal
Dscam1	7227.FBpp0297683	UniProt Keywords	KW-0812	Transmembrane
Dscam1	7227.FBpp0297683	UniProt Keywords	KW-1015	Disulfide bond
Dscam1	7227.FBpp0297683	UniProt Keywords	KW-1133	Transmembrane helix
Dscam1	7227.FBpp0297683	InterPro	IPR003598	Immunoglobulin subtype 2
Dscam1	7227.FBpp0297683	InterPro	IPR003599	Immunoglobulin domain subtype
Dscam1	7227.FBpp0297683	InterPro	IPR003961	Fibronectin type III
Dscam1	7227.FBpp0297683	InterPro	IPR007110	Immunoglobulin-like domain
Dscam1	7227.FBpp0297683	InterPro	IPR013098	Immunoglobulin I-set
Dscam1	7227.FBpp0297683	InterPro	IPR013783	Immunoglobulin-like fold
Dscam1	7227.FBpp0297683	InterPro	IPR036116	Fibronectin type III superfamily
Dscam1	7227.FBpp0297683	InterPro	IPR036179	Immunoglobulin-like domain superfamily
Dscam1	7227.FBpp0297683	InterPro	IPR056754	DSCAM/DSCAML, C-terminal domain
Dscam1	7227.FBpp0297683	SMART	SM00060	Fibronectin type 3 domain
Dscam1	7227.FBpp0297683	SMART	SM00408	Immunoglobulin C-2 Type
Dscam1	7227.FBpp0297683	SMART	SM00409	Immunoglobulin
Dscam1	7227.FBpp0297683	SMART	SM00410	Immunoglobulin like
Gcn5	7227.FBpp0075701	GO Process	GO:0006325	Chromatin organization
Gcn5	7227.FBpp0075701	GO Process	GO:0006338	Chromatin remodeling
Gcn5	7227.FBpp0075701	GO Process	GO:0006355	Regulation of DNA-templated transcription
Gcn5	7227.FBpp0075701	GO Process	GO:0006357	Regulation of transcription by RNA polymerase II
Gcn5	7227.FBpp0075701	GO Process	GO:0009889	Regulation of biosynthetic process
Gcn5	7227.FBpp0075701	GO Process	GO:0009891	Positive regulation of biosynthetic process
Gcn5	7227.FBpp0075701	GO Process	GO:0009893	Positive regulation of metabolic process
Gcn5	7227.FBpp0075701	GO Process	GO:0009987	Cellular process
Gcn5	7227.FBpp0075701	GO Process	GO:0010468	Regulation of gene expression
Gcn5	7227.FBpp0075701	GO Process	GO:0010556	Regulation of macromolecule biosynthetic process
Gcn5	7227.FBpp0075701	GO Process	GO:0010557	Positive regulation of macromolecule biosynthetic process
Gcn5	7227.FBpp0075701	GO Process	GO:0010604	Positive regulation of macromolecule metabolic process
Gcn5	7227.FBpp0075701	GO Process	GO:0016043	Cellular component organization
Gcn5	7227.FBpp0075701	GO Process	GO:0019219	Regulation of nucleobase-containing compound metabolic process
Gcn5	7227.FBpp0075701	GO Process	GO:0019222	Regulation of metabolic process
Gcn5	7227.FBpp0075701	GO Process	GO:0045893	Positive regulation of DNA-templated transcription
Gcn5	7227.FBpp0075701	GO Process	GO:0045935	Positive regulation of nucleobase-containing compound metabolic process
Gcn5	7227.FBpp0075701	GO Process	GO:0045944	Positive regulation of transcription by RNA polymerase II
Gcn5	7227.FBpp0075701	GO Process	GO:0048518	Positive regulation of biological process
Gcn5	7227.FBpp0075701	GO Process	GO:0048522	Positive regulation of cellular process
Gcn5	7227.FBpp0075701	GO Process	GO:0050789	Regulation of biological process
Gcn5	7227.FBpp0075701	GO Process	GO:0050794	Regulation of cellular process
Gcn5	7227.FBpp0075701	GO Process	GO:0051252	Regulation of RNA metabolic process
Gcn5	7227.FBpp0075701	GO Process	GO:0051254	Positive regulation of RNA metabolic process
Gcn5	7227.FBpp0075701	GO Process	GO:0060255	Regulation of macromolecule metabolic process
Gcn5	7227.FBpp0075701	GO Process	GO:0065007	Biological regulation
Gcn5	7227.FBpp0075701	GO Process	GO:0071840	Cellular component organization or biogenesis
Gcn5	7227.FBpp0075701	GO Process	GO:0080090	Regulation of primary metabolic process
Gcn5	7227.FBpp0075701	GO Process	GO:1902680	Positive regulation of RNA biosynthetic process
Gcn5	7227.FBpp0075701	GO Process	GO:2001141	Regulation of RNA biosynthetic process
Gcn5	7227.FBpp0075701	GO Function	GO:0003682	Chromatin binding
Gcn5	7227.FBpp0075701	GO Function	GO:0003824	Catalytic activity
Gcn5	7227.FBpp0075701	GO Function	GO:0004402	Histone acetyltransferase activity
Gcn5	7227.FBpp0075701	GO Function	GO:0005488	Binding
Gcn5	7227.FBpp0075701	GO Function	GO:0005515	Protein binding
Gcn5	7227.FBpp0075701	GO Function	GO:0008080	N-acetyltransferase activity
Gcn5	7227.FBpp0075701	GO Function	GO:0010484	Histone H3 acetyltransferase activity
Gcn5	7227.FBpp0075701	GO Function	GO:0010485	Histone H4 acetyltransferase activity
Gcn5	7227.FBpp0075701	GO Function	GO:0016407	Acetyltransferase activity
Gcn5	7227.FBpp0075701	GO Function	GO:0016410	N-acyltransferase activity
Gcn5	7227.FBpp0075701	GO Function	GO:0016740	Transferase activity
Gcn5	7227.FBpp0075701	GO Function	GO:0016746	Acyltransferase activity
Gcn5	7227.FBpp0075701	GO Function	GO:0016747	Acyltransferase activity, transferring groups other than amino-acyl groups
Gcn5	7227.FBpp0075701	GO Function	GO:0034212	Protein N-acetyltransferase activity
Gcn5	7227.FBpp0075701	GO Function	GO:0043992	Histone H3K9 acetyltransferase activity
Gcn5	7227.FBpp0075701	GO Function	GO:0061733	Protein-lysine-acetyltransferase activity
Gcn5	7227.FBpp0075701	GO Function	GO:0140096	Catalytic activity, acting on a protein
Gcn5	7227.FBpp0075701	GO Function	GO:0140186	Protein N-acyltransferase activity
Gcn5	7227.FBpp0075701	GO Function	GO:0140993	Histone modifying activity
Gcn5	7227.FBpp0075701	GO Component	GO:0000123	Histone acetyltransferase complex
Gcn5	7227.FBpp0075701	GO Component	GO:0000124	SAGA complex
Gcn5	7227.FBpp0075701	GO Component	GO:0000785	Chromatin
Gcn5	7227.FBpp0075701	GO Component	GO:0005622	Intracellular anatomical structure
Gcn5	7227.FBpp0075701	GO Component	GO:0005634	Nucleus
Gcn5	7227.FBpp0075701	GO Component	GO:0005694	Chromosome
Gcn5	7227.FBpp0075701	GO Component	GO:0005700	Polytene chromosome
Gcn5	7227.FBpp0075701	GO Component	GO:0005703	Polytene chromosome puff
Gcn5	7227.FBpp0075701	GO Component	GO:0005813	Centrosome
Gcn5	7227.FBpp0075701	GO Component	GO:0005815	Microtubule organizing center
Gcn5	7227.FBpp0075701	GO Component	GO:0005856	Cytoskeleton
Gcn5	7227.FBpp0075701	GO Component	GO:0015630	Microtubule cytoskeleton
Gcn5	7227.FBpp0075701	GO Component	GO:0031248	Protein acetyltransferase complex
Gcn5	7227.FBpp0075701	GO Component	GO:0032991	Protein-containing complex
Gcn5	7227.FBpp0075701	GO Component	GO:0043226	Organelle
Gcn5	7227.FBpp0075701	GO Component	GO:0043227	Membrane-bounded organelle
Gcn5	7227.FBpp0075701	GO Component	GO:0043228	Membraneless organelle
Gcn5	7227.FBpp0075701	GO Component	GO:0043229	Intracellular organelle
Gcn5	7227.FBpp0075701	GO Component	GO:0043231	Intracellular membrane-bounded organelle
Gcn5	7227.FBpp0075701	GO Component	GO:0043232	Intracellular membraneless organelle
Gcn5	7227.FBpp0075701	GO Component	GO:0070461	SAGA-type complex
Gcn5	7227.FBpp0075701	GO Component	GO:0070775	H3 histone acetyltransferase complex
Gcn5	7227.FBpp0075701	GO Component	GO:0098687	Chromosomal region
Gcn5	7227.FBpp0075701	GO Component	GO:0110165	Cellular anatomical structure
Gcn5	7227.FBpp0075701	GO Component	GO:0140535	Intracellular protein-containing complex
Gcn5	7227.FBpp0075701	GO Component	GO:0140672	ATAC complex
Gcn5	7227.FBpp0075701	GO Component	GO:1902493	Acetyltransferase complex
Gcn5	7227.FBpp0075701	GO Component	GO:1902494	Catalytic complex
Gcn5	7227.FBpp0075701	GO Component	GO:1905368	Peptidase complex
Gcn5	7227.FBpp0075701	GO Component	GO:1990234	Transferase complex
Gcn5	7227.FBpp0075701	STRING clusters	CL:5109	Mixed, incl. Transcription by RNA polymerase II, and Mediator complex
Gcn5	7227.FBpp0075701	STRING clusters	CL:5110	Mixed, incl. RNA polymerase II, holoenzyme, and Mediator complex
Gcn5	7227.FBpp0075701	STRING clusters	CL:5111	Mixed, incl. RNA polymerase II, holoenzyme, and Mediator complex
Gcn5	7227.FBpp0075701	STRING clusters	CL:5420	SAGA-type complex
Gcn5	7227.FBpp0075701	STRING clusters	CL:5422	SAGA-type complex
Gcn5	7227.FBpp0075701	STRING clusters	CL:5424	SAGA complex
Gcn5	7227.FBpp0075701	KEGG	dme03250	Viral life cycle - HIV-1
Gcn5	7227.FBpp0075701	KEGG	dme04330	Notch signaling pathway
Gcn5	7227.FBpp0075701	Reactome	DME-162582	Signal Transduction
Gcn5	7227.FBpp0075701	Reactome	DME-212436	Generic Transcription Pathway
Gcn5	7227.FBpp0075701	Reactome	DME-392499	Metabolism of proteins
Gcn5	7227.FBpp0075701	Reactome	DME-5688426	Deubiquitination
Gcn5	7227.FBpp0075701	Reactome	DME-5689880	Ub-specific processing proteases
Gcn5	7227.FBpp0075701	Reactome	DME-5689901	Metalloprotease DUBs
Gcn5	7227.FBpp0075701	Reactome	DME-597592	Post-translational protein modification
Gcn5	7227.FBpp0075701	Reactome	DME-73857	RNA Polymerase II Transcription
Gcn5	7227.FBpp0075701	Reactome	DME-74160	Gene expression (Transcription)
Gcn5	7227.FBpp0075701	Reactome	DME-8878171	Transcriptional regulation by RUNX1
Gcn5	7227.FBpp0075701	Reactome	DME-8936459	RUNX1 regulates genes involved in megakaryocyte differentiation and platelet function
Gcn5	7227.FBpp0075701	Reactome	DME-8939211	ESR-mediated signaling
Gcn5	7227.FBpp0075701	Reactome	DME-9006931	Signaling by Nuclear Receptors
Gcn5	7227.FBpp0075701	Reactome	DME-9018519	Estrogen-dependent gene expression
Gcn5	7227.FBpp0075701	Reactome	DME-9614085	FOXO-mediated transcription
Gcn5	7227.FBpp0075701	Reactome	DME-9617629	Regulation of FOXO transcriptional activity by acetylation
Gcn5	7227.FBpp0075701	COMPARTMENTS	GOCC:0000123	Histone acetyltransferase complex
Gcn5	7227.FBpp0075701	COMPARTMENTS	GOCC:0000124	SAGA complex
Gcn5	7227.FBpp0075701	COMPARTMENTS	GOCC:0000785	Chromatin
Gcn5	7227.FBpp0075701	COMPARTMENTS	GOCC:0005622	Intracellular anatomical structure
Gcn5	7227.FBpp0075701	COMPARTMENTS	GOCC:0005634	Nucleus
Gcn5	7227.FBpp0075701	COMPARTMENTS	GOCC:0005654	Nucleoplasm
Gcn5	7227.FBpp0075701	COMPARTMENTS	GOCC:0005694	Chromosome
Gcn5	7227.FBpp0075701	COMPARTMENTS	GOCC:0005700	Polytene chromosome
Gcn5	7227.FBpp0075701	COMPARTMENTS	GOCC:0005703	Polytene chromosome puff
Gcn5	7227.FBpp0075701	COMPARTMENTS	GOCC:0031974	Membrane-enclosed lumen
Gcn5	7227.FBpp0075701	COMPARTMENTS	GOCC:0031981	Nuclear lumen
Gcn5	7227.FBpp0075701	COMPARTMENTS	GOCC:0032991	Protein-containing complex
Gcn5	7227.FBpp0075701	COMPARTMENTS	GOCC:0043226	Organelle
Gcn5	7227.FBpp0075701	COMPARTMENTS	GOCC:0043227	Membrane-bounded organelle
Gcn5	7227.FBpp0075701	COMPARTMENTS	GOCC:0043228	Membraneless organelle
Gcn5	7227.FBpp0075701	COMPARTMENTS	GOCC:0043229	Intracellular organelle
Gcn5	7227.FBpp0075701	COMPARTMENTS	GOCC:0043231	Intracellular membrane-bounded organelle
Gcn5	7227.FBpp0075701	COMPARTMENTS	GOCC:0043232	Intracellular membraneless organelle
Gcn5	7227.FBpp0075701	COMPARTMENTS	GOCC:0043233	Organelle lumen
Gcn5	7227.FBpp0075701	COMPARTMENTS	GOCC:0070013	Intracellular organelle lumen
Gcn5	7227.FBpp0075701	COMPARTMENTS	GOCC:0070461	SAGA-type complex
Gcn5	7227.FBpp0075701	COMPARTMENTS	GOCC:0070775	H3 histone acetyltransferase complex
Gcn5	7227.FBpp0075701	COMPARTMENTS	GOCC:0098687	Chromosomal region
Gcn5	7227.FBpp0075701	COMPARTMENTS	GOCC:0110165	Cellular anatomical structure
Gcn5	7227.FBpp0075701	COMPARTMENTS	GOCC:0140672	ATAC complex
Gcn5	7227.FBpp0075701	COMPARTMENTS	GOCC:1905368	Peptidase complex
Gcn5	7227.FBpp0075701	Monarch	FBcv:0000349	Viable
Gcn5	7227.FBpp0075701	Monarch	FBcv:0000351	Lethal
Gcn5	7227.FBpp0075701	Monarch	FBcv:0000352	Partially lethal - majority die
Gcn5	7227.FBpp0075701	Monarch	FBcv:0000354	Visible
Gcn5	7227.FBpp0075701	Monarch	FBcv:0000357	Abnormal size
Gcn5	7227.FBpp0075701	Monarch	FBcv:0000359	Decreased cell number
Gcn5	7227.FBpp0075701	Monarch	FBcv:0000417	Abnormal flight
Gcn5	7227.FBpp0075701	Monarch	FBcv:0000418	Flightless
Gcn5	7227.FBpp0075701	Monarch	FBcv:0000424	Abnormal cell death
Gcn5	7227.FBpp0075701	Monarch	FBcv:0000425	Increased cell death
Gcn5	7227.FBpp0075701	Monarch	FBcv:0000709	Abnormal cell number
Gcn5	7227.FBpp0075701	Monarch	FBcv:0002000	Lethal - all die before end of P-stage
Gcn5	7227.FBpp0075701	Monarch	FBcv:0002002	Lethal - all die before end of larval stage
Gcn5	7227.FBpp0075701	Monarch	FBcv:0002004	Increased mortality
Gcn5	7227.FBpp0075701	Monarch	FBcv:0002015	Partially lethal
Gcn5	7227.FBpp0075701	Monarch	FBcv:0002019	Increased mortality during development
Gcn5	7227.FBpp0075701	Monarch	FBcv:0002020	Some die during P-stage
Gcn5	7227.FBpp0075701	Monarch	FBcv:0002023	Some die during larval stage
Gcn5	7227.FBpp0075701	Monarch	FBcv:0002026	Lethal - all die before end of prepupal stage
Gcn5	7227.FBpp0075701	Monarch	FBcv:0002027	Lethal - all die before end of pupal stage
Gcn5	7227.FBpp0075701	Monarch	FBcv:0002038	Some die during pharate adult stage
Gcn5	7227.FBpp0075701	Monarch	FBcv:0002039	Some die during pupal stage
Gcn5	7227.FBpp0075701	Monarch	FBcv:0002040	Some die during prepupal stage
Gcn5	7227.FBpp0075701	UniProt Keywords	KW-0010	Activator
Gcn5	7227.FBpp0075701	UniProt Keywords	KW-0012	Acyltransferase
Gcn5	7227.FBpp0075701	UniProt Keywords	KW-0103	Bromodomain
Gcn5	7227.FBpp0075701	UniProt Keywords	KW-0156	Chromatin regulator
Gcn5	7227.FBpp0075701	UniProt Keywords	KW-0206	Cytoskeleton
Gcn5	7227.FBpp0075701	UniProt Keywords	KW-0539	Nucleus
Gcn5	7227.FBpp0075701	UniProt Keywords	KW-0804	Transcription
Gcn5	7227.FBpp0075701	UniProt Keywords	KW-0805	Transcription regulation
Gcn5	7227.FBpp0075701	UniProt Keywords	KW-0808	Transferase
Gcn5	7227.FBpp0075701	UniProt Keywords	KW-0963	Cytoplasm
Gcn5	7227.FBpp0075701	Pfam	PF00583	Acetyltransferase (GNAT) family
Gcn5	7227.FBpp0075701	InterPro	IPR000182	GNAT domain
Gcn5	7227.FBpp0075701	InterPro	IPR001487	Bromodomain
Gcn5	7227.FBpp0075701	InterPro	IPR016181	Acyl-CoA N-acyltransferase
Gcn5	7227.FBpp0075701	InterPro	IPR018359	Bromodomain, conserved site
Gcn5	7227.FBpp0075701	InterPro	IPR036427	Bromodomain-like superfamily
Gcn5	7227.FBpp0075701	SMART	SM00297	Bromo domain
Hsc70-2	7227.FBpp0082175	GO Process	GO:0006457	Protein folding
Hsc70-2	7227.FBpp0082175	GO Process	GO:0006950	Response to stress
Hsc70-2	7227.FBpp0082175	GO Process	GO:0008152	Metabolic process
Hsc70-2	7227.FBpp0082175	GO Process	GO:0009058	Biosynthetic process
Hsc70-2	7227.FBpp0082175	GO Process	GO:0009059	Macromolecule biosynthetic process
Hsc70-2	7227.FBpp0082175	GO Process	GO:0009987	Cellular process
Hsc70-2	7227.FBpp0082175	GO Process	GO:0010467	Gene expression
Hsc70-2	7227.FBpp0082175	GO Process	GO:0019538	Protein metabolic process
Hsc70-2	7227.FBpp0082175	GO Process	GO:0042026	Protein refolding
Hsc70-2	7227.FBpp0082175	GO Process	GO:0043170	Macromolecule metabolic process
Hsc70-2	7227.FBpp0082175	GO Process	GO:0044238	Primary metabolic process
Hsc70-2	7227.FBpp0082175	GO Process	GO:0050896	Response to stimulus
Hsc70-2	7227.FBpp0082175	GO Process	GO:0051604	Protein maturation
Hsc70-2	7227.FBpp0082175	GO Function	GO:0000166	Nucleotide binding
Hsc70-2	7227.FBpp0082175	GO Function	GO:0003824	Catalytic activity
Hsc70-2	7227.FBpp0082175	GO Function	GO:0005488	Binding
Hsc70-2	7227.FBpp0082175	GO Function	GO:0005515	Protein binding
Hsc70-2	7227.FBpp0082175	GO Function	GO:0005524	ATP binding
Hsc70-2	7227.FBpp0082175	GO Function	GO:0016462	Pyrophosphatase activity
Hsc70-2	7227.FBpp0082175	GO Function	GO:0016787	Hydrolase activity
Hsc70-2	7227.FBpp0082175	GO Function	GO:0016817	Hydrolase activity, acting on acid anhydrides
Hsc70-2	7227.FBpp0082175	GO Function	GO:0016818	Hydrolase activity, acting on acid anhydrides, in phosphorus-containing anhydrides
Hsc70-2	7227.FBpp0082175	GO Function	GO:0016887	ATP hydrolysis activity
Hsc70-2	7227.FBpp0082175	GO Function	GO:0017076	Purine nucleotide binding
Hsc70-2	7227.FBpp0082175	GO Function	GO:0017111	Ribonucleoside triphosphate phosphatase activity
Hsc70-2	7227.FBpp0082175	GO Function	GO:0030554	Adenyl nucleotide binding
Hsc70-2	7227.FBpp0082175	GO Function	GO:0031072	Heat shock protein binding
Hsc70-2	7227.FBpp0082175	GO Function	GO:0032553	Ribonucleotide binding
Hsc70-2	7227.FBpp0082175	GO Function	GO:0032555	Purine ribonucleotide binding
Hsc70-2	7227.FBpp0082175	GO Function	GO:0032559	Adenyl ribonucleotide binding
Hsc70-2	7227.FBpp0082175	GO Function	GO:0035639	Purine ribonucleoside triphosphate binding
Hsc70-2	7227.FBpp0082175	GO Function	GO:0036094	Small molecule binding
Hsc70-2	7227.FBpp0082175	GO Function	GO:0043167	Ion binding
Hsc70-2	7227.FBpp0082175	GO Function	GO:0043168	Anion binding
Hsc70-2	7227.FBpp0082175	GO Function	GO:0044183	Protein folding chaperone
Hsc70-2	7227.FBpp0082175	GO Function	GO:0097367	Carbohydrate derivative binding
Hsc70-2	7227.FBpp0082175	GO Function	GO:0140657	ATP-dependent activity
Hsc70-2	7227.FBpp0082175	GO Function	GO:0140662	ATP-dependent protein folding chaperone
Hsc70-2	7227.FBpp0082175	GO Function	GO:1901265	Nucleoside phosphate binding
Hsc70-2	7227.FBpp0082175	GO Function	GO:1901363	Heterocyclic compound binding
Hsc70-2	7227.FBpp0082175	GO Component	GO:0005622	Intracellular anatomical structure
Hsc70-2	7227.FBpp0082175	GO Component	GO:0005634	Nucleus
Hsc70-2	7227.FBpp0082175	GO Component	GO:0005737	Cytoplasm
Hsc70-2	7227.FBpp0082175	GO Component	GO:0005829	Cytosol
Hsc70-2	7227.FBpp0082175	GO Component	GO:0005886	Plasma membrane
Hsc70-2	7227.FBpp0082175	GO Component	GO:0016020	Membrane
Hsc70-2	7227.FBpp0082175	GO Component	GO:0043226	Organelle
Hsc70-2	7227.FBpp0082175	GO Component	GO:0043227	Membrane-bounded organelle
Hsc70-2	7227.FBpp0082175	GO Component	GO:0043229	Intracellular organelle
Hsc70-2	7227.FBpp0082175	GO Component	GO:0043231	Intracellular membrane-bounded organelle
Hsc70-2	7227.FBpp0082175	GO Component	GO:0071944	Cell periphery
Hsc70-2	7227.FBpp0082175	GO Component	GO:0110165	Cellular anatomical structure
Hsc70-2	7227.FBpp0082175	STRING clusters	CL:10098	Protein folding, and Tetratricopeptide repeats
Hsc70-2	7227.FBpp0082175	STRING clusters	CL:10100	Protein folding, and Adenyl-nucleotide exchange factor activity
Hsc70-2	7227.FBpp0082175	STRING clusters	CL:10102	Mixed, incl. Protein refolding, and Adenyl-nucleotide exchange factor activity
Hsc70-2	7227.FBpp0082175	STRING clusters	CL:10103	Mixed, incl. Protein-folding chaperone binding, and MreB/Mbl protein
Hsc70-2	7227.FBpp0082175	STRING clusters	CL:10149	Mixed, incl. Positive regulation of response to oxidative stress, and GSKIP domain
Hsc70-2	7227.FBpp0082175	KEGG	dme03040	Spliceosome
Hsc70-2	7227.FBpp0082175	KEGG	dme04141	Protein processing in endoplasmic reticulum
Hsc70-2	7227.FBpp0082175	KEGG	dme04144	Endocytosis
Hsc70-2	7227.FBpp0082175	KEGG	dme04213	Longevity regulating pathway - multiple species
Hsc70-2	7227.FBpp0082175	Reactome	DME-2262752	Cellular responses to stress
Hsc70-2	7227.FBpp0082175	Reactome	DME-3371497	HSP90 chaperone cycle for steroid hormone receptors (SHR) in the presence of ligand
Hsc70-2	7227.FBpp0082175	Reactome	DME-8953897	Cellular responses to stimuli
Hsc70-2	7227.FBpp0082175	Monarch	FBcv:0000349	Viable
Hsc70-2	7227.FBpp0082175	Monarch	FBcv:0000354	Visible
Hsc70-2	7227.FBpp0082175	Monarch	FBcv:0000357	Abnormal size
Hsc70-2	7227.FBpp0082175	UniProt Keywords	KW-0067	ATP-binding
Hsc70-2	7227.FBpp0082175	UniProt Keywords	KW-0346	Stress response
Hsc70-2	7227.FBpp0082175	UniProt Keywords	KW-0547	Nucleotide-binding
Hsc70-2	7227.FBpp0082175	Pfam	PF06723	MreB/Mbl protein
Hsc70-2	7227.FBpp0082175	InterPro	IPR013126	Heat shock protein 70 family
Hsc70-2	7227.FBpp0082175	InterPro	IPR018181	Heat shock protein 70, conserved site
Hsc70-2	7227.FBpp0082175	InterPro	IPR029047	Heat shock protein 70kD, peptide-binding domain superfamily
Hsc70-2	7227.FBpp0082175	InterPro	IPR029048	Heat shock protein 70kD, C-terminal domain superfamily
Hsc70-2	7227.FBpp0082175	InterPro	IPR043129	ATPase, nucleotide binding domain
Hsc70-5	7227.FBpp0086694	GO Process	GO:0006457	Protein folding
Hsc70-5	7227.FBpp0086694	GO Process	GO:0006810	Transport
Hsc70-5	7227.FBpp0086694	GO Process	GO:0006996	Organelle organization
Hsc70-5	7227.FBpp0086694	GO Process	GO:0007005	Mitochondrion organization
Hsc70-5	7227.FBpp0086694	GO Process	GO:0008104	Intracellular protein localization
Hsc70-5	7227.FBpp0086694	GO Process	GO:0008152	Metabolic process
Hsc70-5	7227.FBpp0086694	GO Process	GO:0009058	Biosynthetic process
Hsc70-5	7227.FBpp0086694	GO Process	GO:0009059	Macromolecule biosynthetic process
Hsc70-5	7227.FBpp0086694	GO Process	GO:0009987	Cellular process
Hsc70-5	7227.FBpp0086694	GO Process	GO:0010467	Gene expression
Hsc70-5	7227.FBpp0086694	GO Process	GO:0015031	Protein transport
Hsc70-5	7227.FBpp0086694	GO Process	GO:0016043	Cellular component organization
Hsc70-5	7227.FBpp0086694	GO Process	GO:0016226	Iron-sulfur cluster assembly
Hsc70-5	7227.FBpp0086694	GO Process	GO:0019538	Protein metabolic process
Hsc70-5	7227.FBpp0086694	GO Process	GO:0022607	Cellular component assembly
Hsc70-5	7227.FBpp0086694	GO Process	GO:0030150	Protein import into mitochondrial matrix
Hsc70-5	7227.FBpp0086694	GO Process	GO:0031163	Metallo-sulfur cluster assembly
Hsc70-5	7227.FBpp0086694	GO Process	GO:0033036	Macromolecule localization
Hsc70-5	7227.FBpp0086694	GO Process	GO:0033365	Protein localization to organelle
Hsc70-5	7227.FBpp0086694	GO Process	GO:0042026	Protein refolding
Hsc70-5	7227.FBpp0086694	GO Process	GO:0042391	Regulation of membrane potential
Hsc70-5	7227.FBpp0086694	GO Process	GO:0043170	Macromolecule metabolic process
Hsc70-5	7227.FBpp0086694	GO Process	GO:0044085	Cellular component biogenesis
Hsc70-5	7227.FBpp0086694	GO Process	GO:0044238	Primary metabolic process
Hsc70-5	7227.FBpp0086694	GO Process	GO:0044571	[2Fe-2S] cluster assembly
Hsc70-5	7227.FBpp0086694	GO Process	GO:0045184	Establishment of protein localization
Hsc70-5	7227.FBpp0086694	GO Process	GO:0045838	Positive regulation of membrane potential
Hsc70-5	7227.FBpp0086694	GO Process	GO:0051179	Localization
Hsc70-5	7227.FBpp0086694	GO Process	GO:0051234	Establishment of localization
Hsc70-5	7227.FBpp0086694	GO Process	GO:0051604	Protein maturation
Hsc70-5	7227.FBpp0086694	GO Process	GO:0051881	Regulation of mitochondrial membrane potential
Hsc70-5	7227.FBpp0086694	GO Process	GO:0055085	Transmembrane transport
Hsc70-5	7227.FBpp0086694	GO Process	GO:0065007	Biological regulation
Hsc70-5	7227.FBpp0086694	GO Process	GO:0065008	Regulation of biological quality
Hsc70-5	7227.FBpp0086694	GO Process	GO:0070585	Protein localization to mitochondrion
Hsc70-5	7227.FBpp0086694	GO Process	GO:0071705	Nitrogen compound transport
Hsc70-5	7227.FBpp0086694	GO Process	GO:0071806	Protein transmembrane transport
Hsc70-5	7227.FBpp0086694	GO Process	GO:0071840	Cellular component organization or biogenesis
Hsc70-5	7227.FBpp0086694	GO Process	GO:0072594	Establishment of protein localization to organelle
Hsc70-5	7227.FBpp0086694	GO Process	GO:0072655	Establishment of protein localization to mitochondrion
Hsc70-5	7227.FBpp0086694	GO Function	GO:0000166	Nucleotide binding
Hsc70-5	7227.FBpp0086694	GO Function	GO:0003824	Catalytic activity
Hsc70-5	7227.FBpp0086694	GO Function	GO:0005215	Transporter activity
Hsc70-5	7227.FBpp0086694	GO Function	GO:0005488	Binding
Hsc70-5	7227.FBpp0086694	GO Function	GO:0005515	Protein binding
Hsc70-5	7227.FBpp0086694	GO Function	GO:0005524	ATP binding
Hsc70-5	7227.FBpp0086694	GO Function	GO:0008320	Protein transmembrane transporter activity
Hsc70-5	7227.FBpp0086694	GO Function	GO:0008566	Mitochondrial protein-transporting ATPase activity
Hsc70-5	7227.FBpp0086694	GO Function	GO:0015399	Primary active transmembrane transporter activity
Hsc70-5	7227.FBpp0086694	GO Function	GO:0015450	Protein-transporting ATPase activity
Hsc70-5	7227.FBpp0086694	GO Function	GO:0016462	Pyrophosphatase activity
Hsc70-5	7227.FBpp0086694	GO Function	GO:0016787	Hydrolase activity
Hsc70-5	7227.FBpp0086694	GO Function	GO:0016817	Hydrolase activity, acting on acid anhydrides
Hsc70-5	7227.FBpp0086694	GO Function	GO:0016818	Hydrolase activity, acting on acid anhydrides, in phosphorus-containing anhydrides
Hsc70-5	7227.FBpp0086694	GO Function	GO:0016887	ATP hydrolysis activity
Hsc70-5	7227.FBpp0086694	GO Function	GO:0017076	Purine nucleotide binding
Hsc70-5	7227.FBpp0086694	GO Function	GO:0017111	Ribonucleoside triphosphate phosphatase activity
Hsc70-5	7227.FBpp0086694	GO Function	GO:0022804	Active transmembrane transporter activity
Hsc70-5	7227.FBpp0086694	GO Function	GO:0022857	Transmembrane transporter activity
Hsc70-5	7227.FBpp0086694	GO Function	GO:0022884	Macromolecule transmembrane transporter activity
Hsc70-5	7227.FBpp0086694	GO Function	GO:0030234	Enzyme regulator activity
Hsc70-5	7227.FBpp0086694	GO Function	GO:0030554	Adenyl nucleotide binding
Hsc70-5	7227.FBpp0086694	GO Function	GO:0031072	Heat shock protein binding
Hsc70-5	7227.FBpp0086694	GO Function	GO:0032553	Ribonucleotide binding
Hsc70-5	7227.FBpp0086694	GO Function	GO:0032555	Purine ribonucleotide binding
Hsc70-5	7227.FBpp0086694	GO Function	GO:0032559	Adenyl ribonucleotide binding
Hsc70-5	7227.FBpp0086694	GO Function	GO:0035639	Purine ribonucleoside triphosphate binding
Hsc70-5	7227.FBpp0086694	GO Function	GO:0036094	Small molecule binding
Hsc70-5	7227.FBpp0086694	GO Function	GO:0042626	ATPase-coupled transmembrane transporter activity
Hsc70-5	7227.FBpp0086694	GO Function	GO:0043167	Ion binding
Hsc70-5	7227.FBpp0086694	GO Function	GO:0043168	Anion binding
Hsc70-5	7227.FBpp0086694	GO Function	GO:0044183	Protein folding chaperone
Hsc70-5	7227.FBpp0086694	GO Function	GO:0051082	Unfolded protein binding
Hsc70-5	7227.FBpp0086694	GO Function	GO:0097367	Carbohydrate derivative binding
Hsc70-5	7227.FBpp0086694	GO Function	GO:0098772	Molecular function regulator activity
Hsc70-5	7227.FBpp0086694	GO Function	GO:0140318	Protein transporter activity
Hsc70-5	7227.FBpp0086694	GO Function	GO:0140657	ATP-dependent activity
Hsc70-5	7227.FBpp0086694	GO Function	GO:0140662	ATP-dependent protein folding chaperone
Hsc70-5	7227.FBpp0086694	GO Function	GO:1901265	Nucleoside phosphate binding
Hsc70-5	7227.FBpp0086694	GO Function	GO:1901363	Heterocyclic compound binding
Hsc70-5	7227.FBpp0086694	GO Component	GO:0001405	PAM complex, Tim23 associated import motor
Hsc70-5	7227.FBpp0086694	GO Component	GO:0005622	Intracellular anatomical structure
Hsc70-5	7227.FBpp0086694	GO Component	GO:0005737	Cytoplasm
Hsc70-5	7227.FBpp0086694	GO Component	GO:0005739	Mitochondrion
Hsc70-5	7227.FBpp0086694	GO Component	GO:0005740	Mitochondrial envelope
Hsc70-5	7227.FBpp0086694	GO Component	GO:0005743	Mitochondrial inner membrane
Hsc70-5	7227.FBpp0086694	GO Component	GO:0005744	TIM23 mitochondrial import inner membrane translocase complex
Hsc70-5	7227.FBpp0086694	GO Component	GO:0005759	Mitochondrial matrix
Hsc70-5	7227.FBpp0086694	GO Component	GO:0016020	Membrane
Hsc70-5	7227.FBpp0086694	GO Component	GO:0019866	Organelle inner membrane
Hsc70-5	7227.FBpp0086694	GO Component	GO:0031090	Organelle membrane
Hsc70-5	7227.FBpp0086694	GO Component	GO:0031966	Mitochondrial membrane
Hsc70-5	7227.FBpp0086694	GO Component	GO:0031967	Organelle envelope
Hsc70-5	7227.FBpp0086694	GO Component	GO:0031974	Membrane-enclosed lumen
Hsc70-5	7227.FBpp0086694	GO Component	GO:0032991	Protein-containing complex
Hsc70-5	7227.FBpp0086694	GO Component	GO:0043226	Organelle
Hsc70-5	7227.FBpp0086694	GO Component	GO:0043227	Membrane-bounded organelle
Hsc70-5	7227.FBpp0086694	GO Component	GO:0043229	Intracellular organelle
Hsc70-5	7227.FBpp0086694	GO Component	GO:0043231	Intracellular membrane-bounded organelle
Hsc70-5	7227.FBpp0086694	GO Component	GO:0043233	Organelle lumen
Hsc70-5	7227.FBpp0086694	GO Component	GO:0070013	Intracellular organelle lumen
Hsc70-5	7227.FBpp0086694	GO Component	GO:0098796	Membrane protein complex
Hsc70-5	7227.FBpp0086694	GO Component	GO:0098798	Mitochondrial protein-containing complex
Hsc70-5	7227.FBpp0086694	GO Component	GO:0098800	Inner mitochondrial membrane protein complex
Hsc70-5	7227.FBpp0086694	GO Component	GO:0110165	Cellular anatomical structure
Hsc70-5	7227.FBpp0086694	STRING clusters	CL:2152	Protein localization to mitochondrion, and ATP-dependent peptidase activity
Hsc70-5	7227.FBpp0086694	STRING clusters	CL:2154	Protein localization to mitochondrion
Hsc70-5	7227.FBpp0086694	STRING clusters	CL:2155	Protein import into mitochondrial matrix
Hsc70-5	7227.FBpp0086694	STRING clusters	CL:2156	TIM23 mitochondrial import inner membrane translocase complex
Hsc70-5	7227.FBpp0086694	KEGG	dme03018	RNA degradation
Hsc70-5	7227.FBpp0086694	Reactome	DME-1428517	Aerobic respiration and respiratory electron transport
Hsc70-5	7227.FBpp0086694	Reactome	DME-1430728	Metabolism
Hsc70-5	7227.FBpp0086694	Reactome	DME-392499	Metabolism of proteins
Hsc70-5	7227.FBpp0086694	Reactome	DME-611105	Respiratory electron transport
Hsc70-5	7227.FBpp0086694	Reactome	DME-6799198	Complex I biogenesis
Hsc70-5	7227.FBpp0086694	Reactome	DME-9837999	Mitochondrial protein degradation
Hsc70-5	7227.FBpp0086694	Reactome	DME-9865881	Complex III assembly
Hsc70-5	7227.FBpp0086694	COMPARTMENTS	GOCC:0001405	PAM complex, Tim23 associated import motor
Hsc70-5	7227.FBpp0086694	COMPARTMENTS	GOCC:0005622	Intracellular anatomical structure
Hsc70-5	7227.FBpp0086694	COMPARTMENTS	GOCC:0005737	Cytoplasm
Hsc70-5	7227.FBpp0086694	COMPARTMENTS	GOCC:0005739	Mitochondrion
Hsc70-5	7227.FBpp0086694	COMPARTMENTS	GOCC:0005740	Mitochondrial envelope
Hsc70-5	7227.FBpp0086694	COMPARTMENTS	GOCC:0005743	Mitochondrial inner membrane
Hsc70-5	7227.FBpp0086694	COMPARTMENTS	GOCC:0005744	TIM23 mitochondrial import inner membrane translocase complex
Hsc70-5	7227.FBpp0086694	COMPARTMENTS	GOCC:0005759	Mitochondrial matrix
Hsc70-5	7227.FBpp0086694	COMPARTMENTS	GOCC:0016020	Membrane
Hsc70-5	7227.FBpp0086694	COMPARTMENTS	GOCC:0019866	Organelle inner membrane
Hsc70-5	7227.FBpp0086694	COMPARTMENTS	GOCC:0031090	Organelle membrane
Hsc70-5	7227.FBpp0086694	COMPARTMENTS	GOCC:0031966	Mitochondrial membrane
Hsc70-5	7227.FBpp0086694	COMPARTMENTS	GOCC:0031967	Organelle envelope
Hsc70-5	7227.FBpp0086694	COMPARTMENTS	GOCC:0031974	Membrane-enclosed lumen
Hsc70-5	7227.FBpp0086694	COMPARTMENTS	GOCC:0031975	Obsolete envelope
Hsc70-5	7227.FBpp0086694	COMPARTMENTS	GOCC:0032991	Protein-containing complex
Hsc70-5	7227.FBpp0086694	COMPARTMENTS	GOCC:0043226	Organelle
Hsc70-5	7227.FBpp0086694	COMPARTMENTS	GOCC:0043227	Membrane-bounded organelle
Hsc70-5	7227.FBpp0086694	COMPARTMENTS	GOCC:0043229	Intracellular organelle
Hsc70-5	7227.FBpp0086694	COMPARTMENTS	GOCC:0043231	Intracellular membrane-bounded organelle
Hsc70-5	7227.FBpp0086694	COMPARTMENTS	GOCC:0043233	Organelle lumen
Hsc70-5	7227.FBpp0086694	COMPARTMENTS	GOCC:0070013	Intracellular organelle lumen
Hsc70-5	7227.FBpp0086694	COMPARTMENTS	GOCC:0098800	Inner mitochondrial membrane protein complex
Hsc70-5	7227.FBpp0086694	COMPARTMENTS	GOCC:0110165	Cellular anatomical structure
Hsc70-5	7227.FBpp0086694	Monarch	FBcv:0000349	Viable
Hsc70-5	7227.FBpp0086694	Monarch	FBcv:0000351	Lethal
Hsc70-5	7227.FBpp0086694	Monarch	FBcv:0000354	Visible
Hsc70-5	7227.FBpp0086694	Monarch	FBcv:0000364	Sterile
Hsc70-5	7227.FBpp0086694	Monarch	FBcv:0000366	Female sterile
Hsc70-5	7227.FBpp0086694	Monarch	FBcv:0000385	Short lived
Hsc70-5	7227.FBpp0086694	Monarch	FBcv:0000424	Abnormal cell death
Hsc70-5	7227.FBpp0086694	Monarch	FBcv:0000425	Increased cell death
Hsc70-5	7227.FBpp0086694	Monarch	FBcv:0002000	Lethal - all die before end of P-stage
Hsc70-5	7227.FBpp0086694	Monarch	FBcv:0002002	Lethal - all die before end of larval stage
Hsc70-5	7227.FBpp0086694	Monarch	FBcv:0002004	Increased mortality
Hsc70-5	7227.FBpp0086694	Monarch	FBcv:0002007	Lethal - all die during larval stage
Hsc70-5	7227.FBpp0086694	Monarch	FBcv:0002010	Majority die during P-stage
Hsc70-5	7227.FBpp0086694	Monarch	FBcv:0002012	Majority die during larval stage
Hsc70-5	7227.FBpp0086694	Monarch	FBcv:0002013	Majority die during second instar larval stage
Hsc70-5	7227.FBpp0086694	Monarch	FBcv:0002014	Majority die during third instar larval stage
Hsc70-5	7227.FBpp0086694	Monarch	FBcv:0002019	Increased mortality during development
Hsc70-5	7227.FBpp0086694	Monarch	FBcv:0002020	Some die during P-stage
Hsc70-5	7227.FBpp0086694	Monarch	FBcv:0002022	Some die during second instar larval stage
Hsc70-5	7227.FBpp0086694	Monarch	FBcv:0002023	Some die during larval stage
Hsc70-5	7227.FBpp0086694	Monarch	FBcv:0002024	Some die during third instar larval stage
Hsc70-5	7227.FBpp0086694	Monarch	FBcv:0002026	Lethal - all die before end of prepupal stage
Hsc70-5	7227.FBpp0086694	Monarch	FBcv:0002027	Lethal - all die before end of pupal stage
Hsc70-5	7227.FBpp0086694	Monarch	FBcv:0002034	Majority die during pupal stage
Hsc70-5	7227.FBpp0086694	Monarch	FBcv:0002039	Some die during pupal stage
Hsc70-5	7227.FBpp0086694	UniProt Keywords	KW-0067	ATP-binding
Hsc70-5	7227.FBpp0086694	UniProt Keywords	KW-0346	Stress response
Hsc70-5	7227.FBpp0086694	UniProt Keywords	KW-0547	Nucleotide-binding
Hsc70-5	7227.FBpp0086694	UniProt Keywords	KW-0597	Phosphoprotein
Hsc70-5	7227.FBpp0086694	Pfam	PF06723	MreB/Mbl protein
Hsc70-5	7227.FBpp0086694	InterPro	IPR013126	Heat shock protein 70 family
Hsc70-5	7227.FBpp0086694	InterPro	IPR018181	Heat shock protein 70, conserved site
Hsc70-5	7227.FBpp0086694	InterPro	IPR029047	Heat shock protein 70kD, peptide-binding domain superfamily
Hsc70-5	7227.FBpp0086694	InterPro	IPR029048	Heat shock protein 70kD, C-terminal domain superfamily
Hsc70-5	7227.FBpp0086694	InterPro	IPR043129	ATPase, nucleotide binding domain
Hsf	7227.FBpp0110266	GO Process	GO:0006355	Regulation of DNA-templated transcription
Hsf	7227.FBpp0110266	GO Process	GO:0006357	Regulation of transcription by RNA polymerase II
Hsf	7227.FBpp0110266	GO Process	GO:0006950	Response to stress
Hsf	7227.FBpp0110266	GO Process	GO:0006952	Defense response
Hsf	7227.FBpp0110266	GO Process	GO:0009266	Response to temperature stimulus
Hsf	7227.FBpp0110266	GO Process	GO:0009408	Response to heat
Hsf	7227.FBpp0110266	GO Process	GO:0009605	Response to external stimulus
Hsf	7227.FBpp0110266	GO Process	GO:0009607	Response to biotic stimulus
Hsf	7227.FBpp0110266	GO Process	GO:0009617	Response to bacterium
Hsf	7227.FBpp0110266	GO Process	GO:0009620	Response to fungus
Hsf	7227.FBpp0110266	GO Process	GO:0009628	Response to abiotic stimulus
Hsf	7227.FBpp0110266	GO Process	GO:0009889	Regulation of biosynthetic process
Hsf	7227.FBpp0110266	GO Process	GO:0009890	Negative regulation of biosynthetic process
Hsf	7227.FBpp0110266	GO Process	GO:0009891	Positive regulation of biosynthetic process
Hsf	7227.FBpp0110266	GO Process	GO:0009892	Negative regulation of metabolic process
Hsf	7227.FBpp0110266	GO Process	GO:0009893	Positive regulation of metabolic process
Hsf	7227.FBpp0110266	GO Process	GO:0010468	Regulation of gene expression
Hsf	7227.FBpp0110266	GO Process	GO:0010556	Regulation of macromolecule biosynthetic process
Hsf	7227.FBpp0110266	GO Process	GO:0010557	Positive regulation of macromolecule biosynthetic process
Hsf	7227.FBpp0110266	GO Process	GO:0010558	Negative regulation of macromolecule biosynthetic process
Hsf	7227.FBpp0110266	GO Process	GO:0010604	Positive regulation of macromolecule metabolic process
Hsf	7227.FBpp0110266	GO Process	GO:0010605	Negative regulation of macromolecule metabolic process
Hsf	7227.FBpp0110266	GO Process	GO:0019219	Regulation of nucleobase-containing compound metabolic process
Hsf	7227.FBpp0110266	GO Process	GO:0019222	Regulation of metabolic process
Hsf	7227.FBpp0110266	GO Process	GO:0042742	Defense response to bacterium
Hsf	7227.FBpp0110266	GO Process	GO:0043207	Response to external biotic stimulus
Hsf	7227.FBpp0110266	GO Process	GO:0044419	Biological process involved in interspecies interaction between organisms
Hsf	7227.FBpp0110266	GO Process	GO:0045892	Negative regulation of DNA-templated transcription
Hsf	7227.FBpp0110266	GO Process	GO:0045893	Positive regulation of DNA-templated transcription
Hsf	7227.FBpp0110266	GO Process	GO:0045934	Negative regulation of nucleobase-containing compound metabolic process
Hsf	7227.FBpp0110266	GO Process	GO:0045935	Positive regulation of nucleobase-containing compound metabolic process
Hsf	7227.FBpp0110266	GO Process	GO:0045944	Positive regulation of transcription by RNA polymerase II
Hsf	7227.FBpp0110266	GO Process	GO:0048518	Positive regulation of biological process
Hsf	7227.FBpp0110266	GO Process	GO:0048519	Negative regulation of biological process
Hsf	7227.FBpp0110266	GO Process	GO:0048522	Positive regulation of cellular process
Hsf	7227.FBpp0110266	GO Process	GO:0048523	Negative regulation of cellular process
Hsf	7227.FBpp0110266	GO Process	GO:0050789	Regulation of biological process
Hsf	7227.FBpp0110266	GO Process	GO:0050794	Regulation of cellular process
Hsf	7227.FBpp0110266	GO Process	GO:0050832	Defense response to fungus
Hsf	7227.FBpp0110266	GO Process	GO:0050896	Response to stimulus
Hsf	7227.FBpp0110266	GO Process	GO:0051252	Regulation of RNA metabolic process
Hsf	7227.FBpp0110266	GO Process	GO:0051253	Negative regulation of RNA metabolic process
Hsf	7227.FBpp0110266	GO Process	GO:0051254	Positive regulation of RNA metabolic process
Hsf	7227.FBpp0110266	GO Process	GO:0051707	Response to other organism
Hsf	7227.FBpp0110266	GO Process	GO:0060255	Regulation of macromolecule metabolic process
Hsf	7227.FBpp0110266	GO Process	GO:0065007	Biological regulation
Hsf	7227.FBpp0110266	GO Process	GO:0080090	Regulation of primary metabolic process
Hsf	7227.FBpp0110266	GO Process	GO:1902679	Negative regulation of RNA biosynthetic process
Hsf	7227.FBpp0110266	GO Process	GO:1902680	Positive regulation of RNA biosynthetic process
Hsf	7227.FBpp0110266	GO Process	GO:2001141	Regulation of RNA biosynthetic process
Hsf	7227.FBpp0110266	GO Function	GO:0003676	Nucleic acid binding
Hsf	7227.FBpp0110266	GO Function	GO:0003677	DNA binding
Hsf	7227.FBpp0110266	GO Function	GO:0003700	DNA-binding transcription factor activity
Hsf	7227.FBpp0110266	GO Function	GO:0005488	Binding
Hsf	7227.FBpp0110266	GO Function	GO:0005515	Protein binding
Hsf	7227.FBpp0110266	GO Function	GO:0042802	Identical protein binding
Hsf	7227.FBpp0110266	GO Function	GO:0043565	Sequence-specific DNA binding
Hsf	7227.FBpp0110266	GO Function	GO:0140110	Transcription regulator activity
Hsf	7227.FBpp0110266	GO Component	GO:0000785	Chromatin
Hsf	7227.FBpp0110266	GO Component	GO:0005622	Intracellular anatomical structure
Hsf	7227.FBpp0110266	GO Component	GO:0005634	Nucleus
Hsf	7227.FBpp0110266	GO Component	GO:0005694	Chromosome
Hsf	7227.FBpp0110266	GO Component	GO:0005700	Polytene chromosome
Hsf	7227.FBpp0110266	GO Component	GO:0043226	Organelle
Hsf	7227.FBpp0110266	GO Component	GO:0043227	Membrane-bounded organelle
Hsf	7227.FBpp0110266	GO Component	GO:0043228	Membraneless organelle
Hsf	7227.FBpp0110266	GO Component	GO:0043229	Intracellular organelle
Hsf	7227.FBpp0110266	GO Component	GO:0043231	Intracellular membrane-bounded organelle
Hsf	7227.FBpp0110266	GO Component	GO:0043232	Intracellular membraneless organelle
Hsf	7227.FBpp0110266	GO Component	GO:0110165	Cellular anatomical structure
Hsf	7227.FBpp0110266	STRING clusters	CL:10098	Protein folding, and Tetratricopeptide repeats
Hsf	7227.FBpp0110266	STRING clusters	CL:10100	Protein folding, and Adenyl-nucleotide exchange factor activity
Hsf	7227.FBpp0110266	STRING clusters	CL:10102	Mixed, incl. Protein refolding, and Adenyl-nucleotide exchange factor activity
Hsf	7227.FBpp0110266	STRING clusters	CL:10158	Alpha crystallin/Small heat shock protein, animal type, and Hsp70 protein
Hsf	7227.FBpp0110266	Reactome	DME-2262752	Cellular responses to stress
Hsf	7227.FBpp0110266	Reactome	DME-3371453	Regulation of HSF1-mediated heat shock response
Hsf	7227.FBpp0110266	Reactome	DME-3371511	HSF1 activation
Hsf	7227.FBpp0110266	Reactome	DME-3371556	Cellular response to heat stress
Hsf	7227.FBpp0110266	Reactome	DME-3371568	Attenuation phase
Hsf	7227.FBpp0110266	Reactome	DME-3371571	HSF1-dependent transactivation
Hsf	7227.FBpp0110266	Reactome	DME-8953897	Cellular responses to stimuli
Hsf	7227.FBpp0110266	Reactome	DME-9841251	Mitochondrial unfolded protein response (UPRmt)
Hsf	7227.FBpp0110266	COMPARTMENTS	GOCC:0000785	Chromatin
Hsf	7227.FBpp0110266	COMPARTMENTS	GOCC:0005622	Intracellular anatomical structure
Hsf	7227.FBpp0110266	COMPARTMENTS	GOCC:0005634	Nucleus
Hsf	7227.FBpp0110266	COMPARTMENTS	GOCC:0005694	Chromosome
Hsf	7227.FBpp0110266	COMPARTMENTS	GOCC:0005700	Polytene chromosome
Hsf	7227.FBpp0110266	COMPARTMENTS	GOCC:0043226	Organelle
Hsf	7227.FBpp0110266	COMPARTMENTS	GOCC:0043227	Membrane-bounded organelle
Hsf	7227.FBpp0110266	COMPARTMENTS	GOCC:0043228	Membraneless organelle
Hsf	7227.FBpp0110266	COMPARTMENTS	GOCC:0043229	Intracellular organelle
Hsf	7227.FBpp0110266	COMPARTMENTS	GOCC:0043231	Intracellular membrane-bounded organelle
Hsf	7227.FBpp0110266	COMPARTMENTS	GOCC:0043232	Intracellular membraneless organelle
Hsf	7227.FBpp0110266	COMPARTMENTS	GOCC:0110165	Cellular anatomical structure
Hsf	7227.FBpp0110266	Monarch	FBcv:0000349	Viable
Hsf	7227.FBpp0110266	Monarch	FBcv:0000351	Lethal
Hsf	7227.FBpp0110266	Monarch	FBcv:0000364	Sterile
Hsf	7227.FBpp0110266	Monarch	FBcv:0000366	Female sterile
Hsf	7227.FBpp0110266	Monarch	FBcv:0000368	Female sterile germline-dependent
Hsf	7227.FBpp0110266	Monarch	FBcv:0000374	Fertile
Hsf	7227.FBpp0110266	Monarch	FBcv:0000434	Abnormal neurophysiology
Hsf	7227.FBpp0110266	Monarch	FBcv:0000435	Abnormal neuroanatomy
Hsf	7227.FBpp0110266	Monarch	FBcv:0002000	Lethal - all die before end of P-stage
Hsf	7227.FBpp0110266	Monarch	FBcv:0002002	Lethal - all die before end of larval stage
Hsf	7227.FBpp0110266	Monarch	FBcv:0002004	Increased mortality
Hsf	7227.FBpp0110266	Monarch	FBcv:0002019	Increased mortality during development
Hsf	7227.FBpp0110266	Monarch	FBcv:0002023	Some die during larval stage
Hsf	7227.FBpp0110266	Monarch	FBcv:0002026	Lethal - all die before end of prepupal stage
Hsf	7227.FBpp0110266	Monarch	FBcv:0002027	Lethal - all die before end of pupal stage
Hsf	7227.FBpp0110266	UniProt Keywords	KW-0238	DNA-binding
Hsf	7227.FBpp0110266	UniProt Keywords	KW-0346	Stress response
Hsf	7227.FBpp0110266	UniProt Keywords	KW-0539	Nucleus
Hsf	7227.FBpp0110266	UniProt Keywords	KW-0804	Transcription
Hsf	7227.FBpp0110266	UniProt Keywords	KW-0805	Transcription regulation
Hsf	7227.FBpp0110266	InterPro	IPR000232	Heat shock factor (HSF)-type, DNA-binding
Hsf	7227.FBpp0110266	InterPro	IPR036388	Winged helix-like DNA-binding domain superfamily
Hsf	7227.FBpp0110266	InterPro	IPR036390	Winged helix DNA-binding domain superfamily
Hsp23	7227.FBpp0301282	GO Process	GO:0001666	Response to hypoxia
Hsp23	7227.FBpp0301282	GO Process	GO:0006457	Protein folding
Hsp23	7227.FBpp0301282	GO Process	GO:0006950	Response to stress
Hsp23	7227.FBpp0301282	GO Process	GO:0008152	Metabolic process
Hsp23	7227.FBpp0301282	GO Process	GO:0009058	Biosynthetic process
Hsp23	7227.FBpp0301282	GO Process	GO:0009059	Macromolecule biosynthetic process
Hsp23	7227.FBpp0301282	GO Process	GO:0009266	Response to temperature stimulus
Hsp23	7227.FBpp0301282	GO Process	GO:0009408	Response to heat
Hsp23	7227.FBpp0301282	GO Process	GO:0009409	Response to cold
Hsp23	7227.FBpp0301282	GO Process	GO:0009628	Response to abiotic stimulus
Hsp23	7227.FBpp0301282	GO Process	GO:0009631	Cold acclimation
Hsp23	7227.FBpp0301282	GO Process	GO:0009987	Cellular process
Hsp23	7227.FBpp0301282	GO Process	GO:0010467	Gene expression
Hsp23	7227.FBpp0301282	GO Process	GO:0019538	Protein metabolic process
Hsp23	7227.FBpp0301282	GO Process	GO:0036293	Response to decreased oxygen levels
Hsp23	7227.FBpp0301282	GO Process	GO:0042026	Protein refolding
Hsp23	7227.FBpp0301282	GO Process	GO:0043170	Macromolecule metabolic process
Hsp23	7227.FBpp0301282	GO Process	GO:0044238	Primary metabolic process
Hsp23	7227.FBpp0301282	GO Process	GO:0050896	Response to stimulus
Hsp23	7227.FBpp0301282	GO Process	GO:0051604	Protein maturation
Hsp23	7227.FBpp0301282	GO Process	GO:0070482	Response to oxygen levels
Hsp23	7227.FBpp0301282	GO Function	GO:0005488	Binding
Hsp23	7227.FBpp0301282	GO Function	GO:0005515	Protein binding
Hsp23	7227.FBpp0301282	GO Function	GO:0044183	Protein folding chaperone
Hsp23	7227.FBpp0301282	GO Function	GO:0051082	Unfolded protein binding
Hsp23	7227.FBpp0301282	GO Component	GO:0005622	Intracellular anatomical structure
Hsp23	7227.FBpp0301282	GO Component	GO:0005634	Nucleus
Hsp23	7227.FBpp0301282	GO Component	GO:0005737	Cytoplasm
Hsp23	7227.FBpp0301282	GO Component	GO:0005829	Cytosol
Hsp23	7227.FBpp0301282	GO Component	GO:0043226	Organelle
Hsp23	7227.FBpp0301282	GO Component	GO:0043227	Membrane-bounded organelle
Hsp23	7227.FBpp0301282	GO Component	GO:0043229	Intracellular organelle
Hsp23	7227.FBpp0301282	GO Component	GO:0043231	Intracellular membrane-bounded organelle
Hsp23	7227.FBpp0301282	GO Component	GO:0110165	Cellular anatomical structure
Hsp23	7227.FBpp0301282	STRING clusters	CL:10098	Protein folding, and Tetratricopeptide repeats
Hsp23	7227.FBpp0301282	STRING clusters	CL:10100	Protein folding, and Adenyl-nucleotide exchange factor activity
Hsp23	7227.FBpp0301282	STRING clusters	CL:10102	Mixed, incl. Protein refolding, and Adenyl-nucleotide exchange factor activity
Hsp23	7227.FBpp0301282	STRING clusters	CL:10158	Alpha crystallin/Small heat shock protein, animal type, and Hsp70 protein
Hsp23	7227.FBpp0301282	STRING clusters	CL:10161	Alpha crystallin/Small heat shock protein, animal type, and Heat shock protein 70, conserved site
Hsp23	7227.FBpp0301282	Reactome	DME-162582	Signal Transduction
Hsp23	7227.FBpp0301282	Reactome	DME-194138	Signaling by VEGF
Hsp23	7227.FBpp0301282	Reactome	DME-4420097	VEGFA-VEGFR2 Pathway
Hsp23	7227.FBpp0301282	Reactome	DME-8939211	ESR-mediated signaling
Hsp23	7227.FBpp0301282	Reactome	DME-9006931	Signaling by Nuclear Receptors
Hsp23	7227.FBpp0301282	Reactome	DME-9006934	Signaling by Receptor Tyrosine Kinases
Hsp23	7227.FBpp0301282	Reactome	DME-9009391	Extra-nuclear estrogen signaling
Hsp23	7227.FBpp0301282	COMPARTMENTS	GOCC:0005622	Intracellular anatomical structure
Hsp23	7227.FBpp0301282	COMPARTMENTS	GOCC:0005737	Cytoplasm
Hsp23	7227.FBpp0301282	COMPARTMENTS	GOCC:0005829	Cytosol
Hsp23	7227.FBpp0301282	COMPARTMENTS	GOCC:0110165	Cellular anatomical structure
Hsp23	7227.FBpp0301282	Monarch	FBcv:0000349	Viable
Hsp23	7227.FBpp0301282	Monarch	FBcv:0000408	Abnormal stress response
Hsp23	7227.FBpp0301282	Monarch	FBcv:0000683	Abnormal temperature response
Hsp23	7227.FBpp0301282	Monarch	FBcv:0000684	Abnormal cold stress response
Hsp23	7227.FBpp0301282	UniProt Keywords	KW-0346	Stress response
Hsp23	7227.FBpp0301282	Pfam	PF00011	Hsp20/alpha crystallin family
Hsp23	7227.FBpp0301282	InterPro	IPR001436	Alpha crystallin/Small heat shock protein, animal type
Hsp23	7227.FBpp0301282	InterPro	IPR002068	Alpha crystallin/Hsp20 domain
Hsp23	7227.FBpp0301282	InterPro	IPR008978	HSP20-like chaperone
Hsp70Ab	7227.FBpp0081956	GO Process	GO:0001666	Response to hypoxia
Hsp70Ab	7227.FBpp0081956	GO Process	GO:0006457	Protein folding
Hsp70Ab	7227.FBpp0081956	GO Process	GO:0006950	Response to stress
Hsp70Ab	7227.FBpp0081956	GO Process	GO:0006996	Organelle organization
Hsp70Ab	7227.FBpp0081956	GO Process	GO:0008152	Metabolic process
Hsp70Ab	7227.FBpp0081956	GO Process	GO:0009058	Biosynthetic process
Hsp70Ab	7227.FBpp0081956	GO Process	GO:0009059	Macromolecule biosynthetic process
Hsp70Ab	7227.FBpp0081956	GO Process	GO:0009266	Response to temperature stimulus
Hsp70Ab	7227.FBpp0081956	GO Process	GO:0009408	Response to heat
Hsp70Ab	7227.FBpp0081956	GO Process	GO:0009628	Response to abiotic stimulus
Hsp70Ab	7227.FBpp0081956	GO Process	GO:0009987	Cellular process
Hsp70Ab	7227.FBpp0081956	GO Process	GO:0010467	Gene expression
Hsp70Ab	7227.FBpp0081956	GO Process	GO:0016043	Cellular component organization
Hsp70Ab	7227.FBpp0081956	GO Process	GO:0019538	Protein metabolic process
Hsp70Ab	7227.FBpp0081956	GO Process	GO:0033554	Cellular response to stress
Hsp70Ab	7227.FBpp0081956	GO Process	GO:0034605	Cellular response to heat
Hsp70Ab	7227.FBpp0081956	GO Process	GO:0035079	Polytene chromosome puffing
Hsp70Ab	7227.FBpp0081956	GO Process	GO:0035080	Heat shock-mediated polytene chromosome puffing
Hsp70Ab	7227.FBpp0081956	GO Process	GO:0036293	Response to decreased oxygen levels
Hsp70Ab	7227.FBpp0081956	GO Process	GO:0042026	Protein refolding
Hsp70Ab	7227.FBpp0081956	GO Process	GO:0043170	Macromolecule metabolic process
Hsp70Ab	7227.FBpp0081956	GO Process	GO:0044238	Primary metabolic process
Hsp70Ab	7227.FBpp0081956	GO Process	GO:0050896	Response to stimulus
Hsp70Ab	7227.FBpp0081956	GO Process	GO:0051276	Chromosome organization
Hsp70Ab	7227.FBpp0081956	GO Process	GO:0051604	Protein maturation
Hsp70Ab	7227.FBpp0081956	GO Process	GO:0051716	Cellular response to stimulus
Hsp70Ab	7227.FBpp0081956	GO Process	GO:0070482	Response to oxygen levels
Hsp70Ab	7227.FBpp0081956	GO Process	GO:0071840	Cellular component organization or biogenesis
Hsp70Ab	7227.FBpp0081956	GO Function	GO:0000166	Nucleotide binding
Hsp70Ab	7227.FBpp0081956	GO Function	GO:0003824	Catalytic activity
Hsp70Ab	7227.FBpp0081956	GO Function	GO:0005488	Binding
Hsp70Ab	7227.FBpp0081956	GO Function	GO:0005515	Protein binding
Hsp70Ab	7227.FBpp0081956	GO Function	GO:0005524	ATP binding
Hsp70Ab	7227.FBpp0081956	GO Function	GO:0016462	Pyrophosphatase activity
Hsp70Ab	7227.FBpp0081956	GO Function	GO:0016787	Hydrolase activity
Hsp70Ab	7227.FBpp0081956	GO Function	GO:0016817	Hydrolase activity, acting on acid anhydrides
Hsp70Ab	7227.FBpp0081956	GO Function	GO:0016818	Hydrolase activity, acting on acid anhydrides, in phosphorus-containing anhydrides
Hsp70Ab	7227.FBpp0081956	GO Function	GO:0016887	ATP hydrolysis activity
Hsp70Ab	7227.FBpp0081956	GO Function	GO:0017076	Purine nucleotide binding
Hsp70Ab	7227.FBpp0081956	GO Function	GO:0017111	Ribonucleoside triphosphate phosphatase activity
Hsp70Ab	7227.FBpp0081956	GO Function	GO:0030554	Adenyl nucleotide binding
Hsp70Ab	7227.FBpp0081956	GO Function	GO:0031072	Heat shock protein binding
Hsp70Ab	7227.FBpp0081956	GO Function	GO:0032553	Ribonucleotide binding
Hsp70Ab	7227.FBpp0081956	GO Function	GO:0032555	Purine ribonucleotide binding
Hsp70Ab	7227.FBpp0081956	GO Function	GO:0032559	Adenyl ribonucleotide binding
Hsp70Ab	7227.FBpp0081956	GO Function	GO:0035639	Purine ribonucleoside triphosphate binding
Hsp70Ab	7227.FBpp0081956	GO Function	GO:0036094	Small molecule binding
Hsp70Ab	7227.FBpp0081956	GO Function	GO:0043167	Ion binding
Hsp70Ab	7227.FBpp0081956	GO Function	GO:0043168	Anion binding
Hsp70Ab	7227.FBpp0081956	GO Function	GO:0044183	Protein folding chaperone
Hsp70Ab	7227.FBpp0081956	GO Function	GO:0097367	Carbohydrate derivative binding
Hsp70Ab	7227.FBpp0081956	GO Function	GO:0140657	ATP-dependent activity
Hsp70Ab	7227.FBpp0081956	GO Function	GO:0140662	ATP-dependent protein folding chaperone
Hsp70Ab	7227.FBpp0081956	GO Function	GO:1901265	Nucleoside phosphate binding
Hsp70Ab	7227.FBpp0081956	GO Function	GO:1901363	Heterocyclic compound binding
Hsp70Ab	7227.FBpp0081956	GO Component	GO:0005622	Intracellular anatomical structure
Hsp70Ab	7227.FBpp0081956	GO Component	GO:0005634	Nucleus
Hsp70Ab	7227.FBpp0081956	GO Component	GO:0005737	Cytoplasm
Hsp70Ab	7227.FBpp0081956	GO Component	GO:0005829	Cytosol
Hsp70Ab	7227.FBpp0081956	GO Component	GO:0005886	Plasma membrane
Hsp70Ab	7227.FBpp0081956	GO Component	GO:0016020	Membrane
Hsp70Ab	7227.FBpp0081956	GO Component	GO:0043226	Organelle
Hsp70Ab	7227.FBpp0081956	GO Component	GO:0043227	Membrane-bounded organelle
Hsp70Ab	7227.FBpp0081956	GO Component	GO:0043229	Intracellular organelle
Hsp70Ab	7227.FBpp0081956	GO Component	GO:0043231	Intracellular membrane-bounded organelle
Hsp70Ab	7227.FBpp0081956	GO Component	GO:0071944	Cell periphery
Hsp70Ab	7227.FBpp0081956	GO Component	GO:0110165	Cellular anatomical structure
Hsp70Ab	7227.FBpp0081956	STRING clusters	CL:10098	Protein folding, and Tetratricopeptide repeats
Hsp70Ab	7227.FBpp0081956	STRING clusters	CL:10100	Protein folding, and Adenyl-nucleotide exchange factor activity
Hsp70Ab	7227.FBpp0081956	STRING clusters	CL:10102	Mixed, incl. Protein refolding, and Adenyl-nucleotide exchange factor activity
Hsp70Ab	7227.FBpp0081956	STRING clusters	CL:10158	Alpha crystallin/Small heat shock protein, animal type, and Hsp70 protein
Hsp70Ab	7227.FBpp0081956	STRING clusters	CL:10161	Alpha crystallin/Small heat shock protein, animal type, and Heat shock protein 70, conserved site
Hsp70Ab	7227.FBpp0081956	KEGG	dme03040	Spliceosome
Hsp70Ab	7227.FBpp0081956	KEGG	dme04141	Protein processing in endoplasmic reticulum
Hsp70Ab	7227.FBpp0081956	KEGG	dme04144	Endocytosis
Hsp70Ab	7227.FBpp0081956	KEGG	dme04213	Longevity regulating pathway - multiple species
Hsp70Ab	7227.FBpp0081956	Reactome	DME-2262752	Cellular responses to stress
Hsp70Ab	7227.FBpp0081956	Reactome	DME-3371497	HSP90 chaperone cycle for steroid hormone receptors (SHR) in the presence of ligand
Hsp70Ab	7227.FBpp0081956	Reactome	DME-8953897	Cellular responses to stimuli
Hsp70Ab	7227.FBpp0081956	UniProt Keywords	KW-0067	ATP-binding
Hsp70Ab	7227.FBpp0081956	UniProt Keywords	KW-0346	Stress response
Hsp70Ab	7227.FBpp0081956	UniProt Keywords	KW-0547	Nucleotide-binding
Hsp70Ab	7227.FBpp0081956	Pfam	PF00012	Hsp70 protein
Hsp70Ab	7227.FBpp0081956	InterPro	IPR013126	Heat shock protein 70 family
Hsp70Ab	7227.FBpp0081956	InterPro	IPR018181	Heat shock protein 70, conserved site
Hsp70Ab	7227.FBpp0081956	InterPro	IPR029047	Heat shock protein 70kD, peptide-binding domain superfamily
Hsp70Ab	7227.FBpp0081956	InterPro	IPR029048	Heat shock protein 70kD, C-terminal domain superfamily
Hsp70Ab	7227.FBpp0081956	InterPro	IPR043129	ATPase, nucleotide binding domain
Hsp70Bb	7227.FBpp0082106	GO Process	GO:0001666	Response to hypoxia
Hsp70Bb	7227.FBpp0082106	GO Process	GO:0006457	Protein folding
Hsp70Bb	7227.FBpp0082106	GO Process	GO:0006950	Response to stress
Hsp70Bb	7227.FBpp0082106	GO Process	GO:0006986	Response to unfolded protein
Hsp70Bb	7227.FBpp0082106	GO Process	GO:0006996	Organelle organization
Hsp70Bb	7227.FBpp0082106	GO Process	GO:0008152	Metabolic process
Hsp70Bb	7227.FBpp0082106	GO Process	GO:0009058	Biosynthetic process
Hsp70Bb	7227.FBpp0082106	GO Process	GO:0009059	Macromolecule biosynthetic process
Hsp70Bb	7227.FBpp0082106	GO Process	GO:0009266	Response to temperature stimulus
Hsp70Bb	7227.FBpp0082106	GO Process	GO:0009408	Response to heat
Hsp70Bb	7227.FBpp0082106	GO Process	GO:0009628	Response to abiotic stimulus
Hsp70Bb	7227.FBpp0082106	GO Process	GO:0009987	Cellular process
Hsp70Bb	7227.FBpp0082106	GO Process	GO:0010467	Gene expression
Hsp70Bb	7227.FBpp0082106	GO Process	GO:0016043	Cellular component organization
Hsp70Bb	7227.FBpp0082106	GO Process	GO:0019538	Protein metabolic process
Hsp70Bb	7227.FBpp0082106	GO Process	GO:0033554	Cellular response to stress
Hsp70Bb	7227.FBpp0082106	GO Process	GO:0034605	Cellular response to heat
Hsp70Bb	7227.FBpp0082106	GO Process	GO:0035079	Polytene chromosome puffing
Hsp70Bb	7227.FBpp0082106	GO Process	GO:0035080	Heat shock-mediated polytene chromosome puffing
Hsp70Bb	7227.FBpp0082106	GO Process	GO:0035966	Response to topologically incorrect protein
Hsp70Bb	7227.FBpp0082106	GO Process	GO:0036293	Response to decreased oxygen levels
Hsp70Bb	7227.FBpp0082106	GO Process	GO:0042026	Protein refolding
Hsp70Bb	7227.FBpp0082106	GO Process	GO:0043170	Macromolecule metabolic process
Hsp70Bb	7227.FBpp0082106	GO Process	GO:0044238	Primary metabolic process
Hsp70Bb	7227.FBpp0082106	GO Process	GO:0050896	Response to stimulus
Hsp70Bb	7227.FBpp0082106	GO Process	GO:0051276	Chromosome organization
Hsp70Bb	7227.FBpp0082106	GO Process	GO:0051604	Protein maturation
Hsp70Bb	7227.FBpp0082106	GO Process	GO:0051716	Cellular response to stimulus
Hsp70Bb	7227.FBpp0082106	GO Process	GO:0070482	Response to oxygen levels
Hsp70Bb	7227.FBpp0082106	GO Process	GO:0071840	Cellular component organization or biogenesis
Hsp70Bb	7227.FBpp0082106	GO Function	GO:0000166	Nucleotide binding
Hsp70Bb	7227.FBpp0082106	GO Function	GO:0003824	Catalytic activity
Hsp70Bb	7227.FBpp0082106	GO Function	GO:0005488	Binding
Hsp70Bb	7227.FBpp0082106	GO Function	GO:0005515	Protein binding
Hsp70Bb	7227.FBpp0082106	GO Function	GO:0005524	ATP binding
Hsp70Bb	7227.FBpp0082106	GO Function	GO:0016462	Pyrophosphatase activity
Hsp70Bb	7227.FBpp0082106	GO Function	GO:0016787	Hydrolase activity
Hsp70Bb	7227.FBpp0082106	GO Function	GO:0016817	Hydrolase activity, acting on acid anhydrides
Hsp70Bb	7227.FBpp0082106	GO Function	GO:0016818	Hydrolase activity, acting on acid anhydrides, in phosphorus-containing anhydrides
Hsp70Bb	7227.FBpp0082106	GO Function	GO:0016887	ATP hydrolysis activity
Hsp70Bb	7227.FBpp0082106	GO Function	GO:0017076	Purine nucleotide binding
Hsp70Bb	7227.FBpp0082106	GO Function	GO:0017111	Ribonucleoside triphosphate phosphatase activity
Hsp70Bb	7227.FBpp0082106	GO Function	GO:0030554	Adenyl nucleotide binding
Hsp70Bb	7227.FBpp0082106	GO Function	GO:0031072	Heat shock protein binding
Hsp70Bb	7227.FBpp0082106	GO Function	GO:0032553	Ribonucleotide binding
Hsp70Bb	7227.FBpp0082106	GO Function	GO:0032555	Purine ribonucleotide binding
Hsp70Bb	7227.FBpp0082106	GO Function	GO:0032559	Adenyl ribonucleotide binding
Hsp70Bb	7227.FBpp0082106	GO Function	GO:0035639	Purine ribonucleoside triphosphate binding
Hsp70Bb	7227.FBpp0082106	GO Function	GO:0036094	Small molecule binding
Hsp70Bb	7227.FBpp0082106	GO Function	GO:0043167	Ion binding
Hsp70Bb	7227.FBpp0082106	GO Function	GO:0043168	Anion binding
Hsp70Bb	7227.FBpp0082106	GO Function	GO:0044183	Protein folding chaperone
Hsp70Bb	7227.FBpp0082106	GO Function	GO:0097367	Carbohydrate derivative binding
Hsp70Bb	7227.FBpp0082106	GO Function	GO:0140657	ATP-dependent activity
Hsp70Bb	7227.FBpp0082106	GO Function	GO:0140662	ATP-dependent protein folding chaperone
Hsp70Bb	7227.FBpp0082106	GO Function	GO:1901265	Nucleoside phosphate binding
Hsp70Bb	7227.FBpp0082106	GO Function	GO:1901363	Heterocyclic compound binding
Hsp70Bb	7227.FBpp0082106	GO Component	GO:0005622	Intracellular anatomical structure
Hsp70Bb	7227.FBpp0082106	GO Component	GO:0005634	Nucleus
Hsp70Bb	7227.FBpp0082106	GO Component	GO:0005737	Cytoplasm
Hsp70Bb	7227.FBpp0082106	GO Component	GO:0005829	Cytosol
Hsp70Bb	7227.FBpp0082106	GO Component	GO:0005886	Plasma membrane
Hsp70Bb	7227.FBpp0082106	GO Component	GO:0016020	Membrane
Hsp70Bb	7227.FBpp0082106	GO Component	GO:0043226	Organelle
Hsp70Bb	7227.FBpp0082106	GO Component	GO:0043227	Membrane-bounded organelle
Hsp70Bb	7227.FBpp0082106	GO Component	GO:0043229	Intracellular organelle
Hsp70Bb	7227.FBpp0082106	GO Component	GO:0043231	Intracellular membrane-bounded organelle
Hsp70Bb	7227.FBpp0082106	GO Component	GO:0071944	Cell periphery
Hsp70Bb	7227.FBpp0082106	GO Component	GO:0110165	Cellular anatomical structure
Hsp70Bb	7227.FBpp0082106	STRING clusters	CL:10098	Protein folding, and Tetratricopeptide repeats
Hsp70Bb	7227.FBpp0082106	STRING clusters	CL:10100	Protein folding, and Adenyl-nucleotide exchange factor activity
Hsp70Bb	7227.FBpp0082106	STRING clusters	CL:10102	Mixed, incl. Protein refolding, and Adenyl-nucleotide exchange factor activity
Hsp70Bb	7227.FBpp0082106	STRING clusters	CL:10158	Alpha crystallin/Small heat shock protein, animal type, and Hsp70 protein
Hsp70Bb	7227.FBpp0082106	KEGG	dme03040	Spliceosome
Hsp70Bb	7227.FBpp0082106	KEGG	dme04141	Protein processing in endoplasmic reticulum
Hsp70Bb	7227.FBpp0082106	KEGG	dme04144	Endocytosis
Hsp70Bb	7227.FBpp0082106	KEGG	dme04213	Longevity regulating pathway - multiple species
Hsp70Bb	7227.FBpp0082106	Reactome	DME-2262752	Cellular responses to stress
Hsp70Bb	7227.FBpp0082106	Reactome	DME-3371497	HSP90 chaperone cycle for steroid hormone receptors (SHR) in the presence of ligand
Hsp70Bb	7227.FBpp0082106	Reactome	DME-8953897	Cellular responses to stimuli
Hsp70Bb	7227.FBpp0082106	UniProt Keywords	KW-0067	ATP-binding
Hsp70Bb	7227.FBpp0082106	UniProt Keywords	KW-0346	Stress response
Hsp70Bb	7227.FBpp0082106	UniProt Keywords	KW-0547	Nucleotide-binding
Hsp70Bb	7227.FBpp0082106	Pfam	PF00012	Hsp70 protein
Hsp70Bb	7227.FBpp0082106	InterPro	IPR013126	Heat shock protein 70 family
Hsp70Bb	7227.FBpp0082106	InterPro	IPR018181	Heat shock protein 70, conserved site
Hsp70Bb	7227.FBpp0082106	InterPro	IPR029047	Heat shock protein 70kD, peptide-binding domain superfamily
Hsp70Bb	7227.FBpp0082106	InterPro	IPR029048	Heat shock protein 70kD, C-terminal domain superfamily
Hsp70Bb	7227.FBpp0082106	InterPro	IPR043129	ATPase, nucleotide binding domain
Hsp70Bbb	7227.FBpp0082105	GO Process	GO:0001666	Response to hypoxia
Hsp70Bbb	7227.FBpp0082105	GO Process	GO:0006457	Protein folding
Hsp70Bbb	7227.FBpp0082105	GO Process	GO:0006950	Response to stress
Hsp70Bbb	7227.FBpp0082105	GO Process	GO:0006996	Organelle organization
Hsp70Bbb	7227.FBpp0082105	GO Process	GO:0008152	Metabolic process
Hsp70Bbb	7227.FBpp0082105	GO Process	GO:0009058	Biosynthetic process
Hsp70Bbb	7227.FBpp0082105	GO Process	GO:0009059	Macromolecule biosynthetic process
Hsp70Bbb	7227.FBpp0082105	GO Process	GO:0009266	Response to temperature stimulus
Hsp70Bbb	7227.FBpp0082105	GO Process	GO:0009408	Response to heat
Hsp70Bbb	7227.FBpp0082105	GO Process	GO:0009628	Response to abiotic stimulus
Hsp70Bbb	7227.FBpp0082105	GO Process	GO:0009987	Cellular process
Hsp70Bbb	7227.FBpp0082105	GO Process	GO:0010467	Gene expression
Hsp70Bbb	7227.FBpp0082105	GO Process	GO:0016043	Cellular component organization
Hsp70Bbb	7227.FBpp0082105	GO Process	GO:0019538	Protein metabolic process
Hsp70Bbb	7227.FBpp0082105	GO Process	GO:0033554	Cellular response to stress
Hsp70Bbb	7227.FBpp0082105	GO Process	GO:0034605	Cellular response to heat
Hsp70Bbb	7227.FBpp0082105	GO Process	GO:0035079	Polytene chromosome puffing
Hsp70Bbb	7227.FBpp0082105	GO Process	GO:0035080	Heat shock-mediated polytene chromosome puffing
Hsp70Bbb	7227.FBpp0082105	GO Process	GO:0036293	Response to decreased oxygen levels
Hsp70Bbb	7227.FBpp0082105	GO Process	GO:0042026	Protein refolding
Hsp70Bbb	7227.FBpp0082105	GO Process	GO:0043170	Macromolecule metabolic process
Hsp70Bbb	7227.FBpp0082105	GO Process	GO:0044238	Primary metabolic process
Hsp70Bbb	7227.FBpp0082105	GO Process	GO:0050896	Response to stimulus
Hsp70Bbb	7227.FBpp0082105	GO Process	GO:0051276	Chromosome organization
Hsp70Bbb	7227.FBpp0082105	GO Process	GO:0051604	Protein maturation
Hsp70Bbb	7227.FBpp0082105	GO Process	GO:0051716	Cellular response to stimulus
Hsp70Bbb	7227.FBpp0082105	GO Process	GO:0070482	Response to oxygen levels
Hsp70Bbb	7227.FBpp0082105	GO Process	GO:0071840	Cellular component organization or biogenesis
Hsp70Bbb	7227.FBpp0082105	GO Function	GO:0000166	Nucleotide binding
Hsp70Bbb	7227.FBpp0082105	GO Function	GO:0003824	Catalytic activity
Hsp70Bbb	7227.FBpp0082105	GO Function	GO:0005488	Binding
Hsp70Bbb	7227.FBpp0082105	GO Function	GO:0005515	Protein binding
Hsp70Bbb	7227.FBpp0082105	GO Function	GO:0005524	ATP binding
Hsp70Bbb	7227.FBpp0082105	GO Function	GO:0016462	Pyrophosphatase activity
Hsp70Bbb	7227.FBpp0082105	GO Function	GO:0016787	Hydrolase activity
Hsp70Bbb	7227.FBpp0082105	GO Function	GO:0016817	Hydrolase activity, acting on acid anhydrides
Hsp70Bbb	7227.FBpp0082105	GO Function	GO:0016818	Hydrolase activity, acting on acid anhydrides, in phosphorus-containing anhydrides
Hsp70Bbb	7227.FBpp0082105	GO Function	GO:0016887	ATP hydrolysis activity
Hsp70Bbb	7227.FBpp0082105	GO Function	GO:0017076	Purine nucleotide binding
Hsp70Bbb	7227.FBpp0082105	GO Function	GO:0017111	Ribonucleoside triphosphate phosphatase activity
Hsp70Bbb	7227.FBpp0082105	GO Function	GO:0030554	Adenyl nucleotide binding
Hsp70Bbb	7227.FBpp0082105	GO Function	GO:0031072	Heat shock protein binding
Hsp70Bbb	7227.FBpp0082105	GO Function	GO:0032553	Ribonucleotide binding
Hsp70Bbb	7227.FBpp0082105	GO Function	GO:0032555	Purine ribonucleotide binding
Hsp70Bbb	7227.FBpp0082105	GO Function	GO:0032559	Adenyl ribonucleotide binding
Hsp70Bbb	7227.FBpp0082105	GO Function	GO:0035639	Purine ribonucleoside triphosphate binding
Hsp70Bbb	7227.FBpp0082105	GO Function	GO:0036094	Small molecule binding
Hsp70Bbb	7227.FBpp0082105	GO Function	GO:0043167	Ion binding
Hsp70Bbb	7227.FBpp0082105	GO Function	GO:0043168	Anion binding
Hsp70Bbb	7227.FBpp0082105	GO Function	GO:0044183	Protein folding chaperone
Hsp70Bbb	7227.FBpp0082105	GO Function	GO:0097367	Carbohydrate derivative binding
Hsp70Bbb	7227.FBpp0082105	GO Function	GO:0140657	ATP-dependent activity
Hsp70Bbb	7227.FBpp0082105	GO Function	GO:0140662	ATP-dependent protein folding chaperone
Hsp70Bbb	7227.FBpp0082105	GO Function	GO:1901265	Nucleoside phosphate binding
Hsp70Bbb	7227.FBpp0082105	GO Function	GO:1901363	Heterocyclic compound binding
Hsp70Bbb	7227.FBpp0082105	GO Component	GO:0005622	Intracellular anatomical structure
Hsp70Bbb	7227.FBpp0082105	GO Component	GO:0005634	Nucleus
Hsp70Bbb	7227.FBpp0082105	GO Component	GO:0005737	Cytoplasm
Hsp70Bbb	7227.FBpp0082105	GO Component	GO:0005829	Cytosol
Hsp70Bbb	7227.FBpp0082105	GO Component	GO:0005886	Plasma membrane
Hsp70Bbb	7227.FBpp0082105	GO Component	GO:0016020	Membrane
Hsp70Bbb	7227.FBpp0082105	GO Component	GO:0043226	Organelle
Hsp70Bbb	7227.FBpp0082105	GO Component	GO:0043227	Membrane-bounded organelle
Hsp70Bbb	7227.FBpp0082105	GO Component	GO:0043229	Intracellular organelle
Hsp70Bbb	7227.FBpp0082105	GO Component	GO:0043231	Intracellular membrane-bounded organelle
Hsp70Bbb	7227.FBpp0082105	GO Component	GO:0071944	Cell periphery
Hsp70Bbb	7227.FBpp0082105	GO Component	GO:0110165	Cellular anatomical structure
Hsp70Bbb	7227.FBpp0082105	STRING clusters	CL:11416	Mixed, incl. Wnt signaling pathway, and Transforming growth factor beta receptor superfamily signaling pathway
Hsp70Bbb	7227.FBpp0082105	STRING clusters	CL:11417	Wnt signaling pathway, and Smoothened signaling pathway
Hsp70Bbb	7227.FBpp0082105	STRING clusters	CL:11517	Inhibition of actin polymerization, and PET prickle
Hsp70Bbb	7227.FBpp0082105	KEGG	dme03040	Spliceosome
Hsp70Bbb	7227.FBpp0082105	KEGG	dme04141	Protein processing in endoplasmic reticulum
Hsp70Bbb	7227.FBpp0082105	KEGG	dme04144	Endocytosis
Hsp70Bbb	7227.FBpp0082105	KEGG	dme04213	Longevity regulating pathway - multiple species
Hsp70Bbb	7227.FBpp0082105	Reactome	DME-2262752	Cellular responses to stress
Hsp70Bbb	7227.FBpp0082105	Reactome	DME-3371497	HSP90 chaperone cycle for steroid hormone receptors (SHR) in the presence of ligand
Hsp70Bbb	7227.FBpp0082105	Reactome	DME-8953897	Cellular responses to stimuli
Hsp70Bbb	7227.FBpp0082105	Monarch	FBcv:0000435	Abnormal neuroanatomy
Hsp70Bbb	7227.FBpp0082105	UniProt Keywords	KW-0067	ATP-binding
Hsp70Bbb	7227.FBpp0082105	UniProt Keywords	KW-0346	Stress response
Hsp70Bbb	7227.FBpp0082105	UniProt Keywords	KW-0547	Nucleotide-binding
Hsp70Bbb	7227.FBpp0082105	Pfam	PF06723	MreB/Mbl protein
Hsp70Bbb	7227.FBpp0082105	InterPro	IPR013126	Heat shock protein 70 family
Hsp70Bbb	7227.FBpp0082105	InterPro	IPR018181	Heat shock protein 70, conserved site
Hsp70Bbb	7227.FBpp0082105	InterPro	IPR029047	Heat shock protein 70kD, peptide-binding domain superfamily
Hsp70Bbb	7227.FBpp0082105	InterPro	IPR029048	Heat shock protein 70kD, C-terminal domain superfamily
Hsp70Bbb	7227.FBpp0082105	InterPro	IPR043129	ATPase, nucleotide binding domain
Hsp70Bc	7227.FBpp0082107	STRING clusters	CL:2152	Protein localization to mitochondrion, and ATP-dependent peptidase activity
Hsp70Bc	7227.FBpp0082107	Pfam	PF00012	Hsp70 protein
Hsp83	7227.FBpp0305095	GO Process	GO:0000226	Microtubule cytoskeleton organization
Hsp83	7227.FBpp0305095	GO Process	GO:0000578	Embryonic axis specification
Hsp83	7227.FBpp0305095	GO Process	GO:0002052	Positive regulation of neuroblast proliferation
Hsp83	7227.FBpp0305095	GO Process	GO:0003002	Regionalization
Hsp83	7227.FBpp0305095	GO Process	GO:0003006	Developmental process involved in reproduction
Hsp83	7227.FBpp0305095	GO Process	GO:0006403	RNA localization
Hsp83	7227.FBpp0305095	GO Process	GO:0006457	Protein folding
Hsp83	7227.FBpp0305095	GO Process	GO:0006810	Transport
Hsp83	7227.FBpp0305095	GO Process	GO:0006887	Exocytosis
Hsp83	7227.FBpp0305095	GO Process	GO:0006906	Vesicle fusion
Hsp83	7227.FBpp0305095	GO Process	GO:0006950	Response to stress
Hsp83	7227.FBpp0305095	GO Process	GO:0006996	Organelle organization
Hsp83	7227.FBpp0305095	GO Process	GO:0007010	Cytoskeleton organization
Hsp83	7227.FBpp0305095	GO Process	GO:0007017	Microtubule-based process
Hsp83	7227.FBpp0305095	GO Process	GO:0007028	Cytoplasm organization
Hsp83	7227.FBpp0305095	GO Process	GO:0007049	Cell cycle
Hsp83	7227.FBpp0305095	GO Process	GO:0007098	Centrosome cycle
Hsp83	7227.FBpp0305095	GO Process	GO:0007275	Multicellular organism development
Hsp83	7227.FBpp0305095	GO Process	GO:0007276	Gamete generation
Hsp83	7227.FBpp0305095	GO Process	GO:0007281	Germ cell development
Hsp83	7227.FBpp0305095	GO Process	GO:0007292	Female gamete generation
Hsp83	7227.FBpp0305095	GO Process	GO:0007308	Oocyte construction
Hsp83	7227.FBpp0305095	GO Process	GO:0007309	Oocyte axis specification
Hsp83	7227.FBpp0305095	GO Process	GO:0007314	Oocyte anterior/posterior axis specification
Hsp83	7227.FBpp0305095	GO Process	GO:0007315	Pole plasm assembly
Hsp83	7227.FBpp0305095	GO Process	GO:0007316	Pole plasm RNA localization
Hsp83	7227.FBpp0305095	GO Process	GO:0007350	Blastoderm segmentation
Hsp83	7227.FBpp0305095	GO Process	GO:0007351	Tripartite regional subdivision
Hsp83	7227.FBpp0305095	GO Process	GO:0007389	Pattern specification process
Hsp83	7227.FBpp0305095	GO Process	GO:0008152	Metabolic process
Hsp83	7227.FBpp0305095	GO Process	GO:0008284	Positive regulation of cell population proliferation
Hsp83	7227.FBpp0305095	GO Process	GO:0008285	Negative regulation of cell population proliferation
Hsp83	7227.FBpp0305095	GO Process	GO:0008298	Intracellular mRNA localization
Hsp83	7227.FBpp0305095	GO Process	GO:0008358	Maternal determination of anterior/posterior axis, embryo
Hsp83	7227.FBpp0305095	GO Process	GO:0008595	Anterior/posterior axis specification, embryo
Hsp83	7227.FBpp0305095	GO Process	GO:0009058	Biosynthetic process
Hsp83	7227.FBpp0305095	GO Process	GO:0009059	Macromolecule biosynthetic process
Hsp83	7227.FBpp0305095	GO Process	GO:0009266	Response to temperature stimulus
Hsp83	7227.FBpp0305095	GO Process	GO:0009408	Response to heat
Hsp83	7227.FBpp0305095	GO Process	GO:0009409	Response to cold
Hsp83	7227.FBpp0305095	GO Process	GO:0009628	Response to abiotic stimulus
Hsp83	7227.FBpp0305095	GO Process	GO:0009631	Cold acclimation
Hsp83	7227.FBpp0305095	GO Process	GO:0009790	Embryo development
Hsp83	7227.FBpp0305095	GO Process	GO:0009798	Axis specification
Hsp83	7227.FBpp0305095	GO Process	GO:0009880	Embryonic pattern specification
Hsp83	7227.FBpp0305095	GO Process	GO:0009889	Regulation of biosynthetic process
Hsp83	7227.FBpp0305095	GO Process	GO:0009890	Negative regulation of biosynthetic process
Hsp83	7227.FBpp0305095	GO Process	GO:0009892	Negative regulation of metabolic process
Hsp83	7227.FBpp0305095	GO Process	GO:0009948	Anterior/posterior axis specification
Hsp83	7227.FBpp0305095	GO Process	GO:0009952	Anterior/posterior pattern specification
Hsp83	7227.FBpp0305095	GO Process	GO:0009966	Regulation of signal transduction
Hsp83	7227.FBpp0305095	GO Process	GO:0009967	Positive regulation of signal transduction
Hsp83	7227.FBpp0305095	GO Process	GO:0009987	Cellular process
Hsp83	7227.FBpp0305095	GO Process	GO:0009994	Oocyte differentiation
Hsp83	7227.FBpp0305095	GO Process	GO:0010467	Gene expression
Hsp83	7227.FBpp0305095	GO Process	GO:0010468	Regulation of gene expression
Hsp83	7227.FBpp0305095	GO Process	GO:0010556	Regulation of macromolecule biosynthetic process
Hsp83	7227.FBpp0305095	GO Process	GO:0010558	Negative regulation of macromolecule biosynthetic process
Hsp83	7227.FBpp0305095	GO Process	GO:0010605	Negative regulation of macromolecule metabolic process
Hsp83	7227.FBpp0305095	GO Process	GO:0010629	Negative regulation of gene expression
Hsp83	7227.FBpp0305095	GO Process	GO:0010646	Regulation of cell communication
Hsp83	7227.FBpp0305095	GO Process	GO:0010647	Positive regulation of cell communication
Hsp83	7227.FBpp0305095	GO Process	GO:0010720	Positive regulation of cell development
Hsp83	7227.FBpp0305095	GO Process	GO:0016043	Cellular component organization
Hsp83	7227.FBpp0305095	GO Process	GO:0016050	Vesicle organization
Hsp83	7227.FBpp0305095	GO Process	GO:0016192	Vesicle-mediated transport
Hsp83	7227.FBpp0305095	GO Process	GO:0019094	Pole plasm mRNA localization
Hsp83	7227.FBpp0305095	GO Process	GO:0019222	Regulation of metabolic process
Hsp83	7227.FBpp0305095	GO Process	GO:0019538	Protein metabolic process
Hsp83	7227.FBpp0305095	GO Process	GO:0019953	Sexual reproduction
Hsp83	7227.FBpp0305095	GO Process	GO:0021700	Developmental maturation
Hsp83	7227.FBpp0305095	GO Process	GO:0022402	Cell cycle process
Hsp83	7227.FBpp0305095	GO Process	GO:0022412	Cellular process involved in reproduction in multicellular organism
Hsp83	7227.FBpp0305095	GO Process	GO:0022414	Reproductive process
Hsp83	7227.FBpp0305095	GO Process	GO:0022607	Cellular component assembly
Hsp83	7227.FBpp0305095	GO Process	GO:0022613	Ribonucleoprotein complex biogenesis
Hsp83	7227.FBpp0305095	GO Process	GO:0022618	protein-RNA complex assembly
Hsp83	7227.FBpp0305095	GO Process	GO:0023051	Regulation of signaling
Hsp83	7227.FBpp0305095	GO Process	GO:0023056	Positive regulation of signaling
Hsp83	7227.FBpp0305095	GO Process	GO:0030154	Cell differentiation
Hsp83	7227.FBpp0305095	GO Process	GO:0031023	Microtubule organizing center organization
Hsp83	7227.FBpp0305095	GO Process	GO:0031047	Regulatory ncRNA-mediated gene silencing
Hsp83	7227.FBpp0305095	GO Process	GO:0031647	Regulation of protein stability
Hsp83	7227.FBpp0305095	GO Process	GO:0032501	Multicellular organismal process
Hsp83	7227.FBpp0305095	GO Process	GO:0032502	Developmental process
Hsp83	7227.FBpp0305095	GO Process	GO:0032940	Secretion by cell
Hsp83	7227.FBpp0305095	GO Process	GO:0033036	Macromolecule localization
Hsp83	7227.FBpp0305095	GO Process	GO:0033554	Cellular response to stress
Hsp83	7227.FBpp0305095	GO Process	GO:0034605	Cellular response to heat
Hsp83	7227.FBpp0305095	GO Process	GO:0035282	Segmentation
Hsp83	7227.FBpp0305095	GO Process	GO:0042127	Regulation of cell population proliferation
Hsp83	7227.FBpp0305095	GO Process	GO:0042749	Regulation of circadian sleep/wake cycle
Hsp83	7227.FBpp0305095	GO Process	GO:0042752	Regulation of circadian rhythm
Hsp83	7227.FBpp0305095	GO Process	GO:0043170	Macromolecule metabolic process
Hsp83	7227.FBpp0305095	GO Process	GO:0043248	Proteasome assembly
Hsp83	7227.FBpp0305095	GO Process	GO:0043933	Protein-containing complex organization
Hsp83	7227.FBpp0305095	GO Process	GO:0044085	Cellular component biogenesis
Hsp83	7227.FBpp0305095	GO Process	GO:0044238	Primary metabolic process
Hsp83	7227.FBpp0305095	GO Process	GO:0045187	Regulation of circadian sleep/wake cycle, sleep
Hsp83	7227.FBpp0305095	GO Process	GO:0045595	Regulation of cell differentiation
Hsp83	7227.FBpp0305095	GO Process	GO:0045597	Positive regulation of cell differentiation
Hsp83	7227.FBpp0305095	GO Process	GO:0046626	Regulation of insulin receptor signaling pathway
Hsp83	7227.FBpp0305095	GO Process	GO:0046628	Positive regulation of insulin receptor signaling pathway
Hsp83	7227.FBpp0305095	GO Process	GO:0046903	Secretion
Hsp83	7227.FBpp0305095	GO Process	GO:0048284	Organelle fusion
Hsp83	7227.FBpp0305095	GO Process	GO:0048468	Cell development
Hsp83	7227.FBpp0305095	GO Process	GO:0048469	Cell maturation
Hsp83	7227.FBpp0305095	GO Process	GO:0048477	Oogenesis
Hsp83	7227.FBpp0305095	GO Process	GO:0048518	Positive regulation of biological process
Hsp83	7227.FBpp0305095	GO Process	GO:0048519	Negative regulation of biological process
Hsp83	7227.FBpp0305095	GO Process	GO:0048522	Positive regulation of cellular process
Hsp83	7227.FBpp0305095	GO Process	GO:0048523	Negative regulation of cellular process
Hsp83	7227.FBpp0305095	GO Process	GO:0048583	Regulation of response to stimulus
Hsp83	7227.FBpp0305095	GO Process	GO:0048584	Positive regulation of response to stimulus
Hsp83	7227.FBpp0305095	GO Process	GO:0048599	Oocyte development
Hsp83	7227.FBpp0305095	GO Process	GO:0048609	Multicellular organismal reproductive process
Hsp83	7227.FBpp0305095	GO Process	GO:0048856	Anatomical structure development
Hsp83	7227.FBpp0305095	GO Process	GO:0048869	Cellular developmental process
Hsp83	7227.FBpp0305095	GO Process	GO:0050767	Regulation of neurogenesis
Hsp83	7227.FBpp0305095	GO Process	GO:0050769	Positive regulation of neurogenesis
Hsp83	7227.FBpp0305095	GO Process	GO:0050789	Regulation of biological process
Hsp83	7227.FBpp0305095	GO Process	GO:0050793	Regulation of developmental process
Hsp83	7227.FBpp0305095	GO Process	GO:0050794	Regulation of cellular process
Hsp83	7227.FBpp0305095	GO Process	GO:0050795	Regulation of behavior
Hsp83	7227.FBpp0305095	GO Process	GO:0050821	Protein stabilization
Hsp83	7227.FBpp0305095	GO Process	GO:0050896	Response to stimulus
Hsp83	7227.FBpp0305095	GO Process	GO:0051094	Positive regulation of developmental process
Hsp83	7227.FBpp0305095	GO Process	GO:0051179	Localization
Hsp83	7227.FBpp0305095	GO Process	GO:0051234	Establishment of localization
Hsp83	7227.FBpp0305095	GO Process	GO:0051239	Regulation of multicellular organismal process
Hsp83	7227.FBpp0305095	GO Process	GO:0051240	Positive regulation of multicellular organismal process
Hsp83	7227.FBpp0305095	GO Process	GO:0051604	Protein maturation
Hsp83	7227.FBpp0305095	GO Process	GO:0051640	Organelle localization
Hsp83	7227.FBpp0305095	GO Process	GO:0051641	Cellular localization
Hsp83	7227.FBpp0305095	GO Process	GO:0051648	Vesicle localization
Hsp83	7227.FBpp0305095	GO Process	GO:0051649	Establishment of localization in cell
Hsp83	7227.FBpp0305095	GO Process	GO:0051650	Establishment of vesicle localization
Hsp83	7227.FBpp0305095	GO Process	GO:0051656	Establishment of organelle localization
Hsp83	7227.FBpp0305095	GO Process	GO:0051716	Cellular response to stimulus
Hsp83	7227.FBpp0305095	GO Process	GO:0051960	Regulation of nervous system development
Hsp83	7227.FBpp0305095	GO Process	GO:0051962	Positive regulation of nervous system development
Hsp83	7227.FBpp0305095	GO Process	GO:0060255	Regulation of macromolecule metabolic process
Hsp83	7227.FBpp0305095	GO Process	GO:0060284	Regulation of cell development
Hsp83	7227.FBpp0305095	GO Process	GO:0060810	Intracellular mRNA localization involved in pattern specification process
Hsp83	7227.FBpp0305095	GO Process	GO:0060811	Intracellular mRNA localization involved in anterior/posterior axis specification
Hsp83	7227.FBpp0305095	GO Process	GO:0061024	Membrane organization
Hsp83	7227.FBpp0305095	GO Process	GO:0061025	Membrane fusion
Hsp83	7227.FBpp0305095	GO Process	GO:0065003	Protein-containing complex assembly
Hsp83	7227.FBpp0305095	GO Process	GO:0065007	Biological regulation
Hsp83	7227.FBpp0305095	GO Process	GO:0065008	Regulation of biological quality
Hsp83	7227.FBpp0305095	GO Process	GO:0070922	RISC complex assembly
Hsp83	7227.FBpp0305095	GO Process	GO:0071695	Anatomical structure maturation
Hsp83	7227.FBpp0305095	GO Process	GO:0071826	protein-RNA complex organization
Hsp83	7227.FBpp0305095	GO Process	GO:0071840	Cellular component organization or biogenesis
Hsp83	7227.FBpp0305095	GO Process	GO:0090174	Organelle membrane fusion
Hsp83	7227.FBpp0305095	GO Process	GO:0097734	Extracellular exosome biogenesis
Hsp83	7227.FBpp0305095	GO Process	GO:0097753	Membrane bending
Hsp83	7227.FBpp0305095	GO Process	GO:0098866	Multivesicular body fusion to apical plasma membrane
Hsp83	7227.FBpp0305095	GO Process	GO:0099500	Vesicle fusion to plasma membrane
Hsp83	7227.FBpp0305095	GO Process	GO:0140029	Exocytic process
Hsp83	7227.FBpp0305095	GO Process	GO:0140112	Extracellular vesicle biogenesis
Hsp83	7227.FBpp0305095	GO Process	GO:0140352	Export from cell
Hsp83	7227.FBpp0305095	GO Process	GO:1900076	Regulation of cellular response to insulin stimulus
Hsp83	7227.FBpp0305095	GO Process	GO:1900078	Positive regulation of cellular response to insulin stimulus
Hsp83	7227.FBpp0305095	GO Process	GO:1902692	Regulation of neuroblast proliferation
Hsp83	7227.FBpp0305095	GO Process	GO:1990182	Exosomal secretion
Hsp83	7227.FBpp0305095	GO Process	GO:2000026	Regulation of multicellular organismal development
Hsp83	7227.FBpp0305095	GO Process	GO:2000177	Regulation of neural precursor cell proliferation
Hsp83	7227.FBpp0305095	GO Process	GO:2000179	Positive regulation of neural precursor cell proliferation
Hsp83	7227.FBpp0305095	GO Function	GO:0000166	Nucleotide binding
Hsp83	7227.FBpp0305095	GO Function	GO:0003824	Catalytic activity
Hsp83	7227.FBpp0305095	GO Function	GO:0005102	Signaling receptor binding
Hsp83	7227.FBpp0305095	GO Function	GO:0005158	Insulin receptor binding
Hsp83	7227.FBpp0305095	GO Function	GO:0005488	Binding
Hsp83	7227.FBpp0305095	GO Function	GO:0005515	Protein binding
Hsp83	7227.FBpp0305095	GO Function	GO:0005524	ATP binding
Hsp83	7227.FBpp0305095	GO Function	GO:0016462	Pyrophosphatase activity
Hsp83	7227.FBpp0305095	GO Function	GO:0016787	Hydrolase activity
Hsp83	7227.FBpp0305095	GO Function	GO:0016817	Hydrolase activity, acting on acid anhydrides
Hsp83	7227.FBpp0305095	GO Function	GO:0016818	Hydrolase activity, acting on acid anhydrides, in phosphorus-containing anhydrides
Hsp83	7227.FBpp0305095	GO Function	GO:0016887	ATP hydrolysis activity
Hsp83	7227.FBpp0305095	GO Function	GO:0017076	Purine nucleotide binding
Hsp83	7227.FBpp0305095	GO Function	GO:0017111	Ribonucleoside triphosphate phosphatase activity
Hsp83	7227.FBpp0305095	GO Function	GO:0019904	Protein domain specific binding
Hsp83	7227.FBpp0305095	GO Function	GO:0030554	Adenyl nucleotide binding
Hsp83	7227.FBpp0305095	GO Function	GO:0030911	TPR domain binding
Hsp83	7227.FBpp0305095	GO Function	GO:0032553	Ribonucleotide binding
Hsp83	7227.FBpp0305095	GO Function	GO:0032555	Purine ribonucleotide binding
Hsp83	7227.FBpp0305095	GO Function	GO:0032559	Adenyl ribonucleotide binding
Hsp83	7227.FBpp0305095	GO Function	GO:0035639	Purine ribonucleoside triphosphate binding
Hsp83	7227.FBpp0305095	GO Function	GO:0036094	Small molecule binding
Hsp83	7227.FBpp0305095	GO Function	GO:0043167	Ion binding
Hsp83	7227.FBpp0305095	GO Function	GO:0043168	Anion binding
Hsp83	7227.FBpp0305095	GO Function	GO:0044183	Protein folding chaperone
Hsp83	7227.FBpp0305095	GO Function	GO:0051082	Unfolded protein binding
Hsp83	7227.FBpp0305095	GO Function	GO:0097367	Carbohydrate derivative binding
Hsp83	7227.FBpp0305095	GO Function	GO:0140657	ATP-dependent activity
Hsp83	7227.FBpp0305095	GO Function	GO:0140662	ATP-dependent protein folding chaperone
Hsp83	7227.FBpp0305095	GO Function	GO:1901265	Nucleoside phosphate binding
Hsp83	7227.FBpp0305095	GO Function	GO:1901363	Heterocyclic compound binding
Hsp83	7227.FBpp0305095	GO Component	GO:0005622	Intracellular anatomical structure
Hsp83	7227.FBpp0305095	GO Component	GO:0005694	Chromosome
Hsp83	7227.FBpp0305095	GO Component	GO:0005700	Polytene chromosome
Hsp83	7227.FBpp0305095	GO Component	GO:0005705	Polytene chromosome interband
Hsp83	7227.FBpp0305095	GO Component	GO:0005737	Cytoplasm
Hsp83	7227.FBpp0305095	GO Component	GO:0005739	Mitochondrion
Hsp83	7227.FBpp0305095	GO Component	GO:0005783	Endoplasmic reticulum
Hsp83	7227.FBpp0305095	GO Component	GO:0005813	Centrosome
Hsp83	7227.FBpp0305095	GO Component	GO:0005815	Microtubule organizing center
Hsp83	7227.FBpp0305095	GO Component	GO:0005829	Cytosol
Hsp83	7227.FBpp0305095	GO Component	GO:0005856	Cytoskeleton
Hsp83	7227.FBpp0305095	GO Component	GO:0005886	Plasma membrane
Hsp83	7227.FBpp0305095	GO Component	GO:0012505	Endomembrane system
Hsp83	7227.FBpp0305095	GO Component	GO:0015630	Microtubule cytoskeleton
Hsp83	7227.FBpp0305095	GO Component	GO:0016020	Membrane
Hsp83	7227.FBpp0305095	GO Component	GO:0032991	Protein-containing complex
Hsp83	7227.FBpp0305095	GO Component	GO:0034663	Endoplasmic reticulum chaperone complex
Hsp83	7227.FBpp0305095	GO Component	GO:0043226	Organelle
Hsp83	7227.FBpp0305095	GO Component	GO:0043227	Membrane-bounded organelle
Hsp83	7227.FBpp0305095	GO Component	GO:0043228	Membraneless organelle
Hsp83	7227.FBpp0305095	GO Component	GO:0043229	Intracellular organelle
Hsp83	7227.FBpp0305095	GO Component	GO:0043231	Intracellular membrane-bounded organelle
Hsp83	7227.FBpp0305095	GO Component	GO:0043232	Intracellular membraneless organelle
Hsp83	7227.FBpp0305095	GO Component	GO:0048471	Perinuclear region of cytoplasm
Hsp83	7227.FBpp0305095	GO Component	GO:0071944	Cell periphery
Hsp83	7227.FBpp0305095	GO Component	GO:0098687	Chromosomal region
Hsp83	7227.FBpp0305095	GO Component	GO:0101031	Protein folding chaperone complex
Hsp83	7227.FBpp0305095	GO Component	GO:0110165	Cellular anatomical structure
Hsp83	7227.FBpp0305095	GO Component	GO:0140534	Endoplasmic reticulum protein-containing complex
Hsp83	7227.FBpp0305095	GO Component	GO:0140535	Intracellular protein-containing complex
Hsp83	7227.FBpp0305095	STRING clusters	CL:10098	Protein folding, and Tetratricopeptide repeats
Hsp83	7227.FBpp0305095	STRING clusters	CL:10100	Protein folding, and Adenyl-nucleotide exchange factor activity
Hsp83	7227.FBpp0305095	STRING clusters	CL:10102	Mixed, incl. Protein refolding, and Adenyl-nucleotide exchange factor activity
Hsp83	7227.FBpp0305095	STRING clusters	CL:10103	Mixed, incl. Protein-folding chaperone binding, and MreB/Mbl protein
Hsp83	7227.FBpp0305095	STRING clusters	CL:10104	Protein-folding chaperone binding, and Multivesicular body fusion to apical plasma membrane
Hsp83	7227.FBpp0305095	STRING clusters	CL:10132	Mixed, incl. Multivesicular body fusion to apical plasma membrane, and Protein Phosphatase PPP
Hsp83	7227.FBpp0305095	KEGG	dme04141	Protein processing in endoplasmic reticulum
Hsp83	7227.FBpp0305095	Reactome	DME-1227986	Signaling by ERBB2
Hsp83	7227.FBpp0305095	Reactome	DME-1266738	Developmental Biology
Hsp83	7227.FBpp0305095	Reactome	DME-1430728	Metabolism
Hsp83	7227.FBpp0305095	Reactome	DME-1474151	Tetrahydrobiopterin (BH4) synthesis, recycling, salvage and regulation
Hsp83	7227.FBpp0305095	Reactome	DME-162582	Signal Transduction
Hsp83	7227.FBpp0305095	Reactome	DME-168249	Innate Immune System
Hsp83	7227.FBpp0305095	Reactome	DME-168256	Immune System
Hsp83	7227.FBpp0305095	Reactome	DME-168643	Nucleotide-binding domain, leucine rich repeat containing receptor (NLR) signaling pathways
Hsp83	7227.FBpp0305095	Reactome	DME-194138	Signaling by VEGF
Hsp83	7227.FBpp0305095	Reactome	DME-194315	Signaling by Rho GTPases
Hsp83	7227.FBpp0305095	Reactome	DME-196854	Metabolism of vitamins and cofactors
Hsp83	7227.FBpp0305095	Reactome	DME-202131	Metabolism of nitric oxide: NOS3 activation and regulation
Hsp83	7227.FBpp0305095	Reactome	DME-2029480	Fcgamma receptor (FCGR) dependent phagocytosis
Hsp83	7227.FBpp0305095	Reactome	DME-2029482	Regulation of actin dynamics for phagocytic cup formation
Hsp83	7227.FBpp0305095	Reactome	DME-203615	eNOS activation
Hsp83	7227.FBpp0305095	Reactome	DME-211859	Biological oxidations
Hsp83	7227.FBpp0305095	Reactome	DME-211945	Phase I - Functionalization of compounds
Hsp83	7227.FBpp0305095	Reactome	DME-2262752	Cellular responses to stress
Hsp83	7227.FBpp0305095	Reactome	DME-3371497	HSP90 chaperone cycle for steroid hormone receptors (SHR) in the presence of ligand
Hsp83	7227.FBpp0305095	Reactome	DME-3371511	HSF1 activation
Hsp83	7227.FBpp0305095	Reactome	DME-3371556	Cellular response to heat stress
Hsp83	7227.FBpp0305095	Reactome	DME-3371568	Attenuation phase
Hsp83	7227.FBpp0305095	Reactome	DME-3371571	HSF1-dependent transactivation
Hsp83	7227.FBpp0305095	Reactome	DME-373755	Semaphorin interactions
Hsp83	7227.FBpp0305095	Reactome	DME-399954	Sema3A PAK dependent Axon repulsion
Hsp83	7227.FBpp0305095	Reactome	DME-422475	Axon guidance
Hsp83	7227.FBpp0305095	Reactome	DME-4420097	VEGFA-VEGFR2 Pathway
Hsp83	7227.FBpp0305095	Reactome	DME-5218920	VEGFR2 mediated vascular permeability
Hsp83	7227.FBpp0305095	Reactome	DME-622312	Inflammasomes
Hsp83	7227.FBpp0305095	Reactome	DME-6798695	Neutrophil degranulation
Hsp83	7227.FBpp0305095	Reactome	DME-844456	The NLRP3 inflammasome
Hsp83	7227.FBpp0305095	Reactome	DME-8863795	Downregulation of ERBB2 signaling
Hsp83	7227.FBpp0305095	Reactome	DME-8937144	Aryl hydrocarbon receptor signalling
Hsp83	7227.FBpp0305095	Reactome	DME-8939211	ESR-mediated signaling
Hsp83	7227.FBpp0305095	Reactome	DME-8953897	Cellular responses to stimuli
Hsp83	7227.FBpp0305095	Reactome	DME-8978934	Metabolism of cofactors
Hsp83	7227.FBpp0305095	Reactome	DME-9006931	Signaling by Nuclear Receptors
Hsp83	7227.FBpp0305095	Reactome	DME-9006934	Signaling by Receptor Tyrosine Kinases
Hsp83	7227.FBpp0305095	Reactome	DME-9009391	Extra-nuclear estrogen signaling
Hsp83	7227.FBpp0305095	Reactome	DME-9012999	RHO GTPase cycle
Hsp83	7227.FBpp0305095	Reactome	DME-9013418	RHOBTB2 GTPase cycle
Hsp83	7227.FBpp0305095	Reactome	DME-9018519	Estrogen-dependent gene expression
Hsp83	7227.FBpp0305095	Reactome	DME-9652282	Drug-mediated inhibition of ERBB2 signaling
Hsp83	7227.FBpp0305095	Reactome	DME-9675108	Nervous system development
Hsp83	7227.FBpp0305095	Reactome	DME-9706574	RHOBTB GTPase Cycle
Hsp83	7227.FBpp0305095	Reactome	DME-9716542	Signaling by Rho GTPases, Miro GTPases and RHOBTB3
Hsp83	7227.FBpp0305095	COMPARTMENTS	GOCC:0005622	Intracellular anatomical structure
Hsp83	7227.FBpp0305095	COMPARTMENTS	GOCC:0005694	Chromosome
Hsp83	7227.FBpp0305095	COMPARTMENTS	GOCC:0005700	Polytene chromosome
Hsp83	7227.FBpp0305095	COMPARTMENTS	GOCC:0005705	Polytene chromosome interband
Hsp83	7227.FBpp0305095	COMPARTMENTS	GOCC:0005737	Cytoplasm
Hsp83	7227.FBpp0305095	COMPARTMENTS	GOCC:0005739	Mitochondrion
Hsp83	7227.FBpp0305095	COMPARTMENTS	GOCC:0005783	Endoplasmic reticulum
Hsp83	7227.FBpp0305095	COMPARTMENTS	GOCC:0005813	Centrosome
Hsp83	7227.FBpp0305095	COMPARTMENTS	GOCC:0005815	Microtubule organizing center
Hsp83	7227.FBpp0305095	COMPARTMENTS	GOCC:0005856	Cytoskeleton
Hsp83	7227.FBpp0305095	COMPARTMENTS	GOCC:0012505	Endomembrane system
Hsp83	7227.FBpp0305095	COMPARTMENTS	GOCC:0015630	Microtubule cytoskeleton
Hsp83	7227.FBpp0305095	COMPARTMENTS	GOCC:0032991	Protein-containing complex
Hsp83	7227.FBpp0305095	COMPARTMENTS	GOCC:0034663	Endoplasmic reticulum chaperone complex
Hsp83	7227.FBpp0305095	COMPARTMENTS	GOCC:0043226	Organelle
Hsp83	7227.FBpp0305095	COMPARTMENTS	GOCC:0043227	Membrane-bounded organelle
Hsp83	7227.FBpp0305095	COMPARTMENTS	GOCC:0043228	Membraneless organelle
Hsp83	7227.FBpp0305095	COMPARTMENTS	GOCC:0043229	Intracellular organelle
Hsp83	7227.FBpp0305095	COMPARTMENTS	GOCC:0043231	Intracellular membrane-bounded organelle
Hsp83	7227.FBpp0305095	COMPARTMENTS	GOCC:0043232	Intracellular membraneless organelle
Hsp83	7227.FBpp0305095	COMPARTMENTS	GOCC:0048471	Perinuclear region of cytoplasm
Hsp83	7227.FBpp0305095	COMPARTMENTS	GOCC:0098687	Chromosomal region
Hsp83	7227.FBpp0305095	COMPARTMENTS	GOCC:0101031	Protein folding chaperone complex
Hsp83	7227.FBpp0305095	COMPARTMENTS	GOCC:0110165	Cellular anatomical structure
Hsp83	7227.FBpp0305095	COMPARTMENTS	GOCC:0140534	Endoplasmic reticulum protein-containing complex
Hsp83	7227.FBpp0305095	Monarch	FBcv:0000007	Female semi-fertile
Hsp83	7227.FBpp0305095	Monarch	FBcv:0000349	Viable
Hsp83	7227.FBpp0305095	Monarch	FBcv:0000351	Lethal
Hsp83	7227.FBpp0305095	Monarch	FBcv:0000352	Partially lethal - majority die
Hsp83	7227.FBpp0305095	Monarch	FBcv:0000354	Visible
Hsp83	7227.FBpp0305095	Monarch	FBcv:0000364	Sterile
Hsp83	7227.FBpp0305095	Monarch	FBcv:0000365	Semi-sterile
Hsp83	7227.FBpp0305095	Monarch	FBcv:0000367	Female semi-sterile
Hsp83	7227.FBpp0305095	Monarch	FBcv:0000370	Male sterile
Hsp83	7227.FBpp0305095	Monarch	FBcv:0000374	Fertile
Hsp83	7227.FBpp0305095	Monarch	FBcv:0000375	Semi-fertile
Hsp83	7227.FBpp0305095	Monarch	FBcv:0000377	Female fertile
Hsp83	7227.FBpp0305095	Monarch	FBcv:0000385	Short lived
Hsp83	7227.FBpp0305095	Monarch	FBcv:0000424	Abnormal cell death
Hsp83	7227.FBpp0305095	Monarch	FBcv:0000425	Increased cell death
Hsp83	7227.FBpp0305095	Monarch	FBcv:0000430	Abnormal cell polarity
Hsp83	7227.FBpp0305095	Monarch	FBcv:0000450	Abnormal developmental rate
Hsp83	7227.FBpp0305095	Monarch	FBcv:0002000	Lethal - all die before end of P-stage
Hsp83	7227.FBpp0305095	Monarch	FBcv:0002001	Lethal - all die before end of first instar larval stage
Hsp83	7227.FBpp0305095	Monarch	FBcv:0002002	Lethal - all die before end of larval stage
Hsp83	7227.FBpp0305095	Monarch	FBcv:0002003	Lethal - all die before end of second instar larval stage
Hsp83	7227.FBpp0305095	Monarch	FBcv:0002004	Increased mortality
Hsp83	7227.FBpp0305095	Monarch	FBcv:0002007	Lethal - all die during larval stage
Hsp83	7227.FBpp0305095	Monarch	FBcv:0002009	Lethal - all die during third instar larval stage
Hsp83	7227.FBpp0305095	Monarch	FBcv:0002012	Majority die during larval stage
Hsp83	7227.FBpp0305095	Monarch	FBcv:0002014	Majority die during third instar larval stage
Hsp83	7227.FBpp0305095	Monarch	FBcv:0002015	Partially lethal
Hsp83	7227.FBpp0305095	Monarch	FBcv:0002019	Increased mortality during development
Hsp83	7227.FBpp0305095	Monarch	FBcv:0002020	Some die during P-stage
Hsp83	7227.FBpp0305095	Monarch	FBcv:0002023	Some die during larval stage
Hsp83	7227.FBpp0305095	Monarch	FBcv:0002024	Some die during third instar larval stage
Hsp83	7227.FBpp0305095	Monarch	FBcv:0002026	Lethal - all die before end of prepupal stage
Hsp83	7227.FBpp0305095	Monarch	FBcv:0002027	Lethal - all die before end of pupal stage
Hsp83	7227.FBpp0305095	Monarch	FBcv:0002033	Lethal - all die during embryonic stage
Hsp83	7227.FBpp0305095	Monarch	FBcv:0002037	Majority die during embryonic stage
Hsp83	7227.FBpp0305095	Monarch	FBcv:0002039	Some die during pupal stage
Hsp83	7227.FBpp0305095	Monarch	FBcv:0002041	Some die during embryonic stage
Hsp83	7227.FBpp0305095	UniProt Keywords	KW-0067	ATP-binding
Hsp83	7227.FBpp0305095	UniProt Keywords	KW-0143	Chaperone
Hsp83	7227.FBpp0305095	UniProt Keywords	KW-0346	Stress response
Hsp83	7227.FBpp0305095	UniProt Keywords	KW-0547	Nucleotide-binding
Hsp83	7227.FBpp0305095	UniProt Keywords	KW-0597	Phosphoprotein
Hsp83	7227.FBpp0305095	UniProt Keywords	KW-0963	Cytoplasm
Hsp83	7227.FBpp0305095	Pfam	PF00183	Hsp90 protein
Hsp83	7227.FBpp0305095	InterPro	IPR001404	Heat shock protein Hsp90 family
Hsp83	7227.FBpp0305095	InterPro	IPR003594	Histidine kinase/HSP90-like ATPase domain
Hsp83	7227.FBpp0305095	InterPro	IPR019805	Heat shock protein Hsp90, conserved site
Hsp83	7227.FBpp0305095	InterPro	IPR020568	Ribosomal protein uS5 domain 2-type superfamily
Hsp83	7227.FBpp0305095	InterPro	IPR020575	Heat shock protein Hsp90, N-terminal
Hsp83	7227.FBpp0305095	InterPro	IPR036890	Histidine kinase/HSP90-like ATPase superfamily
Hsp83	7227.FBpp0305095	InterPro	IPR037196	HSP90, C-terminal domain
Hsp83	7227.FBpp0305095	SMART	SM00387	Histidine kinase-like ATPases
Ire1	7227.FBpp0112160	GO Process	GO:0000902	Cell morphogenesis
Ire1	7227.FBpp0112160	GO Process	GO:0001654	Eye development
Ire1	7227.FBpp0112160	GO Process	GO:0001745	Compound eye morphogenesis
Ire1	7227.FBpp0112160	GO Process	GO:0001751	Compound eye photoreceptor cell differentiation
Ire1	7227.FBpp0112160	GO Process	GO:0001752	Compound eye photoreceptor fate commitment
Ire1	7227.FBpp0112160	GO Process	GO:0001754	Eye photoreceptor cell differentiation
Ire1	7227.FBpp0112160	GO Process	GO:0006139	Nucleobase-containing compound metabolic process
Ire1	7227.FBpp0112160	GO Process	GO:0006396	RNA processing
Ire1	7227.FBpp0112160	GO Process	GO:0006397	mRNA processing
Ire1	7227.FBpp0112160	GO Process	GO:0006401	RNA catabolic process
Ire1	7227.FBpp0112160	GO Process	GO:0006402	mRNA catabolic process
Ire1	7227.FBpp0112160	GO Process	GO:0006629	Lipid metabolic process
Ire1	7227.FBpp0112160	GO Process	GO:0006638	Neutral lipid metabolic process
Ire1	7227.FBpp0112160	GO Process	GO:0006639	Acylglycerol metabolic process
Ire1	7227.FBpp0112160	GO Process	GO:0006641	Triglyceride metabolic process
Ire1	7227.FBpp0112160	GO Process	GO:0006642	Triglyceride mobilization
Ire1	7227.FBpp0112160	GO Process	GO:0006915	Apoptotic process
Ire1	7227.FBpp0112160	GO Process	GO:0006950	Response to stress
Ire1	7227.FBpp0112160	GO Process	GO:0006986	Response to unfolded protein
Ire1	7227.FBpp0112160	GO Process	GO:0006996	Organelle organization
Ire1	7227.FBpp0112160	GO Process	GO:0007030	Golgi organization
Ire1	7227.FBpp0112160	GO Process	GO:0007154	Cell communication
Ire1	7227.FBpp0112160	GO Process	GO:0007165	Signal transduction
Ire1	7227.FBpp0112160	GO Process	GO:0007275	Multicellular organism development
Ire1	7227.FBpp0112160	GO Process	GO:0007399	Nervous system development
Ire1	7227.FBpp0112160	GO Process	GO:0007423	Sensory organ development
Ire1	7227.FBpp0112160	GO Process	GO:0008152	Metabolic process
Ire1	7227.FBpp0112160	GO Process	GO:0008219	Cell death
Ire1	7227.FBpp0112160	GO Process	GO:0008594	Photoreceptor cell morphogenesis
Ire1	7227.FBpp0112160	GO Process	GO:0009056	Catabolic process
Ire1	7227.FBpp0112160	GO Process	GO:0009057	Macromolecule catabolic process
Ire1	7227.FBpp0112160	GO Process	GO:0009058	Biosynthetic process
Ire1	7227.FBpp0112160	GO Process	GO:0009059	Macromolecule biosynthetic process
Ire1	7227.FBpp0112160	GO Process	GO:0009267	Cellular response to starvation
Ire1	7227.FBpp0112160	GO Process	GO:0009653	Anatomical structure morphogenesis
Ire1	7227.FBpp0112160	GO Process	GO:0009887	Animal organ morphogenesis
Ire1	7227.FBpp0112160	GO Process	GO:0009889	Regulation of biosynthetic process
Ire1	7227.FBpp0112160	GO Process	GO:0009890	Negative regulation of biosynthetic process
Ire1	7227.FBpp0112160	GO Process	GO:0009892	Negative regulation of metabolic process
Ire1	7227.FBpp0112160	GO Process	GO:0009987	Cellular process
Ire1	7227.FBpp0112160	GO Process	GO:0010256	Endomembrane system organization
Ire1	7227.FBpp0112160	GO Process	GO:0010467	Gene expression
Ire1	7227.FBpp0112160	GO Process	GO:0010468	Regulation of gene expression
Ire1	7227.FBpp0112160	GO Process	GO:0010556	Regulation of macromolecule biosynthetic process
Ire1	7227.FBpp0112160	GO Process	GO:0010558	Negative regulation of macromolecule biosynthetic process
Ire1	7227.FBpp0112160	GO Process	GO:0010605	Negative regulation of macromolecule metabolic process
Ire1	7227.FBpp0112160	GO Process	GO:0010629	Negative regulation of gene expression
Ire1	7227.FBpp0112160	GO Process	GO:0012501	Programmed cell death
Ire1	7227.FBpp0112160	GO Process	GO:0016043	Cellular component organization
Ire1	7227.FBpp0112160	GO Process	GO:0016070	RNA metabolic process
Ire1	7227.FBpp0112160	GO Process	GO:0016071	mRNA metabolic process
Ire1	7227.FBpp0112160	GO Process	GO:0019222	Regulation of metabolic process
Ire1	7227.FBpp0112160	GO Process	GO:0022008	Neurogenesis
Ire1	7227.FBpp0112160	GO Process	GO:0023052	Signaling
Ire1	7227.FBpp0112160	GO Process	GO:0030030	Cell projection organization
Ire1	7227.FBpp0112160	GO Process	GO:0030154	Cell differentiation
Ire1	7227.FBpp0112160	GO Process	GO:0030182	Neuron differentiation
Ire1	7227.FBpp0112160	GO Process	GO:0030968	Endoplasmic reticulum unfolded protein response
Ire1	7227.FBpp0112160	GO Process	GO:0031175	Neuron projection development
Ire1	7227.FBpp0112160	GO Process	GO:0031667	Response to nutrient levels
Ire1	7227.FBpp0112160	GO Process	GO:0031669	Cellular response to nutrient levels
Ire1	7227.FBpp0112160	GO Process	GO:0032501	Multicellular organismal process
Ire1	7227.FBpp0112160	GO Process	GO:0032502	Developmental process
Ire1	7227.FBpp0112160	GO Process	GO:0032774	RNA biosynthetic process
Ire1	7227.FBpp0112160	GO Process	GO:0033554	Cellular response to stress
Ire1	7227.FBpp0112160	GO Process	GO:0034620	Cellular response to unfolded protein
Ire1	7227.FBpp0112160	GO Process	GO:0034654	Nucleobase-containing compound biosynthetic process
Ire1	7227.FBpp0112160	GO Process	GO:0034655	Nucleobase-containing compound catabolic process
Ire1	7227.FBpp0112160	GO Process	GO:0034976	Response to endoplasmic reticulum stress
Ire1	7227.FBpp0112160	GO Process	GO:0035556	Intracellular signal transduction
Ire1	7227.FBpp0112160	GO Process	GO:0035966	Response to topologically incorrect protein
Ire1	7227.FBpp0112160	GO Process	GO:0035967	Cellular response to topologically incorrect protein
Ire1	7227.FBpp0112160	GO Process	GO:0036498	IRE1-mediated unfolded protein response
Ire1	7227.FBpp0112160	GO Process	GO:0040008	Regulation of growth
Ire1	7227.FBpp0112160	GO Process	GO:0042051	Compound eye photoreceptor development
Ire1	7227.FBpp0112160	GO Process	GO:0042052	Rhabdomere development
Ire1	7227.FBpp0112160	GO Process	GO:0042461	Photoreceptor cell development
Ire1	7227.FBpp0112160	GO Process	GO:0042462	Eye photoreceptor cell development
Ire1	7227.FBpp0112160	GO Process	GO:0042592	Homeostatic process
Ire1	7227.FBpp0112160	GO Process	GO:0042594	Response to starvation
Ire1	7227.FBpp0112160	GO Process	GO:0042706	Eye photoreceptor cell fate commitment
Ire1	7227.FBpp0112160	GO Process	GO:0043170	Macromolecule metabolic process
Ire1	7227.FBpp0112160	GO Process	GO:0043484	Regulation of RNA splicing
Ire1	7227.FBpp0112160	GO Process	GO:0044238	Primary metabolic process
Ire1	7227.FBpp0112160	GO Process	GO:0045165	Cell fate commitment
Ire1	7227.FBpp0112160	GO Process	GO:0045926	Negative regulation of growth
Ire1	7227.FBpp0112160	GO Process	GO:0046486	Glycerolipid metabolic process
Ire1	7227.FBpp0112160	GO Process	GO:0046530	Photoreceptor cell differentiation
Ire1	7227.FBpp0112160	GO Process	GO:0046552	Photoreceptor cell fate commitment
Ire1	7227.FBpp0112160	GO Process	GO:0046620	Regulation of organ growth
Ire1	7227.FBpp0112160	GO Process	GO:0046621	Negative regulation of organ growth
Ire1	7227.FBpp0112160	GO Process	GO:0048468	Cell development
Ire1	7227.FBpp0112160	GO Process	GO:0048513	Animal organ development
Ire1	7227.FBpp0112160	GO Process	GO:0048519	Negative regulation of biological process
Ire1	7227.FBpp0112160	GO Process	GO:0048523	Negative regulation of cellular process
Ire1	7227.FBpp0112160	GO Process	GO:0048592	Eye morphogenesis
Ire1	7227.FBpp0112160	GO Process	GO:0048638	Regulation of developmental growth
Ire1	7227.FBpp0112160	GO Process	GO:0048640	Negative regulation of developmental growth
Ire1	7227.FBpp0112160	GO Process	GO:0048663	Neuron fate commitment
Ire1	7227.FBpp0112160	GO Process	GO:0048666	Neuron development
Ire1	7227.FBpp0112160	GO Process	GO:0048667	Cell morphogenesis involved in neuron differentiation
Ire1	7227.FBpp0112160	GO Process	GO:0048699	Generation of neurons
Ire1	7227.FBpp0112160	GO Process	GO:0048731	System development
Ire1	7227.FBpp0112160	GO Process	GO:0048749	Compound eye development
Ire1	7227.FBpp0112160	GO Process	GO:0048812	Neuron projection morphogenesis
Ire1	7227.FBpp0112160	GO Process	GO:0048856	Anatomical structure development
Ire1	7227.FBpp0112160	GO Process	GO:0048858	Cell projection morphogenesis
Ire1	7227.FBpp0112160	GO Process	GO:0048869	Cellular developmental process
Ire1	7227.FBpp0112160	GO Process	GO:0048878	Chemical homeostasis
Ire1	7227.FBpp0112160	GO Process	GO:0048880	Sensory system development
Ire1	7227.FBpp0112160	GO Process	GO:0050789	Regulation of biological process
Ire1	7227.FBpp0112160	GO Process	GO:0050793	Regulation of developmental process
Ire1	7227.FBpp0112160	GO Process	GO:0050794	Regulation of cellular process
Ire1	7227.FBpp0112160	GO Process	GO:0050896	Response to stimulus
Ire1	7227.FBpp0112160	GO Process	GO:0051093	Negative regulation of developmental process
Ire1	7227.FBpp0112160	GO Process	GO:0051239	Regulation of multicellular organismal process
Ire1	7227.FBpp0112160	GO Process	GO:0051241	Negative regulation of multicellular organismal process
Ire1	7227.FBpp0112160	GO Process	GO:0051716	Cellular response to stimulus
Ire1	7227.FBpp0112160	GO Process	GO:0055088	Lipid homeostasis
Ire1	7227.FBpp0112160	GO Process	GO:0060255	Regulation of macromolecule metabolic process
Ire1	7227.FBpp0112160	GO Process	GO:0061541	Rhabdomere morphogenesis
Ire1	7227.FBpp0112160	GO Process	GO:0065007	Biological regulation
Ire1	7227.FBpp0112160	GO Process	GO:0070059	Intrinsic apoptotic signaling pathway in response to endoplasmic reticulum stress
Ire1	7227.FBpp0112160	GO Process	GO:0071840	Cellular component organization or biogenesis
Ire1	7227.FBpp0112160	GO Process	GO:0080090	Regulation of primary metabolic process
Ire1	7227.FBpp0112160	GO Process	GO:0090304	Nucleic acid metabolic process
Ire1	7227.FBpp0112160	GO Process	GO:0090596	Sensory organ morphogenesis
Ire1	7227.FBpp0112160	GO Process	GO:0097190	Apoptotic signaling pathway
Ire1	7227.FBpp0112160	GO Process	GO:0097193	Intrinsic apoptotic signaling pathway
Ire1	7227.FBpp0112160	GO Process	GO:0120036	Plasma membrane bounded cell projection organization
Ire1	7227.FBpp0112160	GO Process	GO:0120039	Plasma membrane bounded cell projection morphogenesis
Ire1	7227.FBpp0112160	GO Process	GO:0141187	Nucleic acid biosynthetic process
Ire1	7227.FBpp0112160	GO Process	GO:0141188	Nucleic acid catabolic process
Ire1	7227.FBpp0112160	GO Process	GO:0150063	Visual system development
Ire1	7227.FBpp0112160	GO Function	GO:0000166	Nucleotide binding
Ire1	7227.FBpp0112160	GO Function	GO:0003824	Catalytic activity
Ire1	7227.FBpp0112160	GO Function	GO:0004518	Nuclease activity
Ire1	7227.FBpp0112160	GO Function	GO:0004519	Endonuclease activity
Ire1	7227.FBpp0112160	GO Function	GO:0004521	RNA endonuclease activity
Ire1	7227.FBpp0112160	GO Function	GO:0004540	RNA nuclease activity
Ire1	7227.FBpp0112160	GO Function	GO:0004672	Protein kinase activity
Ire1	7227.FBpp0112160	GO Function	GO:0004674	Protein serine/threonine kinase activity
Ire1	7227.FBpp0112160	GO Function	GO:0005488	Binding
Ire1	7227.FBpp0112160	GO Function	GO:0005515	Protein binding
Ire1	7227.FBpp0112160	GO Function	GO:0005524	ATP binding
Ire1	7227.FBpp0112160	GO Function	GO:0016301	Kinase activity
Ire1	7227.FBpp0112160	GO Function	GO:0016740	Transferase activity
Ire1	7227.FBpp0112160	GO Function	GO:0016772	Transferase activity, transferring phosphorus-containing groups
Ire1	7227.FBpp0112160	GO Function	GO:0016773	Phosphotransferase activity, alcohol group as acceptor
Ire1	7227.FBpp0112160	GO Function	GO:0016787	Hydrolase activity
Ire1	7227.FBpp0112160	GO Function	GO:0017076	Purine nucleotide binding
Ire1	7227.FBpp0112160	GO Function	GO:0030554	Adenyl nucleotide binding
Ire1	7227.FBpp0112160	GO Function	GO:0032553	Ribonucleotide binding
Ire1	7227.FBpp0112160	GO Function	GO:0032555	Purine ribonucleotide binding
Ire1	7227.FBpp0112160	GO Function	GO:0032559	Adenyl ribonucleotide binding
Ire1	7227.FBpp0112160	GO Function	GO:0035639	Purine ribonucleoside triphosphate binding
Ire1	7227.FBpp0112160	GO Function	GO:0036094	Small molecule binding
Ire1	7227.FBpp0112160	GO Function	GO:0043167	Ion binding
Ire1	7227.FBpp0112160	GO Function	GO:0043168	Anion binding
Ire1	7227.FBpp0112160	GO Function	GO:0043169	Cation binding
Ire1	7227.FBpp0112160	GO Function	GO:0046872	Metal ion binding
Ire1	7227.FBpp0112160	GO Function	GO:0051082	Unfolded protein binding
Ire1	7227.FBpp0112160	GO Function	GO:0097367	Carbohydrate derivative binding
Ire1	7227.FBpp0112160	GO Function	GO:0106310	Protein serine kinase activity
Ire1	7227.FBpp0112160	GO Function	GO:0140096	Catalytic activity, acting on a protein
Ire1	7227.FBpp0112160	GO Function	GO:0140098	Catalytic activity, acting on RNA
Ire1	7227.FBpp0112160	GO Function	GO:0140640	Catalytic activity, acting on a nucleic acid
Ire1	7227.FBpp0112160	GO Function	GO:1901265	Nucleoside phosphate binding
Ire1	7227.FBpp0112160	GO Function	GO:1901363	Heterocyclic compound binding
Ire1	7227.FBpp0112160	GO Component	GO:0005622	Intracellular anatomical structure
Ire1	7227.FBpp0112160	GO Component	GO:0005737	Cytoplasm
Ire1	7227.FBpp0112160	GO Component	GO:0005783	Endoplasmic reticulum
Ire1	7227.FBpp0112160	GO Component	GO:0005789	Endoplasmic reticulum membrane
Ire1	7227.FBpp0112160	GO Component	GO:0012505	Endomembrane system
Ire1	7227.FBpp0112160	GO Component	GO:0016020	Membrane
Ire1	7227.FBpp0112160	GO Component	GO:0031090	Organelle membrane
Ire1	7227.FBpp0112160	GO Component	GO:0031984	Organelle subcompartment
Ire1	7227.FBpp0112160	GO Component	GO:0042175	Nuclear outer membrane-endoplasmic reticulum membrane network
Ire1	7227.FBpp0112160	GO Component	GO:0043226	Organelle
Ire1	7227.FBpp0112160	GO Component	GO:0043227	Membrane-bounded organelle
Ire1	7227.FBpp0112160	GO Component	GO:0043229	Intracellular organelle
Ire1	7227.FBpp0112160	GO Component	GO:0043231	Intracellular membrane-bounded organelle
Ire1	7227.FBpp0112160	GO Component	GO:0098827	Endoplasmic reticulum subcompartment
Ire1	7227.FBpp0112160	GO Component	GO:0110165	Cellular anatomical structure
Ire1	7227.FBpp0112160	STRING clusters	CL:2352	Endoplasmic reticulum protein-containing complex, and Endoplasmic reticulum
Ire1	7227.FBpp0112160	STRING clusters	CL:2353	Mixed, incl. Protein processing in endoplasmic reticulum, and Protein export
Ire1	7227.FBpp0112160	STRING clusters	CL:2354	Endoplasmic reticulum protein-containing complex, and Protein processing in endoplasmic reticulum
Ire1	7227.FBpp0112160	STRING clusters	CL:2355	Endoplasmic reticulum protein-containing complex, and Protein processing in endoplasmic reticulum
Ire1	7227.FBpp0112160	STRING clusters	CL:2356	Endoplasmic reticulum protein-containing complex, and Protein processing in endoplasmic reticulum
Ire1	7227.FBpp0112160	STRING clusters	CL:2357	Protein processing in endoplasmic reticulum, and Protein export
Ire1	7227.FBpp0112160	STRING clusters	CL:2358	Protein processing in endoplasmic reticulum
Ire1	7227.FBpp0112160	STRING clusters	CL:2359	Protein processing in endoplasmic reticulum
Ire1	7227.FBpp0112160	STRING clusters	CL:2408	Integrated stress response signaling, and IRE1-mediated unfolded protein response
Ire1	7227.FBpp0112160	KEGG	dme04140	Autophagy - animal
Ire1	7227.FBpp0112160	KEGG	dme04141	Protein processing in endoplasmic reticulum
Ire1	7227.FBpp0112160	Reactome	DME-2262752	Cellular responses to stress
Ire1	7227.FBpp0112160	Reactome	DME-381119	Unfolded Protein Response (UPR)
Ire1	7227.FBpp0112160	Reactome	DME-8953897	Cellular responses to stimuli
Ire1	7227.FBpp0112160	COMPARTMENTS	GOCC:0005622	Intracellular anatomical structure
Ire1	7227.FBpp0112160	COMPARTMENTS	GOCC:0005737	Cytoplasm
Ire1	7227.FBpp0112160	COMPARTMENTS	GOCC:0005783	Endoplasmic reticulum
Ire1	7227.FBpp0112160	COMPARTMENTS	GOCC:0005789	Endoplasmic reticulum membrane
Ire1	7227.FBpp0112160	COMPARTMENTS	GOCC:0012505	Endomembrane system
Ire1	7227.FBpp0112160	COMPARTMENTS	GOCC:0016020	Membrane
Ire1	7227.FBpp0112160	COMPARTMENTS	GOCC:0031090	Organelle membrane
Ire1	7227.FBpp0112160	COMPARTMENTS	GOCC:0031984	Organelle subcompartment
Ire1	7227.FBpp0112160	COMPARTMENTS	GOCC:0032991	Protein-containing complex
Ire1	7227.FBpp0112160	COMPARTMENTS	GOCC:0042175	Nuclear outer membrane-endoplasmic reticulum membrane network
Ire1	7227.FBpp0112160	COMPARTMENTS	GOCC:0043226	Organelle
Ire1	7227.FBpp0112160	COMPARTMENTS	GOCC:0043227	Membrane-bounded organelle
Ire1	7227.FBpp0112160	COMPARTMENTS	GOCC:0043229	Intracellular organelle
Ire1	7227.FBpp0112160	COMPARTMENTS	GOCC:0043231	Intracellular membrane-bounded organelle
Ire1	7227.FBpp0112160	COMPARTMENTS	GOCC:0098827	Endoplasmic reticulum subcompartment
Ire1	7227.FBpp0112160	COMPARTMENTS	GOCC:0110165	Cellular anatomical structure
Ire1	7227.FBpp0112160	COMPARTMENTS	GOCC:0140534	Endoplasmic reticulum protein-containing complex
Ire1	7227.FBpp0112160	COMPARTMENTS	GOCC:1902555	Endoribonuclease complex
Ire1	7227.FBpp0112160	COMPARTMENTS	GOCC:1905348	Endonuclease complex
Ire1	7227.FBpp0112160	COMPARTMENTS	GOCC:1990332	Ire1 complex
Ire1	7227.FBpp0112160	Monarch	FBcv:0000349	Viable
Ire1	7227.FBpp0112160	Monarch	FBcv:0000351	Lethal
Ire1	7227.FBpp0112160	Monarch	FBcv:0000354	Visible
Ire1	7227.FBpp0112160	Monarch	FBcv:0000357	Abnormal size
Ire1	7227.FBpp0112160	Monarch	FBcv:0000359	Decreased cell number
Ire1	7227.FBpp0112160	Monarch	FBcv:0000365	Semi-sterile
Ire1	7227.FBpp0112160	Monarch	FBcv:0000367	Female semi-sterile
Ire1	7227.FBpp0112160	Monarch	FBcv:0000385	Short lived
Ire1	7227.FBpp0112160	Monarch	FBcv:0000424	Abnormal cell death
Ire1	7227.FBpp0112160	Monarch	FBcv:0000425	Increased cell death
Ire1	7227.FBpp0112160	Monarch	FBcv:0000709	Abnormal cell number
Ire1	7227.FBpp0112160	Monarch	FBcv:0002000	Lethal - all die before end of P-stage
Ire1	7227.FBpp0112160	Monarch	FBcv:0002002	Lethal - all die before end of larval stage
Ire1	7227.FBpp0112160	Monarch	FBcv:0002004	Increased mortality
Ire1	7227.FBpp0112160	Monarch	FBcv:0002019	Increased mortality during development
Ire1	7227.FBpp0112160	Monarch	FBcv:0002026	Lethal - all die before end of prepupal stage
Ire1	7227.FBpp0112160	Monarch	FBcv:0002027	Lethal - all die before end of pupal stage
Ire1	7227.FBpp0112160	UniProt Keywords	KW-0053	Apoptosis
Ire1	7227.FBpp0112160	UniProt Keywords	KW-0067	ATP-binding
Ire1	7227.FBpp0112160	UniProt Keywords	KW-0256	Endoplasmic reticulum
Ire1	7227.FBpp0112160	UniProt Keywords	KW-0378	Hydrolase
Ire1	7227.FBpp0112160	UniProt Keywords	KW-0418	Kinase
Ire1	7227.FBpp0112160	UniProt Keywords	KW-0460	Magnesium
Ire1	7227.FBpp0112160	UniProt Keywords	KW-0472	Membrane
Ire1	7227.FBpp0112160	UniProt Keywords	KW-0479	Metal-binding
Ire1	7227.FBpp0112160	UniProt Keywords	KW-0511	Multifunctional enzyme
Ire1	7227.FBpp0112160	UniProt Keywords	KW-0547	Nucleotide-binding
Ire1	7227.FBpp0112160	UniProt Keywords	KW-0597	Phosphoprotein
Ire1	7227.FBpp0112160	UniProt Keywords	KW-0723	Serine/threonine-protein kinase
Ire1	7227.FBpp0112160	UniProt Keywords	KW-0732	Signal
Ire1	7227.FBpp0112160	UniProt Keywords	KW-0804	Transcription
Ire1	7227.FBpp0112160	UniProt Keywords	KW-0805	Transcription regulation
Ire1	7227.FBpp0112160	UniProt Keywords	KW-0808	Transferase
Ire1	7227.FBpp0112160	UniProt Keywords	KW-0812	Transmembrane
Ire1	7227.FBpp0112160	UniProt Keywords	KW-1133	Transmembrane helix
Ire1	7227.FBpp0112160	InterPro	IPR000719	Protein kinase domain
Ire1	7227.FBpp0112160	InterPro	IPR008271	Serine/threonine-protein kinase, active site
Ire1	7227.FBpp0112160	InterPro	IPR011009	Protein kinase-like domain superfamily
Ire1	7227.FBpp0112160	InterPro	IPR011047	Quinoprotein alcohol dehydrogenase-like superfamily
Ire1	7227.FBpp0112160	InterPro	IPR015943	WD40/YVTN repeat-like-containing domain superfamily
Ire1	7227.FBpp0112160	InterPro	IPR018391	Pyrrolo-quinoline quinone beta-propeller repeat
Ire1	7227.FBpp0112160	SMART	SM00564	Beta-propeller repeat
Ire1	7227.FBpp0112160	SMART	SM00580	Domain in protein kinases, N-glycanases and other nuclear proteins
Irk1	7227.FBpp0307580	GO Process	GO:0006810	Transport
Irk1	7227.FBpp0307580	GO Process	GO:0006811	Monoatomic ion transport
Irk1	7227.FBpp0307580	GO Process	GO:0006812	Monoatomic cation transport
Irk1	7227.FBpp0307580	GO Process	GO:0006813	Potassium ion transport
Irk1	7227.FBpp0307580	GO Process	GO:0007444	Imaginal disc development
Irk1	7227.FBpp0307580	GO Process	GO:0007610	Behavior
Irk1	7227.FBpp0307580	GO Process	GO:0007622	Rhythmic behavior
Irk1	7227.FBpp0307580	GO Process	GO:0007623	Circadian rhythm
Irk1	7227.FBpp0307580	GO Process	GO:0007626	Locomotory behavior
Irk1	7227.FBpp0307580	GO Process	GO:0009987	Cellular process
Irk1	7227.FBpp0307580	GO Process	GO:0030001	Metal ion transport
Irk1	7227.FBpp0307580	GO Process	GO:0032501	Multicellular organismal process
Irk1	7227.FBpp0307580	GO Process	GO:0032502	Developmental process
Irk1	7227.FBpp0307580	GO Process	GO:0032879	Regulation of localization
Irk1	7227.FBpp0307580	GO Process	GO:0034220	Monoatomic ion transmembrane transport
Irk1	7227.FBpp0307580	GO Process	GO:0034762	Regulation of transmembrane transport
Irk1	7227.FBpp0307580	GO Process	GO:0034765	Regulation of monoatomic ion transmembrane transport
Irk1	7227.FBpp0307580	GO Process	GO:0035220	Wing disc development
Irk1	7227.FBpp0307580	GO Process	GO:0042391	Regulation of membrane potential
Irk1	7227.FBpp0307580	GO Process	GO:0043269	Regulation of monoatomic ion transport
Irk1	7227.FBpp0307580	GO Process	GO:0045475	Locomotor rhythm
Irk1	7227.FBpp0307580	GO Process	GO:0048511	Rhythmic process
Irk1	7227.FBpp0307580	GO Process	GO:0048512	Circadian behavior
Irk1	7227.FBpp0307580	GO Process	GO:0048513	Animal organ development
Irk1	7227.FBpp0307580	GO Process	GO:0048856	Anatomical structure development
Irk1	7227.FBpp0307580	GO Process	GO:0050789	Regulation of biological process
Irk1	7227.FBpp0307580	GO Process	GO:0050794	Regulation of cellular process
Irk1	7227.FBpp0307580	GO Process	GO:0051049	Regulation of transport
Irk1	7227.FBpp0307580	GO Process	GO:0051179	Localization
Irk1	7227.FBpp0307580	GO Process	GO:0051234	Establishment of localization
Irk1	7227.FBpp0307580	GO Process	GO:0055085	Transmembrane transport
Irk1	7227.FBpp0307580	GO Process	GO:0065007	Biological regulation
Irk1	7227.FBpp0307580	GO Process	GO:0065008	Regulation of biological quality
Irk1	7227.FBpp0307580	GO Process	GO:0071805	Potassium ion transmembrane transport
Irk1	7227.FBpp0307580	GO Process	GO:0098655	Monoatomic cation transmembrane transport
Irk1	7227.FBpp0307580	GO Process	GO:0098657	Import into cell
Irk1	7227.FBpp0307580	GO Process	GO:0098659	Inorganic cation import across plasma membrane
Irk1	7227.FBpp0307580	GO Process	GO:0098660	Inorganic ion transmembrane transport
Irk1	7227.FBpp0307580	GO Process	GO:0098662	Inorganic cation transmembrane transport
Irk1	7227.FBpp0307580	GO Process	GO:0098739	Import across plasma membrane
Irk1	7227.FBpp0307580	GO Process	GO:0099587	Inorganic ion import across plasma membrane
Irk1	7227.FBpp0307580	GO Process	GO:1990573	Potassium ion import across plasma membrane
Irk1	7227.FBpp0307580	GO Function	GO:0005215	Transporter activity
Irk1	7227.FBpp0307580	GO Function	GO:0005216	Monoatomic ion channel activity
Irk1	7227.FBpp0307580	GO Function	GO:0005242	Inward rectifier potassium channel activity
Irk1	7227.FBpp0307580	GO Function	GO:0005244	Voltage-gated monoatomic ion channel activity
Irk1	7227.FBpp0307580	GO Function	GO:0005249	Voltage-gated potassium channel activity
Irk1	7227.FBpp0307580	GO Function	GO:0005261	Monoatomic cation channel activity
Irk1	7227.FBpp0307580	GO Function	GO:0005267	Potassium channel activity
Irk1	7227.FBpp0307580	GO Function	GO:0008324	Monoatomic cation transmembrane transporter activity
Irk1	7227.FBpp0307580	GO Function	GO:0015075	Monoatomic ion transmembrane transporter activity
Irk1	7227.FBpp0307580	GO Function	GO:0015079	Potassium ion transmembrane transporter activity
Irk1	7227.FBpp0307580	GO Function	GO:0015267	Channel activity
Irk1	7227.FBpp0307580	GO Function	GO:0015276	Ligand-gated monoatomic ion channel activity
Irk1	7227.FBpp0307580	GO Function	GO:0015318	Inorganic molecular entity transmembrane transporter activity
Irk1	7227.FBpp0307580	GO Function	GO:0022803	Passive transmembrane transporter activity
Irk1	7227.FBpp0307580	GO Function	GO:0022832	Voltage-gated channel activity
Irk1	7227.FBpp0307580	GO Function	GO:0022834	Ligand-gated channel activity
Irk1	7227.FBpp0307580	GO Function	GO:0022836	Gated channel activity
Irk1	7227.FBpp0307580	GO Function	GO:0022843	Voltage-gated monoatomic cation channel activity
Irk1	7227.FBpp0307580	GO Function	GO:0022857	Transmembrane transporter activity
Irk1	7227.FBpp0307580	GO Function	GO:0022890	Inorganic cation transmembrane transporter activity
Irk1	7227.FBpp0307580	GO Function	GO:0046873	Metal ion transmembrane transporter activity
Irk1	7227.FBpp0307580	GO Function	GO:0099094	Ligand-gated monoatomic cation channel activity
Irk1	7227.FBpp0307580	GO Component	GO:0005886	Plasma membrane
Irk1	7227.FBpp0307580	GO Component	GO:0016020	Membrane
Irk1	7227.FBpp0307580	GO Component	GO:0032991	Protein-containing complex
Irk1	7227.FBpp0307580	GO Component	GO:0034702	Monoatomic ion channel complex
Irk1	7227.FBpp0307580	GO Component	GO:0071944	Cell periphery
Irk1	7227.FBpp0307580	GO Component	GO:0098796	Membrane protein complex
Irk1	7227.FBpp0307580	GO Component	GO:0110165	Cellular anatomical structure
Irk1	7227.FBpp0307580	GO Component	GO:1902495	Transmembrane transporter complex
Irk1	7227.FBpp0307580	GO Component	GO:1990351	Transporter complex
Irk1	7227.FBpp0307580	STRING clusters	CL:14239	Neuronal System, and Monoatomic ion channel complex
Irk1	7227.FBpp0307580	STRING clusters	CL:14399	Mixed, incl. Voltage-gated monoatomic cation channel activity, and Na+ channel auxiliary subunit TipE
Irk1	7227.FBpp0307580	STRING clusters	CL:14400	Voltage-gated potassium channel activity, and Phase 1 - inactivation of fast Na+ channels
Irk1	7227.FBpp0307580	STRING clusters	CL:14401	Voltage-gated potassium channel activity, and Phase 1 - inactivation of fast Na+ channels
Irk1	7227.FBpp0307580	STRING clusters	CL:14402	Voltage gated Potassium channels, and ATP sensitive Potassium channels
Irk1	7227.FBpp0307580	STRING clusters	CL:14430	ATP sensitive Potassium channels
Irk1	7227.FBpp0307580	Reactome	DME-112314	Neurotransmitter receptors and postsynaptic signal transmission
Irk1	7227.FBpp0307580	Reactome	DME-112315	Transmission across Chemical Synapses
Irk1	7227.FBpp0307580	Reactome	DME-112316	Neuronal System
Irk1	7227.FBpp0307580	Reactome	DME-1296025	ATP sensitive Potassium channels
Irk1	7227.FBpp0307580	Reactome	DME-1296041	Activation of G protein gated Potassium channels
Irk1	7227.FBpp0307580	Reactome	DME-1296053	Classical Kir channels
Irk1	7227.FBpp0307580	Reactome	DME-1296059	G protein gated Potassium channels
Irk1	7227.FBpp0307580	Reactome	DME-1296065	Inwardly rectifying K+ channels
Irk1	7227.FBpp0307580	Reactome	DME-1296067	Potassium transport channels
Irk1	7227.FBpp0307580	Reactome	DME-1296071	Potassium Channels
Irk1	7227.FBpp0307580	Reactome	DME-1430728	Metabolism
Irk1	7227.FBpp0307580	Reactome	DME-163685	Integration of energy metabolism
Irk1	7227.FBpp0307580	Reactome	DME-382551	Transport of small molecules
Irk1	7227.FBpp0307580	Reactome	DME-382556	ABC-family proteins mediated transport
Irk1	7227.FBpp0307580	Reactome	DME-397014	Muscle contraction
Irk1	7227.FBpp0307580	Reactome	DME-422356	Regulation of insulin secretion
Irk1	7227.FBpp0307580	Reactome	DME-5576886	Phase 4 - resting membrane potential
Irk1	7227.FBpp0307580	Reactome	DME-5576891	Cardiac conduction
Irk1	7227.FBpp0307580	Reactome	DME-5578775	Ion homeostasis
Irk1	7227.FBpp0307580	Reactome	DME-977443	GABA receptor activation
Irk1	7227.FBpp0307580	Reactome	DME-977444	GABA B receptor activation
Irk1	7227.FBpp0307580	Reactome	DME-991365	Activation of GABAB receptors
Irk1	7227.FBpp0307580	Reactome	DME-997272	Inhibition  of voltage gated Ca2+ channels via Gbeta/gamma subunits
Irk1	7227.FBpp0307580	COMPARTMENTS	GOCC:0016020	Membrane
Irk1	7227.FBpp0307580	COMPARTMENTS	GOCC:0110165	Cellular anatomical structure
Irk1	7227.FBpp0307580	Monarch	FBcv:0000349	Viable
Irk1	7227.FBpp0307580	Monarch	FBcv:0000351	Lethal
Irk1	7227.FBpp0307580	Monarch	FBcv:0000352	Partially lethal - majority die
Irk1	7227.FBpp0307580	Monarch	FBcv:0000354	Visible
Irk1	7227.FBpp0307580	Monarch	FBcv:0002000	Lethal - all die before end of P-stage
Irk1	7227.FBpp0307580	Monarch	FBcv:0002004	Increased mortality
Irk1	7227.FBpp0307580	Monarch	FBcv:0002005	Lethal - all die during P-stage
Irk1	7227.FBpp0307580	Monarch	FBcv:0002010	Majority die during P-stage
Irk1	7227.FBpp0307580	Monarch	FBcv:0002015	Partially lethal
Irk1	7227.FBpp0307580	Monarch	FBcv:0002019	Increased mortality during development
Irk1	7227.FBpp0307580	Monarch	FBcv:0002020	Some die during P-stage
Irk1	7227.FBpp0307580	Monarch	FBcv:0002039	Some die during pupal stage
Irk1	7227.FBpp0307580	UniProt Keywords	KW-0406	Ion transport
Irk1	7227.FBpp0307580	UniProt Keywords	KW-0407	Ion channel
Irk1	7227.FBpp0307580	UniProt Keywords	KW-0472	Membrane
Irk1	7227.FBpp0307580	UniProt Keywords	KW-0630	Potassium
Irk1	7227.FBpp0307580	UniProt Keywords	KW-0633	Potassium transport
Irk1	7227.FBpp0307580	UniProt Keywords	KW-0812	Transmembrane
Irk1	7227.FBpp0307580	UniProt Keywords	KW-0813	Transport
Irk1	7227.FBpp0307580	UniProt Keywords	KW-0851	Voltage-gated channel
Irk1	7227.FBpp0307580	UniProt Keywords	KW-1133	Transmembrane helix
Irk1	7227.FBpp0307580	Pfam	PF01007	Inward rectifier potassium channel transmembrane domain
Irk1	7227.FBpp0307580	InterPro	IPR013518	Potassium channel, inwardly rectifying, Kir, cytoplasmic
Irk1	7227.FBpp0307580	InterPro	IPR014756	Immunoglobulin E-set
Irk1	7227.FBpp0307580	InterPro	IPR016449	Potassium channel, inwardly rectifying, Kir
Irk1	7227.FBpp0307580	InterPro	IPR040445	Potassium channel, inwardly rectifying, transmembrane domain
Irk1	7227.FBpp0307580	InterPro	IPR041647	Inward rectifier potassium channel, C-terminal
Lgr3	7227.FBpp0084273	GO Process	GO:0007154	Cell communication
Lgr3	7227.FBpp0084273	GO Process	GO:0007165	Signal transduction
Lgr3	7227.FBpp0084273	GO Process	GO:0007186	G protein-coupled receptor signaling pathway
Lgr3	7227.FBpp0084273	GO Process	GO:0007188	Adenylate cyclase-modulating G protein-coupled receptor signaling pathway
Lgr3	7227.FBpp0084273	GO Process	GO:0007189	Adenylate cyclase-activating G protein-coupled receptor signaling pathway
Lgr3	7227.FBpp0084273	GO Process	GO:0007218	Neuropeptide signaling pathway
Lgr3	7227.FBpp0084273	GO Process	GO:0009719	Response to endogenous stimulus
Lgr3	7227.FBpp0084273	GO Process	GO:0009725	Response to hormone
Lgr3	7227.FBpp0084273	GO Process	GO:0009755	Hormone-mediated signaling pathway
Lgr3	7227.FBpp0084273	GO Process	GO:0009987	Cellular process
Lgr3	7227.FBpp0084273	GO Process	GO:0023052	Signaling
Lgr3	7227.FBpp0084273	GO Process	GO:0032870	Cellular response to hormone stimulus
Lgr3	7227.FBpp0084273	GO Process	GO:0040008	Regulation of growth
Lgr3	7227.FBpp0084273	GO Process	GO:0042221	Response to chemical
Lgr3	7227.FBpp0084273	GO Process	GO:0045926	Negative regulation of growth
Lgr3	7227.FBpp0084273	GO Process	GO:0048519	Negative regulation of biological process
Lgr3	7227.FBpp0084273	GO Process	GO:0048580	Regulation of post-embryonic development
Lgr3	7227.FBpp0084273	GO Process	GO:0048581	Negative regulation of post-embryonic development
Lgr3	7227.FBpp0084273	GO Process	GO:0048638	Regulation of developmental growth
Lgr3	7227.FBpp0084273	GO Process	GO:0048640	Negative regulation of developmental growth
Lgr3	7227.FBpp0084273	GO Process	GO:0050789	Regulation of biological process
Lgr3	7227.FBpp0084273	GO Process	GO:0050793	Regulation of developmental process
Lgr3	7227.FBpp0084273	GO Process	GO:0050794	Regulation of cellular process
Lgr3	7227.FBpp0084273	GO Process	GO:0050896	Response to stimulus
Lgr3	7227.FBpp0084273	GO Process	GO:0051093	Negative regulation of developmental process
Lgr3	7227.FBpp0084273	GO Process	GO:0051239	Regulation of multicellular organismal process
Lgr3	7227.FBpp0084273	GO Process	GO:0051241	Negative regulation of multicellular organismal process
Lgr3	7227.FBpp0084273	GO Process	GO:0051716	Cellular response to stimulus
Lgr3	7227.FBpp0084273	GO Process	GO:0065007	Biological regulation
Lgr3	7227.FBpp0084273	GO Process	GO:0070887	Cellular response to chemical stimulus
Lgr3	7227.FBpp0084273	GO Process	GO:0071495	Cellular response to endogenous stimulus
Lgr3	7227.FBpp0084273	GO Process	GO:0106023	Regulation of pupariation
Lgr3	7227.FBpp0084273	GO Process	GO:0106024	Negative regulation of pupariation
Lgr3	7227.FBpp0084273	GO Process	GO:2000026	Regulation of multicellular organismal development
Lgr3	7227.FBpp0084273	GO Function	GO:0001653	Peptide receptor activity
Lgr3	7227.FBpp0084273	GO Function	GO:0004888	Transmembrane signaling receptor activity
Lgr3	7227.FBpp0084273	GO Function	GO:0004930	G protein-coupled receptor activity
Lgr3	7227.FBpp0084273	GO Function	GO:0005488	Binding
Lgr3	7227.FBpp0084273	GO Function	GO:0005515	Protein binding
Lgr3	7227.FBpp0084273	GO Function	GO:0005520	Insulin-like growth factor binding
Lgr3	7227.FBpp0084273	GO Function	GO:0008188	Neuropeptide receptor activity
Lgr3	7227.FBpp0084273	GO Function	GO:0008528	G protein-coupled peptide receptor activity
Lgr3	7227.FBpp0084273	GO Function	GO:0019838	Growth factor binding
Lgr3	7227.FBpp0084273	GO Function	GO:0038023	Signaling receptor activity
Lgr3	7227.FBpp0084273	GO Function	GO:0060089	Molecular transducer activity
Lgr3	7227.FBpp0084273	GO Component	GO:0005886	Plasma membrane
Lgr3	7227.FBpp0084273	GO Component	GO:0016020	Membrane
Lgr3	7227.FBpp0084273	GO Component	GO:0071944	Cell periphery
Lgr3	7227.FBpp0084273	GO Component	GO:0110165	Cellular anatomical structure
Lgr3	7227.FBpp0084273	STRING clusters	CL:11137	Mixed, incl. MAPK signaling pathway - fly, and Cell surface receptor protein tyrosine kinase signaling pathway
Lgr3	7227.FBpp0084273	STRING clusters	CL:11138	Mixed, incl. Cell surface receptor protein tyrosine kinase signaling pathway, and MAPK signaling pathway - fly
Lgr3	7227.FBpp0084273	STRING clusters	CL:11139	Cell surface receptor protein tyrosine kinase signaling pathway, and Negative regulation of ERK1 and ERK2 cascade
Lgr3	7227.FBpp0084273	STRING clusters	CL:11140	Mixed, incl. IGF1R signaling cascade, and Insulin-like superfamily
Lgr3	7227.FBpp0084273	STRING clusters	CL:11194	Insulin signaling pathway, and Negative regulation of pupariation
Lgr3	7227.FBpp0084273	KEGG	dme04080	Neuroactive ligand-receptor interaction
Lgr3	7227.FBpp0084273	Reactome	DME-162582	Signal Transduction
Lgr3	7227.FBpp0084273	Reactome	DME-372790	Signaling by GPCR
Lgr3	7227.FBpp0084273	Reactome	DME-373076	Class A/1 (Rhodopsin-like receptors)
Lgr3	7227.FBpp0084273	Reactome	DME-375276	Peptide ligand-binding receptors
Lgr3	7227.FBpp0084273	Reactome	DME-388396	GPCR downstream signalling
Lgr3	7227.FBpp0084273	Reactome	DME-418555	G alpha (s) signalling events
Lgr3	7227.FBpp0084273	Reactome	DME-444821	Relaxin receptors
Lgr3	7227.FBpp0084273	Reactome	DME-500792	GPCR ligand binding
Lgr3	7227.FBpp0084273	COMPARTMENTS	GOCC:0016020	Membrane
Lgr3	7227.FBpp0084273	COMPARTMENTS	GOCC:0110165	Cellular anatomical structure
Lgr3	7227.FBpp0084273	Monarch	FBcv:0000354	Visible
Lgr3	7227.FBpp0084273	Monarch	FBcv:0000357	Abnormal size
Lgr3	7227.FBpp0084273	Monarch	FBcv:0000450	Abnormal developmental rate
Lgr3	7227.FBpp0084273	UniProt Keywords	KW-0297	G-protein coupled receptor
Lgr3	7227.FBpp0084273	UniProt Keywords	KW-0433	Leucine-rich repeat
Lgr3	7227.FBpp0084273	UniProt Keywords	KW-0472	Membrane
Lgr3	7227.FBpp0084273	UniProt Keywords	KW-0675	Receptor
Lgr3	7227.FBpp0084273	UniProt Keywords	KW-0677	Repeat
Lgr3	7227.FBpp0084273	UniProt Keywords	KW-0807	Transducer
Lgr3	7227.FBpp0084273	UniProt Keywords	KW-0812	Transmembrane
Lgr3	7227.FBpp0084273	UniProt Keywords	KW-1003	Cell membrane
Lgr3	7227.FBpp0084273	UniProt Keywords	KW-1015	Disulfide bond
Lgr3	7227.FBpp0084273	UniProt Keywords	KW-1133	Transmembrane helix
Lgr3	7227.FBpp0084273	Pfam	PF00001	7 transmembrane receptor (rhodopsin family)
Lgr3	7227.FBpp0084273	InterPro	IPR000276	G protein-coupled receptor, rhodopsin-like
Lgr3	7227.FBpp0084273	InterPro	IPR001611	Leucine-rich repeat
Lgr3	7227.FBpp0084273	InterPro	IPR002172	Low-density lipoprotein (LDL) receptor class A repeat
Lgr3	7227.FBpp0084273	InterPro	IPR003591	Leucine-rich repeat, typical subtype
Lgr3	7227.FBpp0084273	InterPro	IPR008112	Relaxin receptor
Lgr3	7227.FBpp0084273	InterPro	IPR017452	GPCR, rhodopsin-like, 7TM
Lgr3	7227.FBpp0084273	InterPro	IPR023415	Low-density lipoprotein (LDL) receptor class A, conserved site
Lgr3	7227.FBpp0084273	InterPro	IPR032675	Leucine-rich repeat domain superfamily
Lgr3	7227.FBpp0084273	InterPro	IPR036055	LDL receptor-like superfamily
Lgr3	7227.FBpp0084273	SMART	SM00192	Low-density lipoprotein receptor domain class A
Lgr3	7227.FBpp0084273	SMART	SM00369	Leucine-rich repeats, typical (most populated) subfamily
Lgr3	7227.FBpp0084273	SMART	SM00370	Leucine-rich repeats, outliers
MTF-1	7227.FBpp0112234	GO Process	GO:0006355	Regulation of DNA-templated transcription
MTF-1	7227.FBpp0112234	GO Process	GO:0006357	Regulation of transcription by RNA polymerase II
MTF-1	7227.FBpp0112234	GO Process	GO:0006950	Response to stress
MTF-1	7227.FBpp0112234	GO Process	GO:0006979	Response to oxidative stress
MTF-1	7227.FBpp0112234	GO Process	GO:0009889	Regulation of biosynthetic process
MTF-1	7227.FBpp0112234	GO Process	GO:0009891	Positive regulation of biosynthetic process
MTF-1	7227.FBpp0112234	GO Process	GO:0009893	Positive regulation of metabolic process
MTF-1	7227.FBpp0112234	GO Process	GO:0009987	Cellular process
MTF-1	7227.FBpp0112234	GO Process	GO:0010038	Response to metal ion
MTF-1	7227.FBpp0112234	GO Process	GO:0010468	Regulation of gene expression
MTF-1	7227.FBpp0112234	GO Process	GO:0010556	Regulation of macromolecule biosynthetic process
MTF-1	7227.FBpp0112234	GO Process	GO:0010557	Positive regulation of macromolecule biosynthetic process
MTF-1	7227.FBpp0112234	GO Process	GO:0010604	Positive regulation of macromolecule metabolic process
MTF-1	7227.FBpp0112234	GO Process	GO:0019219	Regulation of nucleobase-containing compound metabolic process
MTF-1	7227.FBpp0112234	GO Process	GO:0019222	Regulation of metabolic process
MTF-1	7227.FBpp0112234	GO Process	GO:0033554	Cellular response to stress
MTF-1	7227.FBpp0112234	GO Process	GO:0034599	Cellular response to oxidative stress
MTF-1	7227.FBpp0112234	GO Process	GO:0042221	Response to chemical
MTF-1	7227.FBpp0112234	GO Process	GO:0045893	Positive regulation of DNA-templated transcription
MTF-1	7227.FBpp0112234	GO Process	GO:0045935	Positive regulation of nucleobase-containing compound metabolic process
MTF-1	7227.FBpp0112234	GO Process	GO:0045944	Positive regulation of transcription by RNA polymerase II
MTF-1	7227.FBpp0112234	GO Process	GO:0046688	Response to copper ion
MTF-1	7227.FBpp0112234	GO Process	GO:0048518	Positive regulation of biological process
MTF-1	7227.FBpp0112234	GO Process	GO:0048522	Positive regulation of cellular process
MTF-1	7227.FBpp0112234	GO Process	GO:0050789	Regulation of biological process
MTF-1	7227.FBpp0112234	GO Process	GO:0050794	Regulation of cellular process
MTF-1	7227.FBpp0112234	GO Process	GO:0050896	Response to stimulus
MTF-1	7227.FBpp0112234	GO Process	GO:0051252	Regulation of RNA metabolic process
MTF-1	7227.FBpp0112234	GO Process	GO:0051254	Positive regulation of RNA metabolic process
MTF-1	7227.FBpp0112234	GO Process	GO:0051716	Cellular response to stimulus
MTF-1	7227.FBpp0112234	GO Process	GO:0060255	Regulation of macromolecule metabolic process
MTF-1	7227.FBpp0112234	GO Process	GO:0062197	Cellular response to chemical stress
MTF-1	7227.FBpp0112234	GO Process	GO:0065007	Biological regulation
MTF-1	7227.FBpp0112234	GO Process	GO:0070887	Cellular response to chemical stimulus
MTF-1	7227.FBpp0112234	GO Process	GO:0080090	Regulation of primary metabolic process
MTF-1	7227.FBpp0112234	GO Process	GO:0097501	Stress response to metal ion
MTF-1	7227.FBpp0112234	GO Process	GO:1902680	Positive regulation of RNA biosynthetic process
MTF-1	7227.FBpp0112234	GO Process	GO:2001141	Regulation of RNA biosynthetic process
MTF-1	7227.FBpp0112234	GO Function	GO:0000976	Transcription cis-regulatory region binding
MTF-1	7227.FBpp0112234	GO Function	GO:0001067	Transcription regulatory region nucleic acid binding
MTF-1	7227.FBpp0112234	GO Function	GO:0003676	Nucleic acid binding
MTF-1	7227.FBpp0112234	GO Function	GO:0003677	DNA binding
MTF-1	7227.FBpp0112234	GO Function	GO:0003690	Double-stranded DNA binding
MTF-1	7227.FBpp0112234	GO Function	GO:0003700	DNA-binding transcription factor activity
MTF-1	7227.FBpp0112234	GO Function	GO:0005488	Binding
MTF-1	7227.FBpp0112234	GO Function	GO:0008270	Zinc ion binding
MTF-1	7227.FBpp0112234	GO Function	GO:0036094	Small molecule binding
MTF-1	7227.FBpp0112234	GO Function	GO:0043167	Ion binding
MTF-1	7227.FBpp0112234	GO Function	GO:0043169	Cation binding
MTF-1	7227.FBpp0112234	GO Function	GO:0043565	Sequence-specific DNA binding
MTF-1	7227.FBpp0112234	GO Function	GO:0046872	Metal ion binding
MTF-1	7227.FBpp0112234	GO Function	GO:0046914	Transition metal ion binding
MTF-1	7227.FBpp0112234	GO Function	GO:0140110	Transcription regulator activity
MTF-1	7227.FBpp0112234	GO Function	GO:1990837	Sequence-specific double-stranded DNA binding
MTF-1	7227.FBpp0112234	GO Component	GO:0005622	Intracellular anatomical structure
MTF-1	7227.FBpp0112234	GO Component	GO:0005634	Nucleus
MTF-1	7227.FBpp0112234	GO Component	GO:0005737	Cytoplasm
MTF-1	7227.FBpp0112234	GO Component	GO:0043226	Organelle
MTF-1	7227.FBpp0112234	GO Component	GO:0043227	Membrane-bounded organelle
MTF-1	7227.FBpp0112234	GO Component	GO:0043229	Intracellular organelle
MTF-1	7227.FBpp0112234	GO Component	GO:0043231	Intracellular membrane-bounded organelle
MTF-1	7227.FBpp0112234	GO Component	GO:0110165	Cellular anatomical structure
MTF-1	7227.FBpp0112234	STRING clusters	CL:22694	Mixed, incl. Transition metal ion transport, and Lipase
MTF-1	7227.FBpp0112234	STRING clusters	CL:22696	Mixed, incl. Transition metal ion transport, and Nutrient reservoir activity
MTF-1	7227.FBpp0112234	STRING clusters	CL:22697	Mixed, incl. Transition metal ion transport, and Nutrient reservoir activity
MTF-1	7227.FBpp0112234	STRING clusters	CL:22698	Transition metal ion transmembrane transporter activity, and Cadmium
MTF-1	7227.FBpp0112234	STRING clusters	CL:22700	Transition metal ion transmembrane transporter activity, and Cadmium
MTF-1	7227.FBpp0112234	STRING clusters	CL:22734	Copper
MTF-1	7227.FBpp0112234	STRING clusters	CL:22749	Cadmium, and Zinc finger transcriptional regulators
MTF-1	7227.FBpp0112234	COMPARTMENTS	GOCC:0005622	Intracellular anatomical structure
MTF-1	7227.FBpp0112234	COMPARTMENTS	GOCC:0005634	Nucleus
MTF-1	7227.FBpp0112234	COMPARTMENTS	GOCC:0005737	Cytoplasm
MTF-1	7227.FBpp0112234	COMPARTMENTS	GOCC:0043226	Organelle
MTF-1	7227.FBpp0112234	COMPARTMENTS	GOCC:0043227	Membrane-bounded organelle
MTF-1	7227.FBpp0112234	COMPARTMENTS	GOCC:0043229	Intracellular organelle
MTF-1	7227.FBpp0112234	COMPARTMENTS	GOCC:0043231	Intracellular membrane-bounded organelle
MTF-1	7227.FBpp0112234	COMPARTMENTS	GOCC:0110165	Cellular anatomical structure
MTF-1	7227.FBpp0112234	Monarch	FBcv:0000349	Viable
MTF-1	7227.FBpp0112234	Monarch	FBcv:0000351	Lethal
MTF-1	7227.FBpp0112234	Monarch	FBcv:0000352	Partially lethal - majority die
MTF-1	7227.FBpp0112234	Monarch	FBcv:0000354	Visible
MTF-1	7227.FBpp0112234	Monarch	FBcv:0000364	Sterile
MTF-1	7227.FBpp0112234	Monarch	FBcv:0000366	Female sterile
MTF-1	7227.FBpp0112234	Monarch	FBcv:0000374	Fertile
MTF-1	7227.FBpp0112234	Monarch	FBcv:0000385	Short lived
MTF-1	7227.FBpp0112234	Monarch	FBcv:0000386	Long lived
MTF-1	7227.FBpp0112234	Monarch	FBcv:0000439	Chemical resistant
MTF-1	7227.FBpp0112234	Monarch	FBcv:0000440	Chemical sensitive
MTF-1	7227.FBpp0112234	Monarch	FBcv:0000450	Abnormal developmental rate
MTF-1	7227.FBpp0112234	Monarch	FBcv:0002000	Lethal - all die before end of P-stage
MTF-1	7227.FBpp0112234	Monarch	FBcv:0002002	Lethal - all die before end of larval stage
MTF-1	7227.FBpp0112234	Monarch	FBcv:0002004	Increased mortality
MTF-1	7227.FBpp0112234	Monarch	FBcv:0002015	Partially lethal
MTF-1	7227.FBpp0112234	Monarch	FBcv:0002019	Increased mortality during development
MTF-1	7227.FBpp0112234	Monarch	FBcv:0002020	Some die during P-stage
MTF-1	7227.FBpp0112234	Monarch	FBcv:0002023	Some die during larval stage
MTF-1	7227.FBpp0112234	Monarch	FBcv:0002024	Some die during third instar larval stage
MTF-1	7227.FBpp0112234	Monarch	FBcv:0002026	Lethal - all die before end of prepupal stage
MTF-1	7227.FBpp0112234	Monarch	FBcv:0002027	Lethal - all die before end of pupal stage
MTF-1	7227.FBpp0112234	Monarch	FBcv:0002039	Some die during pupal stage
MTF-1	7227.FBpp0112234	UniProt Keywords	KW-0479	Metal-binding
MTF-1	7227.FBpp0112234	UniProt Keywords	KW-0677	Repeat
MTF-1	7227.FBpp0112234	UniProt Keywords	KW-0862	Zinc
MTF-1	7227.FBpp0112234	UniProt Keywords	KW-0863	Zinc-finger
MTF-1	7227.FBpp0112234	InterPro	IPR013087	Zinc finger C2H2-type
MTF-1	7227.FBpp0112234	InterPro	IPR036236	Zinc finger C2H2 superfamily
MTF-1	7227.FBpp0112234	InterPro	IPR051061	Zinc finger transcriptional regulators
MTF-1	7227.FBpp0112234	SMART	SM00355	Zinc finger
Mekk1	7227.FBpp0083099	GO Process	GO:0000165	MAPK cascade
Mekk1	7227.FBpp0083099	GO Process	GO:0002251	Organ or tissue specific immune response
Mekk1	7227.FBpp0083099	GO Process	GO:0002376	Immune system process
Mekk1	7227.FBpp0083099	GO Process	GO:0002385	Mucosal immune response
Mekk1	7227.FBpp0083099	GO Process	GO:0006139	Nucleobase-containing compound metabolic process
Mekk1	7227.FBpp0083099	GO Process	GO:0006325	Chromatin organization
Mekk1	7227.FBpp0083099	GO Process	GO:0006338	Chromatin remodeling
Mekk1	7227.FBpp0083099	GO Process	GO:0006351	DNA-templated transcription
Mekk1	7227.FBpp0083099	GO Process	GO:0006352	DNA-templated transcription initiation
Mekk1	7227.FBpp0083099	GO Process	GO:0006366	Transcription by RNA polymerase II
Mekk1	7227.FBpp0083099	GO Process	GO:0006367	Transcription initiation at RNA polymerase II promoter
Mekk1	7227.FBpp0083099	GO Process	GO:0006810	Transport
Mekk1	7227.FBpp0083099	GO Process	GO:0006897	Endocytosis
Mekk1	7227.FBpp0083099	GO Process	GO:0006909	Phagocytosis
Mekk1	7227.FBpp0083099	GO Process	GO:0006911	Phagocytosis, engulfment
Mekk1	7227.FBpp0083099	GO Process	GO:0006915	Apoptotic process
Mekk1	7227.FBpp0083099	GO Process	GO:0006950	Response to stress
Mekk1	7227.FBpp0083099	GO Process	GO:0006955	Immune response
Mekk1	7227.FBpp0083099	GO Process	GO:0006970	Response to osmotic stress
Mekk1	7227.FBpp0083099	GO Process	GO:0006972	Hyperosmotic response
Mekk1	7227.FBpp0083099	GO Process	GO:0006979	Response to oxidative stress
Mekk1	7227.FBpp0083099	GO Process	GO:0007154	Cell communication
Mekk1	7227.FBpp0083099	GO Process	GO:0007165	Signal transduction
Mekk1	7227.FBpp0083099	GO Process	GO:0007254	JNK cascade
Mekk1	7227.FBpp0083099	GO Process	GO:0008152	Metabolic process
Mekk1	7227.FBpp0083099	GO Process	GO:0008219	Cell death
Mekk1	7227.FBpp0083099	GO Process	GO:0008361	Regulation of cell size
Mekk1	7227.FBpp0083099	GO Process	GO:0009058	Biosynthetic process
Mekk1	7227.FBpp0083099	GO Process	GO:0009059	Macromolecule biosynthetic process
Mekk1	7227.FBpp0083099	GO Process	GO:0009266	Response to temperature stimulus
Mekk1	7227.FBpp0083099	GO Process	GO:0009408	Response to heat
Mekk1	7227.FBpp0083099	GO Process	GO:0009628	Response to abiotic stimulus
Mekk1	7227.FBpp0083099	GO Process	GO:0009651	Response to salt stress
Mekk1	7227.FBpp0083099	GO Process	GO:0009889	Regulation of biosynthetic process
Mekk1	7227.FBpp0083099	GO Process	GO:0009891	Positive regulation of biosynthetic process
Mekk1	7227.FBpp0083099	GO Process	GO:0009893	Positive regulation of metabolic process
Mekk1	7227.FBpp0083099	GO Process	GO:0009966	Regulation of signal transduction
Mekk1	7227.FBpp0083099	GO Process	GO:0009968	Negative regulation of signal transduction
Mekk1	7227.FBpp0083099	GO Process	GO:0009987	Cellular process
Mekk1	7227.FBpp0083099	GO Process	GO:0010038	Response to metal ion
Mekk1	7227.FBpp0083099	GO Process	GO:0010324	Membrane invagination
Mekk1	7227.FBpp0083099	GO Process	GO:0010467	Gene expression
Mekk1	7227.FBpp0083099	GO Process	GO:0010468	Regulation of gene expression
Mekk1	7227.FBpp0083099	GO Process	GO:0010556	Regulation of macromolecule biosynthetic process
Mekk1	7227.FBpp0083099	GO Process	GO:0010557	Positive regulation of macromolecule biosynthetic process
Mekk1	7227.FBpp0083099	GO Process	GO:0010604	Positive regulation of macromolecule metabolic process
Mekk1	7227.FBpp0083099	GO Process	GO:0010628	Positive regulation of gene expression
Mekk1	7227.FBpp0083099	GO Process	GO:0010646	Regulation of cell communication
Mekk1	7227.FBpp0083099	GO Process	GO:0010648	Negative regulation of cell communication
Mekk1	7227.FBpp0083099	GO Process	GO:0012501	Programmed cell death
Mekk1	7227.FBpp0083099	GO Process	GO:0016043	Cellular component organization
Mekk1	7227.FBpp0083099	GO Process	GO:0016070	RNA metabolic process
Mekk1	7227.FBpp0083099	GO Process	GO:0016192	Vesicle-mediated transport
Mekk1	7227.FBpp0083099	GO Process	GO:0019222	Regulation of metabolic process
Mekk1	7227.FBpp0083099	GO Process	GO:0023051	Regulation of signaling
Mekk1	7227.FBpp0083099	GO Process	GO:0023052	Signaling
Mekk1	7227.FBpp0083099	GO Process	GO:0023057	Negative regulation of signaling
Mekk1	7227.FBpp0083099	GO Process	GO:0031445	Regulation of heterochromatin formation
Mekk1	7227.FBpp0083099	GO Process	GO:0031452	Negative regulation of heterochromatin formation
Mekk1	7227.FBpp0083099	GO Process	GO:0032535	Regulation of cellular component size
Mekk1	7227.FBpp0083099	GO Process	GO:0032774	RNA biosynthetic process
Mekk1	7227.FBpp0083099	GO Process	GO:0033554	Cellular response to stress
Mekk1	7227.FBpp0083099	GO Process	GO:0034605	Cellular response to heat
Mekk1	7227.FBpp0083099	GO Process	GO:0034654	Nucleobase-containing compound biosynthetic process
Mekk1	7227.FBpp0083099	GO Process	GO:0034976	Response to endoplasmic reticulum stress
Mekk1	7227.FBpp0083099	GO Process	GO:0035330	Regulation of hippo signaling
Mekk1	7227.FBpp0083099	GO Process	GO:0035331	Negative regulation of hippo signaling
Mekk1	7227.FBpp0083099	GO Process	GO:0035556	Intracellular signal transduction
Mekk1	7227.FBpp0083099	GO Process	GO:0038066	p38MAPK cascade
Mekk1	7227.FBpp0083099	GO Process	GO:0040029	Epigenetic regulation of gene expression
Mekk1	7227.FBpp0083099	GO Process	GO:0042221	Response to chemical
Mekk1	7227.FBpp0083099	GO Process	GO:0042538	Hyperosmotic salinity response
Mekk1	7227.FBpp0083099	GO Process	GO:0043170	Macromolecule metabolic process
Mekk1	7227.FBpp0083099	GO Process	GO:0043277	Apoptotic cell clearance
Mekk1	7227.FBpp0083099	GO Process	GO:0043652	Engulfment of apoptotic cell
Mekk1	7227.FBpp0083099	GO Process	GO:0044238	Primary metabolic process
Mekk1	7227.FBpp0083099	GO Process	GO:0045793	Positive regulation of cell size
Mekk1	7227.FBpp0083099	GO Process	GO:0045815	Transcription initiation-coupled chromatin remodeling
Mekk1	7227.FBpp0083099	GO Process	GO:0046685	Response to arsenic-containing substance
Mekk1	7227.FBpp0083099	GO Process	GO:0046686	Response to cadmium ion
Mekk1	7227.FBpp0083099	GO Process	GO:0048518	Positive regulation of biological process
Mekk1	7227.FBpp0083099	GO Process	GO:0048519	Negative regulation of biological process
Mekk1	7227.FBpp0083099	GO Process	GO:0048522	Positive regulation of cellular process
Mekk1	7227.FBpp0083099	GO Process	GO:0048523	Negative regulation of cellular process
Mekk1	7227.FBpp0083099	GO Process	GO:0048583	Regulation of response to stimulus
Mekk1	7227.FBpp0083099	GO Process	GO:0048585	Negative regulation of response to stimulus
Mekk1	7227.FBpp0083099	GO Process	GO:0050789	Regulation of biological process
Mekk1	7227.FBpp0083099	GO Process	GO:0050794	Regulation of cellular process
Mekk1	7227.FBpp0083099	GO Process	GO:0050896	Response to stimulus
Mekk1	7227.FBpp0083099	GO Process	GO:0051128	Regulation of cellular component organization
Mekk1	7227.FBpp0083099	GO Process	GO:0051129	Negative regulation of cellular component organization
Mekk1	7227.FBpp0083099	GO Process	GO:0051179	Localization
Mekk1	7227.FBpp0083099	GO Process	GO:0051234	Establishment of localization
Mekk1	7227.FBpp0083099	GO Process	GO:0051716	Cellular response to stimulus
Mekk1	7227.FBpp0083099	GO Process	GO:0060255	Regulation of macromolecule metabolic process
Mekk1	7227.FBpp0083099	GO Process	GO:0061024	Membrane organization
Mekk1	7227.FBpp0083099	GO Process	GO:0062197	Cellular response to chemical stress
Mekk1	7227.FBpp0083099	GO Process	GO:0065007	Biological regulation
Mekk1	7227.FBpp0083099	GO Process	GO:0065008	Regulation of biological quality
Mekk1	7227.FBpp0083099	GO Process	GO:0070059	Intrinsic apoptotic signaling pathway in response to endoplasmic reticulum stress
Mekk1	7227.FBpp0083099	GO Process	GO:0070887	Cellular response to chemical stimulus
Mekk1	7227.FBpp0083099	GO Process	GO:0071214	Cellular response to abiotic stimulus
Mekk1	7227.FBpp0083099	GO Process	GO:0071243	Cellular response to arsenic-containing substance
Mekk1	7227.FBpp0083099	GO Process	GO:0071248	Cellular response to metal ion
Mekk1	7227.FBpp0083099	GO Process	GO:0071276	Cellular response to cadmium ion
Mekk1	7227.FBpp0083099	GO Process	GO:0071470	Cellular response to osmotic stress
Mekk1	7227.FBpp0083099	GO Process	GO:0071472	Cellular response to salt stress
Mekk1	7227.FBpp0083099	GO Process	GO:0071474	Cellular hyperosmotic response
Mekk1	7227.FBpp0083099	GO Process	GO:0071475	Cellular hyperosmotic salinity response
Mekk1	7227.FBpp0083099	GO Process	GO:0071840	Cellular component organization or biogenesis
Mekk1	7227.FBpp0083099	GO Process	GO:0090066	Regulation of anatomical structure size
Mekk1	7227.FBpp0083099	GO Process	GO:0090304	Nucleic acid metabolic process
Mekk1	7227.FBpp0083099	GO Process	GO:0097190	Apoptotic signaling pathway
Mekk1	7227.FBpp0083099	GO Process	GO:0097193	Intrinsic apoptotic signaling pathway
Mekk1	7227.FBpp0083099	GO Process	GO:0098657	Import into cell
Mekk1	7227.FBpp0083099	GO Process	GO:0099024	Plasma membrane invagination
Mekk1	7227.FBpp0083099	GO Process	GO:0104004	Cellular response to environmental stimulus
Mekk1	7227.FBpp0083099	GO Process	GO:0141124	Intracellular signaling cassette
Mekk1	7227.FBpp0083099	GO Process	GO:0141137	Positive regulation of gene expression, epigenetic
Mekk1	7227.FBpp0083099	GO Process	GO:0141187	Nucleic acid biosynthetic process
Mekk1	7227.FBpp0083099	GO Process	GO:1902275	Regulation of chromatin organization
Mekk1	7227.FBpp0083099	GO Process	GO:1902531	Regulation of intracellular signal transduction
Mekk1	7227.FBpp0083099	GO Process	GO:1902532	Negative regulation of intracellular signal transduction
Mekk1	7227.FBpp0083099	GO Process	GO:1905268	Negative regulation of chromatin organization
Mekk1	7227.FBpp0083099	GO Function	GO:0000166	Nucleotide binding
Mekk1	7227.FBpp0083099	GO Function	GO:0003824	Catalytic activity
Mekk1	7227.FBpp0083099	GO Function	GO:0004672	Protein kinase activity
Mekk1	7227.FBpp0083099	GO Function	GO:0004674	Protein serine/threonine kinase activity
Mekk1	7227.FBpp0083099	GO Function	GO:0004709	MAP kinase kinase kinase activity
Mekk1	7227.FBpp0083099	GO Function	GO:0005488	Binding
Mekk1	7227.FBpp0083099	GO Function	GO:0005515	Protein binding
Mekk1	7227.FBpp0083099	GO Function	GO:0005524	ATP binding
Mekk1	7227.FBpp0083099	GO Function	GO:0016301	Kinase activity
Mekk1	7227.FBpp0083099	GO Function	GO:0016740	Transferase activity
Mekk1	7227.FBpp0083099	GO Function	GO:0016772	Transferase activity, transferring phosphorus-containing groups
Mekk1	7227.FBpp0083099	GO Function	GO:0016773	Phosphotransferase activity, alcohol group as acceptor
Mekk1	7227.FBpp0083099	GO Function	GO:0017076	Purine nucleotide binding
Mekk1	7227.FBpp0083099	GO Function	GO:0019899	Enzyme binding
Mekk1	7227.FBpp0083099	GO Function	GO:0019900	Kinase binding
Mekk1	7227.FBpp0083099	GO Function	GO:0019901	Protein kinase binding
Mekk1	7227.FBpp0083099	GO Function	GO:0030554	Adenyl nucleotide binding
Mekk1	7227.FBpp0083099	GO Function	GO:0031434	Mitogen-activated protein kinase kinase binding
Mekk1	7227.FBpp0083099	GO Function	GO:0032553	Ribonucleotide binding
Mekk1	7227.FBpp0083099	GO Function	GO:0032555	Purine ribonucleotide binding
Mekk1	7227.FBpp0083099	GO Function	GO:0032559	Adenyl ribonucleotide binding
Mekk1	7227.FBpp0083099	GO Function	GO:0035639	Purine ribonucleoside triphosphate binding
Mekk1	7227.FBpp0083099	GO Function	GO:0036094	Small molecule binding
Mekk1	7227.FBpp0083099	GO Function	GO:0043167	Ion binding
Mekk1	7227.FBpp0083099	GO Function	GO:0043168	Anion binding
Mekk1	7227.FBpp0083099	GO Function	GO:0043169	Cation binding
Mekk1	7227.FBpp0083099	GO Function	GO:0046872	Metal ion binding
Mekk1	7227.FBpp0083099	GO Function	GO:0097367	Carbohydrate derivative binding
Mekk1	7227.FBpp0083099	GO Function	GO:0140096	Catalytic activity, acting on a protein
Mekk1	7227.FBpp0083099	GO Function	GO:1901265	Nucleoside phosphate binding
Mekk1	7227.FBpp0083099	GO Function	GO:1901363	Heterocyclic compound binding
Mekk1	7227.FBpp0083099	GO Component	GO:0005622	Intracellular anatomical structure
Mekk1	7227.FBpp0083099	GO Component	GO:0005737	Cytoplasm
Mekk1	7227.FBpp0083099	GO Component	GO:0048471	Perinuclear region of cytoplasm
Mekk1	7227.FBpp0083099	GO Component	GO:0110165	Cellular anatomical structure
Mekk1	7227.FBpp0083099	STRING clusters	CL:11137	Mixed, incl. MAPK signaling pathway - fly, and Cell surface receptor protein tyrosine kinase signaling pathway
Mekk1	7227.FBpp0083099	STRING clusters	CL:11138	Mixed, incl. Cell surface receptor protein tyrosine kinase signaling pathway, and MAPK signaling pathway - fly
Mekk1	7227.FBpp0083099	STRING clusters	CL:11280	Mixed, incl. Cytokine-mediated signaling pathway, and MAPK cascade
Mekk1	7227.FBpp0083099	STRING clusters	CL:11282	MAPK cascade, and Response to tumor necrosis factor
Mekk1	7227.FBpp0083099	STRING clusters	CL:11283	Mixed, incl. Response to tumor necrosis factor, and p38MAPK events
Mekk1	7227.FBpp0083099	STRING clusters	CL:11314	p38MAPK cascade, and MAP kinase phosphatase activity
Mekk1	7227.FBpp0083099	KEGG	dme04013	MAPK signaling pathway - fly
Mekk1	7227.FBpp0083099	KEGG	dme04624	Toll and Imd signaling pathway
Mekk1	7227.FBpp0083099	COMPARTMENTS	GOCC:0005622	Intracellular anatomical structure
Mekk1	7227.FBpp0083099	COMPARTMENTS	GOCC:0110165	Cellular anatomical structure
Mekk1	7227.FBpp0083099	Monarch	FBcv:0000008	Modifier of variegation
Mekk1	7227.FBpp0083099	Monarch	FBcv:0000349	Viable
Mekk1	7227.FBpp0083099	Monarch	FBcv:0000351	Lethal
Mekk1	7227.FBpp0083099	Monarch	FBcv:0000354	Visible
Mekk1	7227.FBpp0083099	Monarch	FBcv:0000365	Semi-sterile
Mekk1	7227.FBpp0083099	Monarch	FBcv:0000367	Female semi-sterile
Mekk1	7227.FBpp0083099	Monarch	FBcv:0000374	Fertile
Mekk1	7227.FBpp0083099	Monarch	FBcv:0000379	Enhancer of variegation
Mekk1	7227.FBpp0083099	Monarch	FBcv:0000424	Abnormal cell death
Mekk1	7227.FBpp0083099	Monarch	FBcv:0000439	Chemical resistant
Mekk1	7227.FBpp0083099	Monarch	FBcv:0000440	Chemical sensitive
Mekk1	7227.FBpp0083099	Monarch	FBcv:0000446	Melanotic mass phenotype
Mekk1	7227.FBpp0083099	Monarch	FBcv:0002004	Increased mortality
Mekk1	7227.FBpp0083099	Monarch	FBcv:0002019	Increased mortality during development
Mekk1	7227.FBpp0083099	UniProt Keywords	KW-0067	ATP-binding
Mekk1	7227.FBpp0083099	UniProt Keywords	KW-0418	Kinase
Mekk1	7227.FBpp0083099	UniProt Keywords	KW-0460	Magnesium
Mekk1	7227.FBpp0083099	UniProt Keywords	KW-0479	Metal-binding
Mekk1	7227.FBpp0083099	UniProt Keywords	KW-0547	Nucleotide-binding
Mekk1	7227.FBpp0083099	UniProt Keywords	KW-0597	Phosphoprotein
Mekk1	7227.FBpp0083099	UniProt Keywords	KW-0723	Serine/threonine-protein kinase
Mekk1	7227.FBpp0083099	UniProt Keywords	KW-0808	Transferase
Mekk1	7227.FBpp0083099	UniProt Keywords	KW-0963	Cytoplasm
Mekk1	7227.FBpp0083099	InterPro	IPR000719	Protein kinase domain
Mekk1	7227.FBpp0083099	InterPro	IPR008271	Serine/threonine-protein kinase, active site
Mekk1	7227.FBpp0083099	InterPro	IPR011009	Protein kinase-like domain superfamily
Mekk1	7227.FBpp0083099	InterPro	IPR017441	Protein kinase, ATP binding site
Mekk1	7227.FBpp0083099	SMART	SM00220	Serine/Threonine protein kinases, catalytic domain
Mps1	7227.FBpp0303766	GO Process	GO:0000075	Cell cycle checkpoint signaling
Mps1	7227.FBpp0303766	GO Process	GO:0000278	Mitotic cell cycle
Mps1	7227.FBpp0303766	GO Process	GO:0000280	Nuclear division
Mps1	7227.FBpp0303766	GO Process	GO:0000705	Achiasmate meiosis I
Mps1	7227.FBpp0303766	GO Process	GO:0001666	Response to hypoxia
Mps1	7227.FBpp0303766	GO Process	GO:0003006	Developmental process involved in reproduction
Mps1	7227.FBpp0303766	GO Process	GO:0006950	Response to stress
Mps1	7227.FBpp0303766	GO Process	GO:0006996	Organelle organization
Mps1	7227.FBpp0303766	GO Process	GO:0007049	Cell cycle
Mps1	7227.FBpp0303766	GO Process	GO:0007059	Chromosome segregation
Mps1	7227.FBpp0303766	GO Process	GO:0007088	Regulation of mitotic nuclear division
Mps1	7227.FBpp0303766	GO Process	GO:0007093	Mitotic cell cycle checkpoint signaling
Mps1	7227.FBpp0303766	GO Process	GO:0007094	Mitotic spindle assembly checkpoint signaling
Mps1	7227.FBpp0303766	GO Process	GO:0007127	Meiosis I
Mps1	7227.FBpp0303766	GO Process	GO:0007143	Female meiotic nuclear division
Mps1	7227.FBpp0303766	GO Process	GO:0007154	Cell communication
Mps1	7227.FBpp0303766	GO Process	GO:0007165	Signal transduction
Mps1	7227.FBpp0303766	GO Process	GO:0007276	Gamete generation
Mps1	7227.FBpp0303766	GO Process	GO:0007281	Germ cell development
Mps1	7227.FBpp0303766	GO Process	GO:0007283	Spermatogenesis
Mps1	7227.FBpp0303766	GO Process	GO:0007292	Female gamete generation
Mps1	7227.FBpp0303766	GO Process	GO:0007346	Regulation of mitotic cell cycle
Mps1	7227.FBpp0303766	GO Process	GO:0008104	Intracellular protein localization
Mps1	7227.FBpp0303766	GO Process	GO:0008356	Asymmetric cell division
Mps1	7227.FBpp0303766	GO Process	GO:0009628	Response to abiotic stimulus
Mps1	7227.FBpp0303766	GO Process	GO:0009987	Cellular process
Mps1	7227.FBpp0303766	GO Process	GO:0010564	Regulation of cell cycle process
Mps1	7227.FBpp0303766	GO Process	GO:0010639	Negative regulation of organelle organization
Mps1	7227.FBpp0303766	GO Process	GO:0010948	Negative regulation of cell cycle process
Mps1	7227.FBpp0303766	GO Process	GO:0010965	Regulation of mitotic sister chromatid separation
Mps1	7227.FBpp0303766	GO Process	GO:0016043	Cellular component organization
Mps1	7227.FBpp0303766	GO Process	GO:0016321	Female meiosis chromosome segregation
Mps1	7227.FBpp0303766	GO Process	GO:0017145	Stem cell division
Mps1	7227.FBpp0303766	GO Process	GO:0019953	Sexual reproduction
Mps1	7227.FBpp0303766	GO Process	GO:0022402	Cell cycle process
Mps1	7227.FBpp0303766	GO Process	GO:0022412	Cellular process involved in reproduction in multicellular organism
Mps1	7227.FBpp0303766	GO Process	GO:0022414	Reproductive process
Mps1	7227.FBpp0303766	GO Process	GO:0023052	Signaling
Mps1	7227.FBpp0303766	GO Process	GO:0030071	Regulation of mitotic metaphase/anaphase transition
Mps1	7227.FBpp0303766	GO Process	GO:0030154	Cell differentiation
Mps1	7227.FBpp0303766	GO Process	GO:0031577	Spindle checkpoint signaling
Mps1	7227.FBpp0303766	GO Process	GO:0032502	Developmental process
Mps1	7227.FBpp0303766	GO Process	GO:0032837	Distributive segregation
Mps1	7227.FBpp0303766	GO Process	GO:0033036	Macromolecule localization
Mps1	7227.FBpp0303766	GO Process	GO:0033043	Regulation of organelle organization
Mps1	7227.FBpp0303766	GO Process	GO:0033044	Regulation of chromosome organization
Mps1	7227.FBpp0303766	GO Process	GO:0033045	Regulation of sister chromatid segregation
Mps1	7227.FBpp0303766	GO Process	GO:0033046	Negative regulation of sister chromatid segregation
Mps1	7227.FBpp0303766	GO Process	GO:0033047	Regulation of mitotic sister chromatid segregation
Mps1	7227.FBpp0303766	GO Process	GO:0033048	Negative regulation of mitotic sister chromatid segregation
Mps1	7227.FBpp0303766	GO Process	GO:0033313	Meiotic cell cycle checkpoint signaling
Mps1	7227.FBpp0303766	GO Process	GO:0033316	Meiotic spindle assembly checkpoint signaling
Mps1	7227.FBpp0303766	GO Process	GO:0033365	Protein localization to organelle
Mps1	7227.FBpp0303766	GO Process	GO:0034501	Protein localization to kinetochore
Mps1	7227.FBpp0303766	GO Process	GO:0034502	Protein localization to chromosome
Mps1	7227.FBpp0303766	GO Process	GO:0035556	Intracellular signal transduction
Mps1	7227.FBpp0303766	GO Process	GO:0036293	Response to decreased oxygen levels
Mps1	7227.FBpp0303766	GO Process	GO:0042078	Germ-line stem cell division
Mps1	7227.FBpp0303766	GO Process	GO:0043060	Meiotic metaphase I homologous chromosome alignment
Mps1	7227.FBpp0303766	GO Process	GO:0044779	Meiotic spindle checkpoint signaling
Mps1	7227.FBpp0303766	GO Process	GO:0045132	Meiotic chromosome segregation
Mps1	7227.FBpp0303766	GO Process	GO:0045143	Homologous chromosome segregation
Mps1	7227.FBpp0303766	GO Process	GO:0045786	Negative regulation of cell cycle
Mps1	7227.FBpp0303766	GO Process	GO:0045839	Negative regulation of mitotic nuclear division
Mps1	7227.FBpp0303766	GO Process	GO:0045841	Negative regulation of mitotic metaphase/anaphase transition
Mps1	7227.FBpp0303766	GO Process	GO:0045930	Negative regulation of mitotic cell cycle
Mps1	7227.FBpp0303766	GO Process	GO:0048133	Male germ-line stem cell asymmetric division
Mps1	7227.FBpp0303766	GO Process	GO:0048232	Male gamete generation
Mps1	7227.FBpp0303766	GO Process	GO:0048285	Organelle fission
Mps1	7227.FBpp0303766	GO Process	GO:0048468	Cell development
Mps1	7227.FBpp0303766	GO Process	GO:0048519	Negative regulation of biological process
Mps1	7227.FBpp0303766	GO Process	GO:0048523	Negative regulation of cellular process
Mps1	7227.FBpp0303766	GO Process	GO:0048609	Multicellular organismal reproductive process
Mps1	7227.FBpp0303766	GO Process	GO:0048856	Anatomical structure development
Mps1	7227.FBpp0303766	GO Process	GO:0048869	Cellular developmental process
Mps1	7227.FBpp0303766	GO Process	GO:0050000	Chromosome localization
Mps1	7227.FBpp0303766	GO Process	GO:0050789	Regulation of biological process
Mps1	7227.FBpp0303766	GO Process	GO:0050794	Regulation of cellular process
Mps1	7227.FBpp0303766	GO Process	GO:0050896	Response to stimulus
Mps1	7227.FBpp0303766	GO Process	GO:0051128	Regulation of cellular component organization
Mps1	7227.FBpp0303766	GO Process	GO:0051129	Negative regulation of cellular component organization
Mps1	7227.FBpp0303766	GO Process	GO:0051179	Localization
Mps1	7227.FBpp0303766	GO Process	GO:0051301	Cell division
Mps1	7227.FBpp0303766	GO Process	GO:0051310	Metaphase chromosome alignment
Mps1	7227.FBpp0303766	GO Process	GO:0051311	Meiotic metaphase chromosome alignment
Mps1	7227.FBpp0303766	GO Process	GO:0051321	Meiotic cell cycle
Mps1	7227.FBpp0303766	GO Process	GO:0051445	Regulation of meiotic cell cycle
Mps1	7227.FBpp0303766	GO Process	GO:0051447	Negative regulation of meiotic cell cycle
Mps1	7227.FBpp0303766	GO Process	GO:0051640	Organelle localization
Mps1	7227.FBpp0303766	GO Process	GO:0051716	Cellular response to stimulus
Mps1	7227.FBpp0303766	GO Process	GO:0051726	Regulation of cell cycle
Mps1	7227.FBpp0303766	GO Process	GO:0051783	Regulation of nuclear division
Mps1	7227.FBpp0303766	GO Process	GO:0051784	Negative regulation of nuclear division
Mps1	7227.FBpp0303766	GO Process	GO:0051983	Regulation of chromosome segregation
Mps1	7227.FBpp0303766	GO Process	GO:0051985	Negative regulation of chromosome segregation
Mps1	7227.FBpp0303766	GO Process	GO:0061982	Meiosis I cell cycle process
Mps1	7227.FBpp0303766	GO Process	GO:0065007	Biological regulation
Mps1	7227.FBpp0303766	GO Process	GO:0070482	Response to oxygen levels
Mps1	7227.FBpp0303766	GO Process	GO:0071173	Spindle assembly checkpoint signaling
Mps1	7227.FBpp0303766	GO Process	GO:0071174	Mitotic spindle checkpoint signaling
Mps1	7227.FBpp0303766	GO Process	GO:0071459	Protein localization to chromosome, centromeric region
Mps1	7227.FBpp0303766	GO Process	GO:0071840	Cellular component organization or biogenesis
Mps1	7227.FBpp0303766	GO Process	GO:0098722	Asymmetric stem cell division
Mps1	7227.FBpp0303766	GO Process	GO:0098728	Germline stem cell asymmetric division
Mps1	7227.FBpp0303766	GO Process	GO:0098813	Nuclear chromosome segregation
Mps1	7227.FBpp0303766	GO Process	GO:0140013	Meiotic nuclear division
Mps1	7227.FBpp0303766	GO Process	GO:1901987	Regulation of cell cycle phase transition
Mps1	7227.FBpp0303766	GO Process	GO:1901988	Negative regulation of cell cycle phase transition
Mps1	7227.FBpp0303766	GO Process	GO:1901990	Regulation of mitotic cell cycle phase transition
Mps1	7227.FBpp0303766	GO Process	GO:1901991	Negative regulation of mitotic cell cycle phase transition
Mps1	7227.FBpp0303766	GO Process	GO:1901993	Regulation of meiotic cell cycle phase transition
Mps1	7227.FBpp0303766	GO Process	GO:1901994	Negative regulation of meiotic cell cycle phase transition
Mps1	7227.FBpp0303766	GO Process	GO:1902099	Regulation of metaphase/anaphase transition of cell cycle
Mps1	7227.FBpp0303766	GO Process	GO:1902100	Negative regulation of metaphase/anaphase transition of cell cycle
Mps1	7227.FBpp0303766	GO Process	GO:1902102	Regulation of metaphase/anaphase transition of meiotic cell cycle
Mps1	7227.FBpp0303766	GO Process	GO:1902103	Negative regulation of metaphase/anaphase transition of meiotic cell cycle
Mps1	7227.FBpp0303766	GO Process	GO:1903046	Meiotic cell cycle process
Mps1	7227.FBpp0303766	GO Process	GO:1903047	Mitotic cell cycle process
Mps1	7227.FBpp0303766	GO Process	GO:1903083	Protein localization to condensed chromosome
Mps1	7227.FBpp0303766	GO Process	GO:1905132	Regulation of meiotic chromosome separation
Mps1	7227.FBpp0303766	GO Process	GO:1905133	Negative regulation of meiotic chromosome separation
Mps1	7227.FBpp0303766	GO Process	GO:1905818	Regulation of chromosome separation
Mps1	7227.FBpp0303766	GO Process	GO:1905819	Negative regulation of chromosome separation
Mps1	7227.FBpp0303766	GO Process	GO:2000241	Regulation of reproductive process
Mps1	7227.FBpp0303766	GO Process	GO:2000242	Negative regulation of reproductive process
Mps1	7227.FBpp0303766	GO Process	GO:2000816	Negative regulation of mitotic sister chromatid separation
Mps1	7227.FBpp0303766	GO Process	GO:2001251	Negative regulation of chromosome organization
Mps1	7227.FBpp0303766	GO Function	GO:0000166	Nucleotide binding
Mps1	7227.FBpp0303766	GO Function	GO:0003824	Catalytic activity
Mps1	7227.FBpp0303766	GO Function	GO:0004672	Protein kinase activity
Mps1	7227.FBpp0303766	GO Function	GO:0004674	Protein serine/threonine kinase activity
Mps1	7227.FBpp0303766	GO Function	GO:0004712	Protein serine/threonine/tyrosine kinase activity
Mps1	7227.FBpp0303766	GO Function	GO:0005488	Binding
Mps1	7227.FBpp0303766	GO Function	GO:0005524	ATP binding
Mps1	7227.FBpp0303766	GO Function	GO:0016301	Kinase activity
Mps1	7227.FBpp0303766	GO Function	GO:0016740	Transferase activity
Mps1	7227.FBpp0303766	GO Function	GO:0016772	Transferase activity, transferring phosphorus-containing groups
Mps1	7227.FBpp0303766	GO Function	GO:0016773	Phosphotransferase activity, alcohol group as acceptor
Mps1	7227.FBpp0303766	GO Function	GO:0017076	Purine nucleotide binding
Mps1	7227.FBpp0303766	GO Function	GO:0030554	Adenyl nucleotide binding
Mps1	7227.FBpp0303766	GO Function	GO:0032553	Ribonucleotide binding
Mps1	7227.FBpp0303766	GO Function	GO:0032555	Purine ribonucleotide binding
Mps1	7227.FBpp0303766	GO Function	GO:0032559	Adenyl ribonucleotide binding
Mps1	7227.FBpp0303766	GO Function	GO:0035639	Purine ribonucleoside triphosphate binding
Mps1	7227.FBpp0303766	GO Function	GO:0036094	Small molecule binding
Mps1	7227.FBpp0303766	GO Function	GO:0043167	Ion binding
Mps1	7227.FBpp0303766	GO Function	GO:0043168	Anion binding
Mps1	7227.FBpp0303766	GO Function	GO:0097367	Carbohydrate derivative binding
Mps1	7227.FBpp0303766	GO Function	GO:0140096	Catalytic activity, acting on a protein
Mps1	7227.FBpp0303766	GO Function	GO:1901265	Nucleoside phosphate binding
Mps1	7227.FBpp0303766	GO Function	GO:1901363	Heterocyclic compound binding
Mps1	7227.FBpp0303766	GO Component	GO:0000775	Chromosome, centromeric region
Mps1	7227.FBpp0303766	GO Component	GO:0000776	Kinetochore
Mps1	7227.FBpp0303766	GO Component	GO:0000779	Condensed chromosome, centromeric region
Mps1	7227.FBpp0303766	GO Component	GO:0000793	Condensed chromosome
Mps1	7227.FBpp0303766	GO Component	GO:0000940	Outer kinetochore
Mps1	7227.FBpp0303766	GO Component	GO:0005622	Intracellular anatomical structure
Mps1	7227.FBpp0303766	GO Component	GO:0005634	Nucleus
Mps1	7227.FBpp0303766	GO Component	GO:0005694	Chromosome
Mps1	7227.FBpp0303766	GO Component	GO:0005813	Centrosome
Mps1	7227.FBpp0303766	GO Component	GO:0005815	Microtubule organizing center
Mps1	7227.FBpp0303766	GO Component	GO:0005856	Cytoskeleton
Mps1	7227.FBpp0303766	GO Component	GO:0015630	Microtubule cytoskeleton
Mps1	7227.FBpp0303766	GO Component	GO:0032991	Protein-containing complex
Mps1	7227.FBpp0303766	GO Component	GO:0043226	Organelle
Mps1	7227.FBpp0303766	GO Component	GO:0043227	Membrane-bounded organelle
Mps1	7227.FBpp0303766	GO Component	GO:0043228	Membraneless organelle
Mps1	7227.FBpp0303766	GO Component	GO:0043229	Intracellular organelle
Mps1	7227.FBpp0303766	GO Component	GO:0043231	Intracellular membrane-bounded organelle
Mps1	7227.FBpp0303766	GO Component	GO:0043232	Intracellular membraneless organelle
Mps1	7227.FBpp0303766	GO Component	GO:0098687	Chromosomal region
Mps1	7227.FBpp0303766	GO Component	GO:0099080	Supramolecular complex
Mps1	7227.FBpp0303766	GO Component	GO:0110165	Cellular anatomical structure
Mps1	7227.FBpp0303766	STRING clusters	CL:5850	Cell division, and Kinesin motor domain
Mps1	7227.FBpp0303766	STRING clusters	CL:5851	Mixed, incl. Kinesin motor domain, and Mitotic Prometaphase
Mps1	7227.FBpp0303766	STRING clusters	CL:5852	Kinesin motor domain, and Spindle midzone
Mps1	7227.FBpp0303766	STRING clusters	CL:5853	Mixed, incl. Spindle midzone, and Regulation of mitotic sister chromatid segregation
Mps1	7227.FBpp0303766	STRING clusters	CL:5854	Mixed, incl. Spindle midzone, and Regulation of mitotic sister chromatid segregation
Mps1	7227.FBpp0303766	STRING clusters	CL:5855	Spindle midzone, and Kinesin motor domain
Mps1	7227.FBpp0303766	STRING clusters	CL:5857	Mixed, incl. Chromosome passenger complex, and Microtubule-associated protein, MAP65/Ase1/PRC1
Mps1	7227.FBpp0303766	STRING clusters	CL:5858	Mixed, incl. Kinetochore organization, and Ndc80 domain superfamily
Mps1	7227.FBpp0303766	STRING clusters	CL:5860	Mixed, incl. Ndc80 domain superfamily, and Kinesin-like protein KIF11-like
Mps1	7227.FBpp0303766	COMPARTMENTS	GOCC:0000775	Chromosome, centromeric region
Mps1	7227.FBpp0303766	COMPARTMENTS	GOCC:0000776	Kinetochore
Mps1	7227.FBpp0303766	COMPARTMENTS	GOCC:0000779	Condensed chromosome, centromeric region
Mps1	7227.FBpp0303766	COMPARTMENTS	GOCC:0000793	Condensed chromosome
Mps1	7227.FBpp0303766	COMPARTMENTS	GOCC:0000940	Outer kinetochore
Mps1	7227.FBpp0303766	COMPARTMENTS	GOCC:0005622	Intracellular anatomical structure
Mps1	7227.FBpp0303766	COMPARTMENTS	GOCC:0005694	Chromosome
Mps1	7227.FBpp0303766	COMPARTMENTS	GOCC:0005813	Centrosome
Mps1	7227.FBpp0303766	COMPARTMENTS	GOCC:0005815	Microtubule organizing center
Mps1	7227.FBpp0303766	COMPARTMENTS	GOCC:0005856	Cytoskeleton
Mps1	7227.FBpp0303766	COMPARTMENTS	GOCC:0015630	Microtubule cytoskeleton
Mps1	7227.FBpp0303766	COMPARTMENTS	GOCC:0032991	Protein-containing complex
Mps1	7227.FBpp0303766	COMPARTMENTS	GOCC:0043226	Organelle
Mps1	7227.FBpp0303766	COMPARTMENTS	GOCC:0043228	Membraneless organelle
Mps1	7227.FBpp0303766	COMPARTMENTS	GOCC:0043229	Intracellular organelle
Mps1	7227.FBpp0303766	COMPARTMENTS	GOCC:0043232	Intracellular membraneless organelle
Mps1	7227.FBpp0303766	COMPARTMENTS	GOCC:0098687	Chromosomal region
Mps1	7227.FBpp0303766	COMPARTMENTS	GOCC:0099080	Supramolecular complex
Mps1	7227.FBpp0303766	COMPARTMENTS	GOCC:0110165	Cellular anatomical structure
Mps1	7227.FBpp0303766	Monarch	FBcv:0000349	Viable
Mps1	7227.FBpp0303766	Monarch	FBcv:0000351	Lethal
Mps1	7227.FBpp0303766	Monarch	FBcv:0000352	Partially lethal - majority die
Mps1	7227.FBpp0303766	Monarch	FBcv:0000365	Semi-sterile
Mps1	7227.FBpp0303766	Monarch	FBcv:0000367	Female semi-sterile
Mps1	7227.FBpp0303766	Monarch	FBcv:0000374	Fertile
Mps1	7227.FBpp0303766	Monarch	FBcv:0000431	Abnormal meiotic cell cycle
Mps1	7227.FBpp0303766	Monarch	FBcv:0000671	Abnormal cell cycle
Mps1	7227.FBpp0303766	Monarch	FBcv:0002000	Lethal - all die before end of P-stage
Mps1	7227.FBpp0303766	Monarch	FBcv:0002001	Lethal - all die before end of first instar larval stage
Mps1	7227.FBpp0303766	Monarch	FBcv:0002002	Lethal - all die before end of larval stage
Mps1	7227.FBpp0303766	Monarch	FBcv:0002003	Lethal - all die before end of second instar larval stage
Mps1	7227.FBpp0303766	Monarch	FBcv:0002004	Increased mortality
Mps1	7227.FBpp0303766	Monarch	FBcv:0002015	Partially lethal
Mps1	7227.FBpp0303766	Monarch	FBcv:0002019	Increased mortality during development
Mps1	7227.FBpp0303766	Monarch	FBcv:0002020	Some die during P-stage
Mps1	7227.FBpp0303766	Monarch	FBcv:0002026	Lethal - all die before end of prepupal stage
Mps1	7227.FBpp0303766	Monarch	FBcv:0002027	Lethal - all die before end of pupal stage
Mps1	7227.FBpp0303766	Monarch	FBcv:0002033	Lethal - all die during embryonic stage
Mps1	7227.FBpp0303766	Monarch	FBcv:0002037	Majority die during embryonic stage
Mps1	7227.FBpp0303766	Monarch	FBcv:0002038	Some die during pharate adult stage
Mps1	7227.FBpp0303766	Monarch	FBcv:0002041	Some die during embryonic stage
Mps1	7227.FBpp0303766	UniProt Keywords	KW-0067	ATP-binding
Mps1	7227.FBpp0303766	UniProt Keywords	KW-0418	Kinase
Mps1	7227.FBpp0303766	UniProt Keywords	KW-0547	Nucleotide-binding
Mps1	7227.FBpp0303766	UniProt Keywords	KW-0723	Serine/threonine-protein kinase
Mps1	7227.FBpp0303766	UniProt Keywords	KW-0808	Transferase
Mps1	7227.FBpp0303766	InterPro	IPR000719	Protein kinase domain
Mps1	7227.FBpp0303766	InterPro	IPR008271	Serine/threonine-protein kinase, active site
Mps1	7227.FBpp0303766	InterPro	IPR011009	Protein kinase-like domain superfamily
Mps1	7227.FBpp0303766	InterPro	IPR017441	Protein kinase, ATP binding site
MtnA	7227.FBpp0306744	GO Process	GO:0009636	Response to toxic substance
MtnA	7227.FBpp0306744	GO Process	GO:0009987	Cellular process
MtnA	7227.FBpp0306744	GO Process	GO:0010038	Response to metal ion
MtnA	7227.FBpp0306744	GO Process	GO:0042221	Response to chemical
MtnA	7227.FBpp0306744	GO Process	GO:0050896	Response to stimulus
MtnA	7227.FBpp0306744	GO Process	GO:0051716	Cellular response to stimulus
MtnA	7227.FBpp0306744	GO Process	GO:0061687	Detoxification of inorganic compound
MtnA	7227.FBpp0306744	GO Process	GO:0070887	Cellular response to chemical stimulus
MtnA	7227.FBpp0306744	GO Process	GO:0097237	Cellular response to toxic substance
MtnA	7227.FBpp0306744	GO Process	GO:0098754	Detoxification
MtnA	7227.FBpp0306744	GO Process	GO:0140961	Cellular detoxification of metal ion
MtnA	7227.FBpp0306744	GO Process	GO:1990748	Cellular detoxification
MtnA	7227.FBpp0306744	GO Function	GO:0005488	Binding
MtnA	7227.FBpp0306744	GO Function	GO:0036094	Small molecule binding
MtnA	7227.FBpp0306744	GO Function	GO:0043167	Ion binding
MtnA	7227.FBpp0306744	GO Function	GO:0043169	Cation binding
MtnA	7227.FBpp0306744	GO Function	GO:0046872	Metal ion binding
MtnA	7227.FBpp0306744	STRING clusters	CL:22694	Mixed, incl. Transition metal ion transport, and Lipase
MtnA	7227.FBpp0306744	STRING clusters	CL:22696	Mixed, incl. Transition metal ion transport, and Nutrient reservoir activity
MtnA	7227.FBpp0306744	STRING clusters	CL:22697	Mixed, incl. Transition metal ion transport, and Nutrient reservoir activity
MtnA	7227.FBpp0306744	STRING clusters	CL:22698	Transition metal ion transmembrane transporter activity, and Cadmium
MtnA	7227.FBpp0306744	STRING clusters	CL:22700	Transition metal ion transmembrane transporter activity, and Cadmium
MtnA	7227.FBpp0306744	STRING clusters	CL:22734	Copper
MtnA	7227.FBpp0306744	STRING clusters	CL:22749	Cadmium, and Zinc finger transcriptional regulators
MtnA	7227.FBpp0306744	Monarch	FBcv:0000349	Viable
MtnA	7227.FBpp0306744	Monarch	FBcv:0000354	Visible
MtnA	7227.FBpp0306744	Monarch	FBcv:0000356	Abnormal body color
MtnA	7227.FBpp0306744	Monarch	FBcv:0000440	Chemical sensitive
MtnA	7227.FBpp0306744	UniProt Keywords	KW-0104	Cadmium
MtnA	7227.FBpp0306744	UniProt Keywords	KW-0186	Copper
MtnA	7227.FBpp0306744	UniProt Keywords	KW-0479	Metal-binding
MtnA	7227.FBpp0306744	UniProt Keywords	KW-0862	Zinc
MtnA	7227.FBpp0306744	Pfam	PF02067	Metallothionein family 5
MtnA	7227.FBpp0306744	InterPro	IPR000966	Metallothionein, family 5, Diptera
MtnB	7227.FBpp0311981	GO Process	GO:0009636	Response to toxic substance
MtnB	7227.FBpp0311981	GO Process	GO:0009987	Cellular process
MtnB	7227.FBpp0311981	GO Process	GO:0010038	Response to metal ion
MtnB	7227.FBpp0311981	GO Process	GO:0042221	Response to chemical
MtnB	7227.FBpp0311981	GO Process	GO:0050896	Response to stimulus
MtnB	7227.FBpp0311981	GO Process	GO:0051716	Cellular response to stimulus
MtnB	7227.FBpp0311981	GO Process	GO:0061687	Detoxification of inorganic compound
MtnB	7227.FBpp0311981	GO Process	GO:0070887	Cellular response to chemical stimulus
MtnB	7227.FBpp0311981	GO Process	GO:0097237	Cellular response to toxic substance
MtnB	7227.FBpp0311981	GO Process	GO:0098754	Detoxification
MtnB	7227.FBpp0311981	GO Process	GO:0140961	Cellular detoxification of metal ion
MtnB	7227.FBpp0311981	GO Process	GO:1990748	Cellular detoxification
MtnB	7227.FBpp0311981	GO Function	GO:0005488	Binding
MtnB	7227.FBpp0311981	GO Function	GO:0005507	Copper ion binding
MtnB	7227.FBpp0311981	GO Function	GO:0005515	Protein binding
MtnB	7227.FBpp0311981	GO Function	GO:0036094	Small molecule binding
MtnB	7227.FBpp0311981	GO Function	GO:0043167	Ion binding
MtnB	7227.FBpp0311981	GO Function	GO:0043169	Cation binding
MtnB	7227.FBpp0311981	GO Function	GO:0046872	Metal ion binding
MtnB	7227.FBpp0311981	GO Function	GO:0046914	Transition metal ion binding
MtnB	7227.FBpp0311981	STRING clusters	CL:22694	Mixed, incl. Transition metal ion transport, and Lipase
MtnB	7227.FBpp0311981	STRING clusters	CL:22696	Mixed, incl. Transition metal ion transport, and Nutrient reservoir activity
MtnB	7227.FBpp0311981	STRING clusters	CL:22697	Mixed, incl. Transition metal ion transport, and Nutrient reservoir activity
MtnB	7227.FBpp0311981	STRING clusters	CL:22698	Transition metal ion transmembrane transporter activity, and Cadmium
MtnB	7227.FBpp0311981	STRING clusters	CL:22700	Transition metal ion transmembrane transporter activity, and Cadmium
MtnB	7227.FBpp0311981	STRING clusters	CL:22734	Copper
MtnB	7227.FBpp0311981	STRING clusters	CL:22749	Cadmium, and Zinc finger transcriptional regulators
MtnB	7227.FBpp0311981	UniProt Keywords	KW-0104	Cadmium
MtnB	7227.FBpp0311981	UniProt Keywords	KW-0186	Copper
MtnB	7227.FBpp0311981	UniProt Keywords	KW-0479	Metal-binding
MtnB	7227.FBpp0311981	UniProt Keywords	KW-0862	Zinc
MtnB	7227.FBpp0311981	Pfam	PF02067	Metallothionein family 5
MtnB	7227.FBpp0311981	InterPro	IPR000966	Metallothionein, family 5, Diptera
MtnC	7227.FBpp0083292	GO Process	GO:0009636	Response to toxic substance
MtnC	7227.FBpp0083292	GO Process	GO:0009987	Cellular process
MtnC	7227.FBpp0083292	GO Process	GO:0010038	Response to metal ion
MtnC	7227.FBpp0083292	GO Process	GO:0042221	Response to chemical
MtnC	7227.FBpp0083292	GO Process	GO:0050896	Response to stimulus
MtnC	7227.FBpp0083292	GO Process	GO:0051716	Cellular response to stimulus
MtnC	7227.FBpp0083292	GO Process	GO:0061687	Detoxification of inorganic compound
MtnC	7227.FBpp0083292	GO Process	GO:0070887	Cellular response to chemical stimulus
MtnC	7227.FBpp0083292	GO Process	GO:0097237	Cellular response to toxic substance
MtnC	7227.FBpp0083292	GO Process	GO:0098754	Detoxification
MtnC	7227.FBpp0083292	GO Process	GO:0140961	Cellular detoxification of metal ion
MtnC	7227.FBpp0083292	GO Process	GO:1990748	Cellular detoxification
MtnC	7227.FBpp0083292	GO Function	GO:0005488	Binding
MtnC	7227.FBpp0083292	GO Function	GO:0036094	Small molecule binding
MtnC	7227.FBpp0083292	GO Function	GO:0043167	Ion binding
MtnC	7227.FBpp0083292	GO Function	GO:0043169	Cation binding
MtnC	7227.FBpp0083292	GO Function	GO:0046872	Metal ion binding
MtnC	7227.FBpp0083292	STRING clusters	CL:22694	Mixed, incl. Transition metal ion transport, and Lipase
MtnC	7227.FBpp0083292	STRING clusters	CL:22696	Mixed, incl. Transition metal ion transport, and Nutrient reservoir activity
MtnC	7227.FBpp0083292	STRING clusters	CL:22697	Mixed, incl. Transition metal ion transport, and Nutrient reservoir activity
MtnC	7227.FBpp0083292	STRING clusters	CL:22698	Transition metal ion transmembrane transporter activity, and Cadmium
MtnC	7227.FBpp0083292	STRING clusters	CL:22700	Transition metal ion transmembrane transporter activity, and Cadmium
MtnC	7227.FBpp0083292	STRING clusters	CL:22734	Copper
MtnC	7227.FBpp0083292	Monarch	FBcv:0000349	Viable
MtnC	7227.FBpp0083292	UniProt Keywords	KW-0104	Cadmium
MtnC	7227.FBpp0083292	UniProt Keywords	KW-0186	Copper
MtnC	7227.FBpp0083292	UniProt Keywords	KW-0479	Metal-binding
MtnC	7227.FBpp0083292	UniProt Keywords	KW-0862	Zinc
MtnC	7227.FBpp0083292	Pfam	PF02067	Metallothionein family 5
MtnC	7227.FBpp0083292	InterPro	IPR000966	Metallothionein, family 5, Diptera
MtnD	7227.FBpp0300409	GO Process	GO:0009636	Response to toxic substance
MtnD	7227.FBpp0300409	GO Process	GO:0009987	Cellular process
MtnD	7227.FBpp0300409	GO Process	GO:0010038	Response to metal ion
MtnD	7227.FBpp0300409	GO Process	GO:0042221	Response to chemical
MtnD	7227.FBpp0300409	GO Process	GO:0046688	Response to copper ion
MtnD	7227.FBpp0300409	GO Process	GO:0050896	Response to stimulus
MtnD	7227.FBpp0300409	GO Process	GO:0051716	Cellular response to stimulus
MtnD	7227.FBpp0300409	GO Process	GO:0061687	Detoxification of inorganic compound
MtnD	7227.FBpp0300409	GO Process	GO:0070887	Cellular response to chemical stimulus
MtnD	7227.FBpp0300409	GO Process	GO:0097237	Cellular response to toxic substance
MtnD	7227.FBpp0300409	GO Process	GO:0098754	Detoxification
MtnD	7227.FBpp0300409	GO Process	GO:0140961	Cellular detoxification of metal ion
MtnD	7227.FBpp0300409	GO Process	GO:1990748	Cellular detoxification
MtnD	7227.FBpp0300409	GO Function	GO:0005488	Binding
MtnD	7227.FBpp0300409	GO Function	GO:0036094	Small molecule binding
MtnD	7227.FBpp0300409	GO Function	GO:0043167	Ion binding
MtnD	7227.FBpp0300409	GO Function	GO:0043169	Cation binding
MtnD	7227.FBpp0300409	GO Function	GO:0046872	Metal ion binding
MtnD	7227.FBpp0300409	STRING clusters	CL:22694	Mixed, incl. Transition metal ion transport, and Lipase
MtnD	7227.FBpp0300409	STRING clusters	CL:22696	Mixed, incl. Transition metal ion transport, and Nutrient reservoir activity
MtnD	7227.FBpp0300409	STRING clusters	CL:22697	Mixed, incl. Transition metal ion transport, and Nutrient reservoir activity
MtnD	7227.FBpp0300409	STRING clusters	CL:22698	Transition metal ion transmembrane transporter activity, and Cadmium
MtnD	7227.FBpp0300409	STRING clusters	CL:22700	Transition metal ion transmembrane transporter activity, and Cadmium
MtnD	7227.FBpp0300409	STRING clusters	CL:22734	Copper
MtnD	7227.FBpp0300409	STRING clusters	CL:22749	Cadmium, and Zinc finger transcriptional regulators
MtnD	7227.FBpp0300409	UniProt Keywords	KW-0104	Cadmium
MtnD	7227.FBpp0300409	UniProt Keywords	KW-0186	Copper
MtnD	7227.FBpp0300409	UniProt Keywords	KW-0479	Metal-binding
MtnD	7227.FBpp0300409	UniProt Keywords	KW-0862	Zinc
MtnD	7227.FBpp0300409	Pfam	PF02067	Metallothionein family 5
MtnD	7227.FBpp0300409	InterPro	IPR000966	Metallothionein, family 5, Diptera
Pvr	7227.FBpp0291358	GO Process	GO:0001667	Ameboidal-type cell migration
Pvr	7227.FBpp0291358	GO Process	GO:0001700	Embryonic development via the syncytial blastoderm
Pvr	7227.FBpp0291358	GO Process	GO:0002009	Morphogenesis of an epithelium
Pvr	7227.FBpp0291358	GO Process	GO:0002011	Morphogenesis of an epithelial sheet
Pvr	7227.FBpp0291358	GO Process	GO:0002064	Epithelial cell development
Pvr	7227.FBpp0291358	GO Process	GO:0002164	Larval development
Pvr	7227.FBpp0291358	GO Process	GO:0002165	Instar larval or pupal development
Pvr	7227.FBpp0291358	GO Process	GO:0002347	Response to tumor cell
Pvr	7227.FBpp0291358	GO Process	GO:0002376	Immune system process
Pvr	7227.FBpp0291358	GO Process	GO:0002520	Immune system development
Pvr	7227.FBpp0291358	GO Process	GO:0002682	Regulation of immune system process
Pvr	7227.FBpp0291358	GO Process	GO:0002683	Negative regulation of immune system process
Pvr	7227.FBpp0291358	GO Process	GO:0002920	Regulation of humoral immune response
Pvr	7227.FBpp0291358	GO Process	GO:0002921	Negative regulation of humoral immune response
Pvr	7227.FBpp0291358	GO Process	GO:0003006	Developmental process involved in reproduction
Pvr	7227.FBpp0291358	GO Process	GO:0006950	Response to stress
Pvr	7227.FBpp0291358	GO Process	GO:0006952	Defense response
Pvr	7227.FBpp0291358	GO Process	GO:0006955	Immune response
Pvr	7227.FBpp0291358	GO Process	GO:0007154	Cell communication
Pvr	7227.FBpp0291358	GO Process	GO:0007165	Signal transduction
Pvr	7227.FBpp0291358	GO Process	GO:0007166	Cell surface receptor signaling pathway
Pvr	7227.FBpp0291358	GO Process	GO:0007167	Enzyme-linked receptor protein signaling pathway
Pvr	7227.FBpp0291358	GO Process	GO:0007169	Cell surface receptor protein tyrosine kinase signaling pathway
Pvr	7227.FBpp0291358	GO Process	GO:0007275	Multicellular organism development
Pvr	7227.FBpp0291358	GO Process	GO:0007276	Gamete generation
Pvr	7227.FBpp0291358	GO Process	GO:0007281	Germ cell development
Pvr	7227.FBpp0291358	GO Process	GO:0007292	Female gamete generation
Pvr	7227.FBpp0291358	GO Process	GO:0007297	Follicle cell of egg chamber migration
Pvr	7227.FBpp0291358	GO Process	GO:0007298	Border follicle cell migration
Pvr	7227.FBpp0291358	GO Process	GO:0007391	Dorsal closure
Pvr	7227.FBpp0291358	GO Process	GO:0007399	Nervous system development
Pvr	7227.FBpp0291358	GO Process	GO:0007417	Central nervous system development
Pvr	7227.FBpp0291358	GO Process	GO:0007419	Ventral cord development
Pvr	7227.FBpp0291358	GO Process	GO:0007431	Salivary gland development
Pvr	7227.FBpp0291358	GO Process	GO:0007435	Salivary gland morphogenesis
Pvr	7227.FBpp0291358	GO Process	GO:0007442	Hindgut morphogenesis
Pvr	7227.FBpp0291358	GO Process	GO:0007443	Malpighian tubule morphogenesis
Pvr	7227.FBpp0291358	GO Process	GO:0007444	Imaginal disc development
Pvr	7227.FBpp0291358	GO Process	GO:0007483	Genital disc morphogenesis
Pvr	7227.FBpp0291358	GO Process	GO:0007484	Imaginal disc-derived genitalia development
Pvr	7227.FBpp0291358	GO Process	GO:0007485	Imaginal disc-derived male genitalia development
Pvr	7227.FBpp0291358	GO Process	GO:0007548	Sex differentiation
Pvr	7227.FBpp0291358	GO Process	GO:0007552	Metamorphosis
Pvr	7227.FBpp0291358	GO Process	GO:0007560	Imaginal disc morphogenesis
Pvr	7227.FBpp0291358	GO Process	GO:0008347	Glial cell migration
Pvr	7227.FBpp0291358	GO Process	GO:0008361	Regulation of cell size
Pvr	7227.FBpp0291358	GO Process	GO:0009605	Response to external stimulus
Pvr	7227.FBpp0291358	GO Process	GO:0009607	Response to biotic stimulus
Pvr	7227.FBpp0291358	GO Process	GO:0009611	Response to wounding
Pvr	7227.FBpp0291358	GO Process	GO:0009653	Anatomical structure morphogenesis
Pvr	7227.FBpp0291358	GO Process	GO:0009790	Embryo development
Pvr	7227.FBpp0291358	GO Process	GO:0009791	Post-embryonic development
Pvr	7227.FBpp0291358	GO Process	GO:0009792	Embryo development ending in birth or egg hatching
Pvr	7227.FBpp0291358	GO Process	GO:0009886	Post-embryonic animal morphogenesis
Pvr	7227.FBpp0291358	GO Process	GO:0009887	Animal organ morphogenesis
Pvr	7227.FBpp0291358	GO Process	GO:0009888	Tissue development
Pvr	7227.FBpp0291358	GO Process	GO:0009966	Regulation of signal transduction
Pvr	7227.FBpp0291358	GO Process	GO:0009967	Positive regulation of signal transduction
Pvr	7227.FBpp0291358	GO Process	GO:0009987	Cellular process
Pvr	7227.FBpp0291358	GO Process	GO:0010631	Epithelial cell migration
Pvr	7227.FBpp0291358	GO Process	GO:0010632	Regulation of epithelial cell migration
Pvr	7227.FBpp0291358	GO Process	GO:0010634	Positive regulation of epithelial cell migration
Pvr	7227.FBpp0291358	GO Process	GO:0010646	Regulation of cell communication
Pvr	7227.FBpp0291358	GO Process	GO:0010647	Positive regulation of cell communication
Pvr	7227.FBpp0291358	GO Process	GO:0016043	Cellular component organization
Pvr	7227.FBpp0291358	GO Process	GO:0016322	Neuron remodeling
Pvr	7227.FBpp0291358	GO Process	GO:0016331	Morphogenesis of embryonic epithelium
Pvr	7227.FBpp0291358	GO Process	GO:0016477	Cell migration
Pvr	7227.FBpp0291358	GO Process	GO:0019953	Sexual reproduction
Pvr	7227.FBpp0291358	GO Process	GO:0021700	Developmental maturation
Pvr	7227.FBpp0291358	GO Process	GO:0022008	Neurogenesis
Pvr	7227.FBpp0291358	GO Process	GO:0022412	Cellular process involved in reproduction in multicellular organism
Pvr	7227.FBpp0291358	GO Process	GO:0022414	Reproductive process
Pvr	7227.FBpp0291358	GO Process	GO:0022607	Cellular component assembly
Pvr	7227.FBpp0291358	GO Process	GO:0022612	Gland morphogenesis
Pvr	7227.FBpp0291358	GO Process	GO:0023051	Regulation of signaling
Pvr	7227.FBpp0291358	GO Process	GO:0023052	Signaling
Pvr	7227.FBpp0291358	GO Process	GO:0023056	Positive regulation of signaling
Pvr	7227.FBpp0291358	GO Process	GO:0030030	Cell projection organization
Pvr	7227.FBpp0291358	GO Process	GO:0030031	Cell projection assembly
Pvr	7227.FBpp0291358	GO Process	GO:0030097	Hemopoiesis
Pvr	7227.FBpp0291358	GO Process	GO:0030154	Cell differentiation
Pvr	7227.FBpp0291358	GO Process	GO:0030182	Neuron differentiation
Pvr	7227.FBpp0291358	GO Process	GO:0030334	Regulation of cell migration
Pvr	7227.FBpp0291358	GO Process	GO:0030335	Positive regulation of cell migration
Pvr	7227.FBpp0291358	GO Process	GO:0030539	Male genitalia development
Pvr	7227.FBpp0291358	GO Process	GO:0030707	Follicle cell of egg chamber development
Pvr	7227.FBpp0291358	GO Process	GO:0030855	Epithelial cell differentiation
Pvr	7227.FBpp0291358	GO Process	GO:0032006	Regulation of TOR signaling
Pvr	7227.FBpp0291358	GO Process	GO:0032008	Positive regulation of TOR signaling
Pvr	7227.FBpp0291358	GO Process	GO:0032501	Multicellular organismal process
Pvr	7227.FBpp0291358	GO Process	GO:0032502	Developmental process
Pvr	7227.FBpp0291358	GO Process	GO:0032535	Regulation of cellular component size
Pvr	7227.FBpp0291358	GO Process	GO:0035099	Hemocyte migration
Pvr	7227.FBpp0291358	GO Process	GO:0035112	Genitalia morphogenesis
Pvr	7227.FBpp0291358	GO Process	GO:0035126	Post-embryonic genitalia morphogenesis
Pvr	7227.FBpp0291358	GO Process	GO:0035162	Embryonic hemopoiesis
Pvr	7227.FBpp0291358	GO Process	GO:0035166	Post-embryonic hemopoiesis
Pvr	7227.FBpp0291358	GO Process	GO:0035167	Larval lymph gland hemopoiesis
Pvr	7227.FBpp0291358	GO Process	GO:0035215	Genital disc development
Pvr	7227.FBpp0291358	GO Process	GO:0035239	Tube morphogenesis
Pvr	7227.FBpp0291358	GO Process	GO:0035272	Exocrine system development
Pvr	7227.FBpp0291358	GO Process	GO:0035295	Tube development
Pvr	7227.FBpp0291358	GO Process	GO:0035313	Wound healing, spreading of epidermal cells
Pvr	7227.FBpp0291358	GO Process	GO:0036335	Intestinal stem cell homeostasis
Pvr	7227.FBpp0291358	GO Process	GO:0040012	Regulation of locomotion
Pvr	7227.FBpp0291358	GO Process	GO:0040017	Positive regulation of locomotion
Pvr	7227.FBpp0291358	GO Process	GO:0042060	Wound healing
Pvr	7227.FBpp0291358	GO Process	GO:0042063	Gliogenesis
Pvr	7227.FBpp0291358	GO Process	GO:0042551	Neuron maturation
Pvr	7227.FBpp0291358	GO Process	GO:0042592	Homeostatic process
Pvr	7227.FBpp0291358	GO Process	GO:0042981	Regulation of apoptotic process
Pvr	7227.FBpp0291358	GO Process	GO:0043066	Negative regulation of apoptotic process
Pvr	7227.FBpp0291358	GO Process	GO:0043067	Regulation of programmed cell death
Pvr	7227.FBpp0291358	GO Process	GO:0043069	Negative regulation of programmed cell death
Pvr	7227.FBpp0291358	GO Process	GO:0043207	Response to external biotic stimulus
Pvr	7227.FBpp0291358	GO Process	GO:0043408	Regulation of MAPK cascade
Pvr	7227.FBpp0291358	GO Process	GO:0043410	Positive regulation of MAPK cascade
Pvr	7227.FBpp0291358	GO Process	GO:0044085	Cellular component biogenesis
Pvr	7227.FBpp0291358	GO Process	GO:0044319	Wound healing, spreading of cells
Pvr	7227.FBpp0291358	GO Process	GO:0044419	Biological process involved in interspecies interaction between organisms
Pvr	7227.FBpp0291358	GO Process	GO:0045087	Innate immune response
Pvr	7227.FBpp0291358	GO Process	GO:0045793	Positive regulation of cell size
Pvr	7227.FBpp0291358	GO Process	GO:0046328	Regulation of JNK cascade
Pvr	7227.FBpp0291358	GO Process	GO:0046330	Positive regulation of JNK cascade
Pvr	7227.FBpp0291358	GO Process	GO:0046528	Imaginal disc fusion
Pvr	7227.FBpp0291358	GO Process	GO:0046529	Imaginal disc fusion, thorax closure
Pvr	7227.FBpp0291358	GO Process	GO:0046661	Male sex differentiation
Pvr	7227.FBpp0291358	GO Process	GO:0048010	Vascular endothelial growth factor receptor signaling pathway
Pvr	7227.FBpp0291358	GO Process	GO:0048468	Cell development
Pvr	7227.FBpp0291358	GO Process	GO:0048469	Cell maturation
Pvr	7227.FBpp0291358	GO Process	GO:0048477	Oogenesis
Pvr	7227.FBpp0291358	GO Process	GO:0048513	Animal organ development
Pvr	7227.FBpp0291358	GO Process	GO:0048518	Positive regulation of biological process
Pvr	7227.FBpp0291358	GO Process	GO:0048519	Negative regulation of biological process
Pvr	7227.FBpp0291358	GO Process	GO:0048522	Positive regulation of cellular process
Pvr	7227.FBpp0291358	GO Process	GO:0048523	Negative regulation of cellular process
Pvr	7227.FBpp0291358	GO Process	GO:0048534	Hematopoietic or lymphoid organ development
Pvr	7227.FBpp0291358	GO Process	GO:0048542	Lymph gland development
Pvr	7227.FBpp0291358	GO Process	GO:0048546	Digestive tract morphogenesis
Pvr	7227.FBpp0291358	GO Process	GO:0048565	Digestive tract development
Pvr	7227.FBpp0291358	GO Process	GO:0048568	Embryonic organ development
Pvr	7227.FBpp0291358	GO Process	GO:0048583	Regulation of response to stimulus
Pvr	7227.FBpp0291358	GO Process	GO:0048584	Positive regulation of response to stimulus
Pvr	7227.FBpp0291358	GO Process	GO:0048585	Negative regulation of response to stimulus
Pvr	7227.FBpp0291358	GO Process	GO:0048598	Embryonic morphogenesis
Pvr	7227.FBpp0291358	GO Process	GO:0048608	Reproductive structure development
Pvr	7227.FBpp0291358	GO Process	GO:0048609	Multicellular organismal reproductive process
Pvr	7227.FBpp0291358	GO Process	GO:0048619	Embryonic hindgut morphogenesis
Pvr	7227.FBpp0291358	GO Process	GO:0048666	Neuron development
Pvr	7227.FBpp0291358	GO Process	GO:0048699	Generation of neurons
Pvr	7227.FBpp0291358	GO Process	GO:0048707	Instar larval or pupal morphogenesis
Pvr	7227.FBpp0291358	GO Process	GO:0048729	Tissue morphogenesis
Pvr	7227.FBpp0291358	GO Process	GO:0048731	System development
Pvr	7227.FBpp0291358	GO Process	GO:0048732	Gland development
Pvr	7227.FBpp0291358	GO Process	GO:0048803	Imaginal disc-derived male genitalia morphogenesis
Pvr	7227.FBpp0291358	GO Process	GO:0048805	Imaginal disc-derived genitalia morphogenesis
Pvr	7227.FBpp0291358	GO Process	GO:0048806	Genitalia development
Pvr	7227.FBpp0291358	GO Process	GO:0048808	Male genitalia morphogenesis
Pvr	7227.FBpp0291358	GO Process	GO:0048856	Anatomical structure development
Pvr	7227.FBpp0291358	GO Process	GO:0048869	Cellular developmental process
Pvr	7227.FBpp0291358	GO Process	GO:0048870	Cell motility
Pvr	7227.FBpp0291358	GO Process	GO:0048871	Multicellular organismal-level homeostasis
Pvr	7227.FBpp0291358	GO Process	GO:0048872	Homeostasis of number of cells
Pvr	7227.FBpp0291358	GO Process	GO:0050776	Regulation of immune response
Pvr	7227.FBpp0291358	GO Process	GO:0050777	Negative regulation of immune response
Pvr	7227.FBpp0291358	GO Process	GO:0050789	Regulation of biological process
Pvr	7227.FBpp0291358	GO Process	GO:0050794	Regulation of cellular process
Pvr	7227.FBpp0291358	GO Process	GO:0050896	Response to stimulus
Pvr	7227.FBpp0291358	GO Process	GO:0051239	Regulation of multicellular organismal process
Pvr	7227.FBpp0291358	GO Process	GO:0051707	Response to other organism
Pvr	7227.FBpp0291358	GO Process	GO:0051716	Cellular response to stimulus
Pvr	7227.FBpp0291358	GO Process	GO:0051896	Regulation of phosphatidylinositol 3-kinase/protein kinase B signal transduction
Pvr	7227.FBpp0291358	GO Process	GO:0051897	Positive regulation of phosphatidylinositol 3-kinase/protein kinase B signal transduction
Pvr	7227.FBpp0291358	GO Process	GO:0055123	Digestive system development
Pvr	7227.FBpp0291358	GO Process	GO:0060429	Epithelium development
Pvr	7227.FBpp0291358	GO Process	GO:0060562	Epithelial tube morphogenesis
Pvr	7227.FBpp0291358	GO Process	GO:0061326	Renal tubule development
Pvr	7227.FBpp0291358	GO Process	GO:0061327	Anterior Malpighian tubule development
Pvr	7227.FBpp0291358	GO Process	GO:0061333	Renal tubule morphogenesis
Pvr	7227.FBpp0291358	GO Process	GO:0061458	Reproductive system development
Pvr	7227.FBpp0291358	GO Process	GO:0061525	Hindgut development
Pvr	7227.FBpp0291358	GO Process	GO:0065007	Biological regulation
Pvr	7227.FBpp0291358	GO Process	GO:0065008	Regulation of biological quality
Pvr	7227.FBpp0291358	GO Process	GO:0070372	Regulation of ERK1 and ERK2 cascade
Pvr	7227.FBpp0291358	GO Process	GO:0070374	Positive regulation of ERK1 and ERK2 cascade
Pvr	7227.FBpp0291358	GO Process	GO:0071695	Anatomical structure maturation
Pvr	7227.FBpp0291358	GO Process	GO:0071840	Cellular component organization or biogenesis
Pvr	7227.FBpp0291358	GO Process	GO:0072001	Renal system development
Pvr	7227.FBpp0291358	GO Process	GO:0072002	Malpighian tubule development
Pvr	7227.FBpp0291358	GO Process	GO:0090066	Regulation of anatomical structure size
Pvr	7227.FBpp0291358	GO Process	GO:0090130	Tissue migration
Pvr	7227.FBpp0291358	GO Process	GO:0090132	Epithelium migration
Pvr	7227.FBpp0291358	GO Process	GO:0090504	Epiboly
Pvr	7227.FBpp0291358	GO Process	GO:0090505	Epiboly involved in wound healing
Pvr	7227.FBpp0291358	GO Process	GO:0090598	Male anatomical structure morphogenesis
Pvr	7227.FBpp0291358	GO Process	GO:0098542	Defense response to other organism
Pvr	7227.FBpp0291358	GO Process	GO:0140546	Defense response to symbiont
Pvr	7227.FBpp0291358	GO Process	GO:1902531	Regulation of intracellular signal transduction
Pvr	7227.FBpp0291358	GO Process	GO:1902533	Positive regulation of intracellular signal transduction
Pvr	7227.FBpp0291358	GO Process	GO:1903432	Regulation of TORC1 signaling
Pvr	7227.FBpp0291358	GO Process	GO:1903684	Regulation of border follicle cell migration
Pvr	7227.FBpp0291358	GO Process	GO:1903688	Positive regulation of border follicle cell migration
Pvr	7227.FBpp0291358	GO Process	GO:1904263	Positive regulation of TORC1 signaling
Pvr	7227.FBpp0291358	GO Process	GO:2000145	Regulation of cell motility
Pvr	7227.FBpp0291358	GO Process	GO:2000147	Positive regulation of cell motility
Pvr	7227.FBpp0291358	GO Function	GO:0000166	Nucleotide binding
Pvr	7227.FBpp0291358	GO Function	GO:0003824	Catalytic activity
Pvr	7227.FBpp0291358	GO Function	GO:0004672	Protein kinase activity
Pvr	7227.FBpp0291358	GO Function	GO:0004713	Protein tyrosine kinase activity
Pvr	7227.FBpp0291358	GO Function	GO:0004714	Transmembrane receptor protein tyrosine kinase activity
Pvr	7227.FBpp0291358	GO Function	GO:0004888	Transmembrane signaling receptor activity
Pvr	7227.FBpp0291358	GO Function	GO:0005488	Binding
Pvr	7227.FBpp0291358	GO Function	GO:0005515	Protein binding
Pvr	7227.FBpp0291358	GO Function	GO:0005524	ATP binding
Pvr	7227.FBpp0291358	GO Function	GO:0016301	Kinase activity
Pvr	7227.FBpp0291358	GO Function	GO:0016740	Transferase activity
Pvr	7227.FBpp0291358	GO Function	GO:0016772	Transferase activity, transferring phosphorus-containing groups
Pvr	7227.FBpp0291358	GO Function	GO:0016773	Phosphotransferase activity, alcohol group as acceptor
Pvr	7227.FBpp0291358	GO Function	GO:0017076	Purine nucleotide binding
Pvr	7227.FBpp0291358	GO Function	GO:0019199	Transmembrane receptor protein kinase activity
Pvr	7227.FBpp0291358	GO Function	GO:0019838	Growth factor binding
Pvr	7227.FBpp0291358	GO Function	GO:0030554	Adenyl nucleotide binding
Pvr	7227.FBpp0291358	GO Function	GO:0032553	Ribonucleotide binding
Pvr	7227.FBpp0291358	GO Function	GO:0032555	Purine ribonucleotide binding
Pvr	7227.FBpp0291358	GO Function	GO:0032559	Adenyl ribonucleotide binding
Pvr	7227.FBpp0291358	GO Function	GO:0035639	Purine ribonucleoside triphosphate binding
Pvr	7227.FBpp0291358	GO Function	GO:0036094	Small molecule binding
Pvr	7227.FBpp0291358	GO Function	GO:0038023	Signaling receptor activity
Pvr	7227.FBpp0291358	GO Function	GO:0038085	Vascular endothelial growth factor binding
Pvr	7227.FBpp0291358	GO Function	GO:0043167	Ion binding
Pvr	7227.FBpp0291358	GO Function	GO:0043168	Anion binding
Pvr	7227.FBpp0291358	GO Function	GO:0043169	Cation binding
Pvr	7227.FBpp0291358	GO Function	GO:0046872	Metal ion binding
Pvr	7227.FBpp0291358	GO Function	GO:0060089	Molecular transducer activity
Pvr	7227.FBpp0291358	GO Function	GO:0097367	Carbohydrate derivative binding
Pvr	7227.FBpp0291358	GO Function	GO:0140096	Catalytic activity, acting on a protein
Pvr	7227.FBpp0291358	GO Function	GO:1901265	Nucleoside phosphate binding
Pvr	7227.FBpp0291358	GO Function	GO:1901363	Heterocyclic compound binding
Pvr	7227.FBpp0291358	GO Component	GO:0005886	Plasma membrane
Pvr	7227.FBpp0291358	GO Component	GO:0016020	Membrane
Pvr	7227.FBpp0291358	GO Component	GO:0032991	Protein-containing complex
Pvr	7227.FBpp0291358	GO Component	GO:0043235	Receptor complex
Pvr	7227.FBpp0291358	GO Component	GO:0071944	Cell periphery
Pvr	7227.FBpp0291358	GO Component	GO:0110165	Cellular anatomical structure
Pvr	7227.FBpp0291358	STRING clusters	CL:11137	Mixed, incl. MAPK signaling pathway - fly, and Cell surface receptor protein tyrosine kinase signaling pathway
Pvr	7227.FBpp0291358	STRING clusters	CL:11138	Mixed, incl. Cell surface receptor protein tyrosine kinase signaling pathway, and MAPK signaling pathway - fly
Pvr	7227.FBpp0291358	STRING clusters	CL:11139	Cell surface receptor protein tyrosine kinase signaling pathway, and Negative regulation of ERK1 and ERK2 cascade
Pvr	7227.FBpp0291358	STRING clusters	CL:11140	Mixed, incl. IGF1R signaling cascade, and Insulin-like superfamily
Pvr	7227.FBpp0291358	Reactome	DME-109704	PI3K Cascade
Pvr	7227.FBpp0291358	Reactome	DME-112399	IRS-mediated signalling
Pvr	7227.FBpp0291358	Reactome	DME-1257604	PIP3 activates AKT signaling
Pvr	7227.FBpp0291358	Reactome	DME-1280215	Cytokine Signaling in Immune system
Pvr	7227.FBpp0291358	Reactome	DME-1433557	Signaling by SCF-KIT
Pvr	7227.FBpp0291358	Reactome	DME-1433559	Regulation of KIT signaling
Pvr	7227.FBpp0291358	Reactome	DME-1474244	Extracellular matrix organization
Pvr	7227.FBpp0291358	Reactome	DME-162582	Signal Transduction
Pvr	7227.FBpp0291358	Reactome	DME-168256	Immune System
Pvr	7227.FBpp0291358	Reactome	DME-186763	Downstream signal transduction
Pvr	7227.FBpp0291358	Reactome	DME-186797	Signaling by PDGF
Pvr	7227.FBpp0291358	Reactome	DME-194138	Signaling by VEGF
Pvr	7227.FBpp0291358	Reactome	DME-199418	Negative regulation of the PI3K/AKT network
Pvr	7227.FBpp0291358	Reactome	DME-216083	Integrin cell surface interactions
Pvr	7227.FBpp0291358	Reactome	DME-2404192	Signaling by Type 1 Insulin-like Growth Factor 1 Receptor (IGF1R)
Pvr	7227.FBpp0291358	Reactome	DME-2428924	IGF1R signaling cascade
Pvr	7227.FBpp0291358	Reactome	DME-2428928	IRS-related events triggered by IGF1R
Pvr	7227.FBpp0291358	Reactome	DME-4420097	VEGFA-VEGFR2 Pathway
Pvr	7227.FBpp0291358	Reactome	DME-5673001	RAF/MAP kinase cascade
Pvr	7227.FBpp0291358	Reactome	DME-5683057	MAPK family signaling cascades
Pvr	7227.FBpp0291358	Reactome	DME-5684996	MAPK1/MAPK3 signaling
Pvr	7227.FBpp0291358	Reactome	DME-6811558	PI5P, PP2A and IER3 Regulate PI3K/AKT Signaling
Pvr	7227.FBpp0291358	Reactome	DME-74751	Insulin receptor signalling cascade
Pvr	7227.FBpp0291358	Reactome	DME-74752	Signaling by Insulin receptor
Pvr	7227.FBpp0291358	Reactome	DME-9006925	Intracellular signaling by second messengers
Pvr	7227.FBpp0291358	Reactome	DME-9006934	Signaling by Receptor Tyrosine Kinases
Pvr	7227.FBpp0291358	Reactome	DME-9607240	FLT3 Signaling
Pvr	7227.FBpp0291358	WikiPathways	WP3653	Equilibrium signaling of differentiated cells
Pvr	7227.FBpp0291358	COMPARTMENTS	GOCC:0005886	Plasma membrane
Pvr	7227.FBpp0291358	COMPARTMENTS	GOCC:0016020	Membrane
Pvr	7227.FBpp0291358	COMPARTMENTS	GOCC:0071944	Cell periphery
Pvr	7227.FBpp0291358	COMPARTMENTS	GOCC:0110165	Cellular anatomical structure
Pvr	7227.FBpp0291358	Monarch	FBcv:0000349	Viable
Pvr	7227.FBpp0291358	Monarch	FBcv:0000351	Lethal
Pvr	7227.FBpp0291358	Monarch	FBcv:0000352	Partially lethal - majority die
Pvr	7227.FBpp0291358	Monarch	FBcv:0000354	Visible
Pvr	7227.FBpp0291358	Monarch	FBcv:0000357	Abnormal size
Pvr	7227.FBpp0291358	Monarch	FBcv:0000359	Decreased cell number
Pvr	7227.FBpp0291358	Monarch	FBcv:0000360	Decreased cell size
Pvr	7227.FBpp0291358	Monarch	FBcv:0000362	Increased cell number
Pvr	7227.FBpp0291358	Monarch	FBcv:0000374	Fertile
Pvr	7227.FBpp0291358	Monarch	FBcv:0000385	Short lived
Pvr	7227.FBpp0291358	Monarch	FBcv:0000424	Abnormal cell death
Pvr	7227.FBpp0291358	Monarch	FBcv:0000425	Increased cell death
Pvr	7227.FBpp0291358	Monarch	FBcv:0000428	Abnormal cell size
Pvr	7227.FBpp0291358	Monarch	FBcv:0000435	Abnormal neuroanatomy
Pvr	7227.FBpp0291358	Monarch	FBcv:0000709	Abnormal cell number
Pvr	7227.FBpp0291358	Monarch	FBcv:0000723	Neoplasia
Pvr	7227.FBpp0291358	Monarch	FBcv:0002000	Lethal - all die before end of P-stage
Pvr	7227.FBpp0291358	Monarch	FBcv:0002001	Lethal - all die before end of first instar larval stage
Pvr	7227.FBpp0291358	Monarch	FBcv:0002002	Lethal - all die before end of larval stage
Pvr	7227.FBpp0291358	Monarch	FBcv:0002003	Lethal - all die before end of second instar larval stage
Pvr	7227.FBpp0291358	Monarch	FBcv:0002004	Increased mortality
Pvr	7227.FBpp0291358	Monarch	FBcv:0002015	Partially lethal
Pvr	7227.FBpp0291358	Monarch	FBcv:0002019	Increased mortality during development
Pvr	7227.FBpp0291358	Monarch	FBcv:0002020	Some die during P-stage
Pvr	7227.FBpp0291358	Monarch	FBcv:0002026	Lethal - all die before end of prepupal stage
Pvr	7227.FBpp0291358	Monarch	FBcv:0002027	Lethal - all die before end of pupal stage
Pvr	7227.FBpp0291358	Monarch	FBcv:0002033	Lethal - all die during embryonic stage
Pvr	7227.FBpp0291358	Monarch	FBcv:0002037	Majority die during embryonic stage
Pvr	7227.FBpp0291358	Monarch	FBcv:0002039	Some die during pupal stage
Pvr	7227.FBpp0291358	Monarch	FBcv:0002041	Some die during embryonic stage
Pvr	7227.FBpp0291358	UniProt Keywords	KW-0067	ATP-binding
Pvr	7227.FBpp0291358	UniProt Keywords	KW-0325	Glycoprotein
Pvr	7227.FBpp0291358	UniProt Keywords	KW-0393	Immunoglobulin domain
Pvr	7227.FBpp0291358	UniProt Keywords	KW-0460	Magnesium
Pvr	7227.FBpp0291358	UniProt Keywords	KW-0472	Membrane
Pvr	7227.FBpp0291358	UniProt Keywords	KW-0479	Metal-binding
Pvr	7227.FBpp0291358	UniProt Keywords	KW-0547	Nucleotide-binding
Pvr	7227.FBpp0291358	UniProt Keywords	KW-0675	Receptor
Pvr	7227.FBpp0291358	UniProt Keywords	KW-0732	Signal
Pvr	7227.FBpp0291358	UniProt Keywords	KW-0808	Transferase
Pvr	7227.FBpp0291358	UniProt Keywords	KW-0812	Transmembrane
Pvr	7227.FBpp0291358	UniProt Keywords	KW-1015	Disulfide bond
Pvr	7227.FBpp0291358	UniProt Keywords	KW-1133	Transmembrane helix
Pvr	7227.FBpp0291358	InterPro	IPR000719	Protein kinase domain
Pvr	7227.FBpp0291358	InterPro	IPR001245	Serine-threonine/tyrosine-protein kinase, catalytic domain
Pvr	7227.FBpp0291358	InterPro	IPR003598	Immunoglobulin subtype 2
Pvr	7227.FBpp0291358	InterPro	IPR003599	Immunoglobulin domain subtype
Pvr	7227.FBpp0291358	InterPro	IPR007110	Immunoglobulin-like domain
Pvr	7227.FBpp0291358	InterPro	IPR008266	Tyrosine-protein kinase, active site
Pvr	7227.FBpp0291358	InterPro	IPR011009	Protein kinase-like domain superfamily
Pvr	7227.FBpp0291358	InterPro	IPR013098	Immunoglobulin I-set
Pvr	7227.FBpp0291358	InterPro	IPR013106	Immunoglobulin V-set domain
Pvr	7227.FBpp0291358	InterPro	IPR013783	Immunoglobulin-like fold
Pvr	7227.FBpp0291358	InterPro	IPR017441	Protein kinase, ATP binding site
Pvr	7227.FBpp0291358	InterPro	IPR036179	Immunoglobulin-like domain superfamily
Pvr	7227.FBpp0291358	InterPro	IPR050122	Receptor Tyrosine Kinase
Pvr	7227.FBpp0291358	SMART	SM00219	Tyrosine kinase, catalytic domain
Pvr	7227.FBpp0291358	SMART	SM00408	Immunoglobulin C-2 Type
Pvr	7227.FBpp0291358	SMART	SM00409	Immunoglobulin
Pvr	7227.FBpp0291358	SMART	SM00410	Immunoglobulin like
Rab5	7227.FBpp0077473	GO Process	GO:0000902	Cell morphogenesis
Rab5	7227.FBpp0077473	GO Process	GO:0001667	Ameboidal-type cell migration
Rab5	7227.FBpp0077473	GO Process	GO:0001700	Embryonic development via the syncytial blastoderm
Rab5	7227.FBpp0077473	GO Process	GO:0002009	Morphogenesis of an epithelium
Rab5	7227.FBpp0077473	GO Process	GO:0002064	Epithelial cell development
Rab5	7227.FBpp0077473	GO Process	GO:0002165	Instar larval or pupal development
Rab5	7227.FBpp0077473	GO Process	GO:0003006	Developmental process involved in reproduction
Rab5	7227.FBpp0077473	GO Process	GO:0006810	Transport
Rab5	7227.FBpp0077473	GO Process	GO:0006836	Neurotransmitter transport
Rab5	7227.FBpp0077473	GO Process	GO:0006886	Intracellular protein transport
Rab5	7227.FBpp0077473	GO Process	GO:0006887	Exocytosis
Rab5	7227.FBpp0077473	GO Process	GO:0006897	Endocytosis
Rab5	7227.FBpp0077473	GO Process	GO:0006898	Receptor-mediated endocytosis
Rab5	7227.FBpp0077473	GO Process	GO:0006906	Vesicle fusion
Rab5	7227.FBpp0077473	GO Process	GO:0006909	Phagocytosis
Rab5	7227.FBpp0077473	GO Process	GO:0006996	Organelle organization
Rab5	7227.FBpp0077473	GO Process	GO:0007028	Cytoplasm organization
Rab5	7227.FBpp0077473	GO Process	GO:0007032	Endosome organization
Rab5	7227.FBpp0077473	GO Process	GO:0007154	Cell communication
Rab5	7227.FBpp0077473	GO Process	GO:0007163	Establishment or maintenance of cell polarity
Rab5	7227.FBpp0077473	GO Process	GO:0007165	Signal transduction
Rab5	7227.FBpp0077473	GO Process	GO:0007220	Notch receptor processing
Rab5	7227.FBpp0077473	GO Process	GO:0007264	Small GTPase-mediated signal transduction
Rab5	7227.FBpp0077473	GO Process	GO:0007275	Multicellular organism development
Rab5	7227.FBpp0077473	GO Process	GO:0007276	Gamete generation
Rab5	7227.FBpp0077473	GO Process	GO:0007281	Germ cell development
Rab5	7227.FBpp0077473	GO Process	GO:0007292	Female gamete generation
Rab5	7227.FBpp0077473	GO Process	GO:0007296	Vitellogenesis
Rab5	7227.FBpp0077473	GO Process	GO:0007297	Follicle cell of egg chamber migration
Rab5	7227.FBpp0077473	GO Process	GO:0007298	Border follicle cell migration
Rab5	7227.FBpp0077473	GO Process	GO:0007349	Cellularization
Rab5	7227.FBpp0077473	GO Process	GO:0007391	Dorsal closure
Rab5	7227.FBpp0077473	GO Process	GO:0007399	Nervous system development
Rab5	7227.FBpp0077473	GO Process	GO:0007409	Axonogenesis
Rab5	7227.FBpp0077473	GO Process	GO:0007444	Imaginal disc development
Rab5	7227.FBpp0077473	GO Process	GO:0007483	Genital disc morphogenesis
Rab5	7227.FBpp0077473	GO Process	GO:0007484	Imaginal disc-derived genitalia development
Rab5	7227.FBpp0077473	GO Process	GO:0007485	Imaginal disc-derived male genitalia development
Rab5	7227.FBpp0077473	GO Process	GO:0007548	Sex differentiation
Rab5	7227.FBpp0077473	GO Process	GO:0007552	Metamorphosis
Rab5	7227.FBpp0077473	GO Process	GO:0007560	Imaginal disc morphogenesis
Rab5	7227.FBpp0077473	GO Process	GO:0008104	Intracellular protein localization
Rab5	7227.FBpp0077473	GO Process	GO:0008152	Metabolic process
Rab5	7227.FBpp0077473	GO Process	GO:0009653	Anatomical structure morphogenesis
Rab5	7227.FBpp0077473	GO Process	GO:0009790	Embryo development
Rab5	7227.FBpp0077473	GO Process	GO:0009791	Post-embryonic development
Rab5	7227.FBpp0077473	GO Process	GO:0009792	Embryo development ending in birth or egg hatching
Rab5	7227.FBpp0077473	GO Process	GO:0009886	Post-embryonic animal morphogenesis
Rab5	7227.FBpp0077473	GO Process	GO:0009887	Animal organ morphogenesis
Rab5	7227.FBpp0077473	GO Process	GO:0009888	Tissue development
Rab5	7227.FBpp0077473	GO Process	GO:0009987	Cellular process
Rab5	7227.FBpp0077473	GO Process	GO:0010256	Endomembrane system organization
Rab5	7227.FBpp0077473	GO Process	GO:0010631	Epithelial cell migration
Rab5	7227.FBpp0077473	GO Process	GO:0015031	Protein transport
Rab5	7227.FBpp0077473	GO Process	GO:0016032	Viral process
Rab5	7227.FBpp0077473	GO Process	GO:0016043	Cellular component organization
Rab5	7227.FBpp0077473	GO Process	GO:0016049	Cell growth
Rab5	7227.FBpp0077473	GO Process	GO:0016050	Vesicle organization
Rab5	7227.FBpp0077473	GO Process	GO:0016192	Vesicle-mediated transport
Rab5	7227.FBpp0077473	GO Process	GO:0016197	Endosomal transport
Rab5	7227.FBpp0077473	GO Process	GO:0016331	Morphogenesis of embryonic epithelium
Rab5	7227.FBpp0077473	GO Process	GO:0016358	Dendrite development
Rab5	7227.FBpp0077473	GO Process	GO:0016477	Cell migration
Rab5	7227.FBpp0077473	GO Process	GO:0019058	Viral life cycle
Rab5	7227.FBpp0077473	GO Process	GO:0019538	Protein metabolic process
Rab5	7227.FBpp0077473	GO Process	GO:0019953	Sexual reproduction
Rab5	7227.FBpp0077473	GO Process	GO:0022008	Neurogenesis
Rab5	7227.FBpp0077473	GO Process	GO:0022412	Cellular process involved in reproduction in multicellular organism
Rab5	7227.FBpp0077473	GO Process	GO:0022414	Reproductive process
Rab5	7227.FBpp0077473	GO Process	GO:0022607	Cellular component assembly
Rab5	7227.FBpp0077473	GO Process	GO:0023052	Signaling
Rab5	7227.FBpp0077473	GO Process	GO:0030030	Cell projection organization
Rab5	7227.FBpp0077473	GO Process	GO:0030154	Cell differentiation
Rab5	7227.FBpp0077473	GO Process	GO:0030182	Neuron differentiation
Rab5	7227.FBpp0077473	GO Process	GO:0030539	Male genitalia development
Rab5	7227.FBpp0077473	GO Process	GO:0030707	Follicle cell of egg chamber development
Rab5	7227.FBpp0077473	GO Process	GO:0030855	Epithelial cell differentiation
Rab5	7227.FBpp0077473	GO Process	GO:0031175	Neuron projection development
Rab5	7227.FBpp0077473	GO Process	GO:0032482	Rab protein signal transduction
Rab5	7227.FBpp0077473	GO Process	GO:0032501	Multicellular organismal process
Rab5	7227.FBpp0077473	GO Process	GO:0032502	Developmental process
Rab5	7227.FBpp0077473	GO Process	GO:0032509	Endosome transport via multivesicular body sorting pathway
Rab5	7227.FBpp0077473	GO Process	GO:0032940	Secretion by cell
Rab5	7227.FBpp0077473	GO Process	GO:0032956	Regulation of actin cytoskeleton organization
Rab5	7227.FBpp0077473	GO Process	GO:0032970	Regulation of actin filament-based process
Rab5	7227.FBpp0077473	GO Process	GO:0033036	Macromolecule localization
Rab5	7227.FBpp0077473	GO Process	GO:0033043	Regulation of organelle organization
Rab5	7227.FBpp0077473	GO Process	GO:0034058	Endosomal vesicle fusion
Rab5	7227.FBpp0077473	GO Process	GO:0035088	Establishment or maintenance of apical/basal cell polarity
Rab5	7227.FBpp0077473	GO Process	GO:0035112	Genitalia morphogenesis
Rab5	7227.FBpp0077473	GO Process	GO:0035126	Post-embryonic genitalia morphogenesis
Rab5	7227.FBpp0077473	GO Process	GO:0035215	Genital disc development
Rab5	7227.FBpp0077473	GO Process	GO:0035220	Wing disc development
Rab5	7227.FBpp0077473	GO Process	GO:0035556	Intracellular signal transduction
Rab5	7227.FBpp0077473	GO Process	GO:0036257	Multivesicular body organization
Rab5	7227.FBpp0077473	GO Process	GO:0036258	Multivesicular body assembly
Rab5	7227.FBpp0077473	GO Process	GO:0036465	Synaptic vesicle recycling
Rab5	7227.FBpp0077473	GO Process	GO:0040007	Growth
Rab5	7227.FBpp0077473	GO Process	GO:0043170	Macromolecule metabolic process
Rab5	7227.FBpp0077473	GO Process	GO:0044085	Cellular component biogenesis
Rab5	7227.FBpp0077473	GO Process	GO:0044238	Primary metabolic process
Rab5	7227.FBpp0077473	GO Process	GO:0044403	Biological process involved in symbiotic interaction
Rab5	7227.FBpp0077473	GO Process	GO:0044409	Symbiont entry into host
Rab5	7227.FBpp0077473	GO Process	GO:0044419	Biological process involved in interspecies interaction between organisms
Rab5	7227.FBpp0077473	GO Process	GO:0045184	Establishment of protein localization
Rab5	7227.FBpp0077473	GO Process	GO:0046661	Male sex differentiation
Rab5	7227.FBpp0077473	GO Process	GO:0046664	Dorsal closure, amnioserosa morphology change
Rab5	7227.FBpp0077473	GO Process	GO:0046718	Symbiont entry into host cell
Rab5	7227.FBpp0077473	GO Process	GO:0046903	Secretion
Rab5	7227.FBpp0077473	GO Process	GO:0046907	Intracellular transport
Rab5	7227.FBpp0077473	GO Process	GO:0048015	Phosphatidylinositol-mediated signaling
Rab5	7227.FBpp0077473	GO Process	GO:0048227	Plasma membrane to endosome transport
Rab5	7227.FBpp0077473	GO Process	GO:0048284	Organelle fusion
Rab5	7227.FBpp0077473	GO Process	GO:0048468	Cell development
Rab5	7227.FBpp0077473	GO Process	GO:0048477	Oogenesis
Rab5	7227.FBpp0077473	GO Process	GO:0048488	Synaptic vesicle endocytosis
Rab5	7227.FBpp0077473	GO Process	GO:0048513	Animal organ development
Rab5	7227.FBpp0077473	GO Process	GO:0048588	Developmental cell growth
Rab5	7227.FBpp0077473	GO Process	GO:0048589	Developmental growth
Rab5	7227.FBpp0077473	GO Process	GO:0048598	Embryonic morphogenesis
Rab5	7227.FBpp0077473	GO Process	GO:0048608	Reproductive structure development
Rab5	7227.FBpp0077473	GO Process	GO:0048609	Multicellular organismal reproductive process
Rab5	7227.FBpp0077473	GO Process	GO:0048646	Anatomical structure formation involved in morphogenesis
Rab5	7227.FBpp0077473	GO Process	GO:0048666	Neuron development
Rab5	7227.FBpp0077473	GO Process	GO:0048667	Cell morphogenesis involved in neuron differentiation
Rab5	7227.FBpp0077473	GO Process	GO:0048675	Axon extension
Rab5	7227.FBpp0077473	GO Process	GO:0048699	Generation of neurons
Rab5	7227.FBpp0077473	GO Process	GO:0048707	Instar larval or pupal morphogenesis
Rab5	7227.FBpp0077473	GO Process	GO:0048729	Tissue morphogenesis
Rab5	7227.FBpp0077473	GO Process	GO:0048731	System development
Rab5	7227.FBpp0077473	GO Process	GO:0048803	Imaginal disc-derived male genitalia morphogenesis
Rab5	7227.FBpp0077473	GO Process	GO:0048805	Imaginal disc-derived genitalia morphogenesis
Rab5	7227.FBpp0077473	GO Process	GO:0048806	Genitalia development
Rab5	7227.FBpp0077473	GO Process	GO:0048808	Male genitalia morphogenesis
Rab5	7227.FBpp0077473	GO Process	GO:0048812	Neuron projection morphogenesis
Rab5	7227.FBpp0077473	GO Process	GO:0048813	Dendrite morphogenesis
Rab5	7227.FBpp0077473	GO Process	GO:0048856	Anatomical structure development
Rab5	7227.FBpp0077473	GO Process	GO:0048858	Cell projection morphogenesis
Rab5	7227.FBpp0077473	GO Process	GO:0048869	Cellular developmental process
Rab5	7227.FBpp0077473	GO Process	GO:0048870	Cell motility
Rab5	7227.FBpp0077473	GO Process	GO:0050789	Regulation of biological process
Rab5	7227.FBpp0077473	GO Process	GO:0050794	Regulation of cellular process
Rab5	7227.FBpp0077473	GO Process	GO:0050803	Regulation of synapse structure or activity
Rab5	7227.FBpp0077473	GO Process	GO:0050896	Response to stimulus
Rab5	7227.FBpp0077473	GO Process	GO:0051128	Regulation of cellular component organization
Rab5	7227.FBpp0077473	GO Process	GO:0051179	Localization
Rab5	7227.FBpp0077473	GO Process	GO:0051234	Establishment of localization
Rab5	7227.FBpp0077473	GO Process	GO:0051239	Regulation of multicellular organismal process
Rab5	7227.FBpp0077473	GO Process	GO:0051493	Regulation of cytoskeleton organization
Rab5	7227.FBpp0077473	GO Process	GO:0051641	Cellular localization
Rab5	7227.FBpp0077473	GO Process	GO:0051649	Establishment of localization in cell
Rab5	7227.FBpp0077473	GO Process	GO:0051701	Biological process involved in interaction with host
Rab5	7227.FBpp0077473	GO Process	GO:0051716	Cellular response to stimulus
Rab5	7227.FBpp0077473	GO Process	GO:0060429	Epithelium development
Rab5	7227.FBpp0077473	GO Process	GO:0060560	Developmental growth involved in morphogenesis
Rab5	7227.FBpp0077473	GO Process	GO:0061024	Membrane organization
Rab5	7227.FBpp0077473	GO Process	GO:0061025	Membrane fusion
Rab5	7227.FBpp0077473	GO Process	GO:0061245	Establishment or maintenance of bipolar cell polarity
Rab5	7227.FBpp0077473	GO Process	GO:0061458	Reproductive system development
Rab5	7227.FBpp0077473	GO Process	GO:0061564	Axon development
Rab5	7227.FBpp0077473	GO Process	GO:0061883	Clathrin-dependent endocytosis involved in vitellogenesis
Rab5	7227.FBpp0077473	GO Process	GO:0065007	Biological regulation
Rab5	7227.FBpp0077473	GO Process	GO:0065008	Regulation of biological quality
Rab5	7227.FBpp0077473	GO Process	GO:0070925	Organelle assembly
Rab5	7227.FBpp0077473	GO Process	GO:0071705	Nitrogen compound transport
Rab5	7227.FBpp0077473	GO Process	GO:0071840	Cellular component organization or biogenesis
Rab5	7227.FBpp0077473	GO Process	GO:0071985	Multivesicular body sorting pathway
Rab5	7227.FBpp0077473	GO Process	GO:0072583	Clathrin-dependent endocytosis
Rab5	7227.FBpp0077473	GO Process	GO:0090130	Tissue migration
Rab5	7227.FBpp0077473	GO Process	GO:0090132	Epithelium migration
Rab5	7227.FBpp0077473	GO Process	GO:0090174	Organelle membrane fusion
Rab5	7227.FBpp0077473	GO Process	GO:0090598	Male anatomical structure morphogenesis
Rab5	7227.FBpp0077473	GO Process	GO:0098657	Import into cell
Rab5	7227.FBpp0077473	GO Process	GO:0099003	Vesicle-mediated transport in synapse
Rab5	7227.FBpp0077473	GO Process	GO:0099504	Synaptic vesicle cycle
Rab5	7227.FBpp0077473	GO Process	GO:0099532	Synaptic vesicle endosomal processing
Rab5	7227.FBpp0077473	GO Process	GO:0120036	Plasma membrane bounded cell projection organization
Rab5	7227.FBpp0077473	GO Process	GO:0120039	Plasma membrane bounded cell projection morphogenesis
Rab5	7227.FBpp0077473	GO Process	GO:0140238	Presynaptic endocytosis
Rab5	7227.FBpp0077473	GO Process	GO:0140352	Export from cell
Rab5	7227.FBpp0077473	GO Process	GO:0141124	Intracellular signaling cassette
Rab5	7227.FBpp0077473	GO Process	GO:1990138	Neuron projection extension
Rab5	7227.FBpp0077473	GO Function	GO:0000166	Nucleotide binding
Rab5	7227.FBpp0077473	GO Function	GO:0003824	Catalytic activity
Rab5	7227.FBpp0077473	GO Function	GO:0003924	GTPase activity
Rab5	7227.FBpp0077473	GO Function	GO:0003925	G protein activity
Rab5	7227.FBpp0077473	GO Function	GO:0005488	Binding
Rab5	7227.FBpp0077473	GO Function	GO:0005515	Protein binding
Rab5	7227.FBpp0077473	GO Function	GO:0005525	GTP binding
Rab5	7227.FBpp0077473	GO Function	GO:0016462	Pyrophosphatase activity
Rab5	7227.FBpp0077473	GO Function	GO:0016787	Hydrolase activity
Rab5	7227.FBpp0077473	GO Function	GO:0016817	Hydrolase activity, acting on acid anhydrides
Rab5	7227.FBpp0077473	GO Function	GO:0016818	Hydrolase activity, acting on acid anhydrides, in phosphorus-containing anhydrides
Rab5	7227.FBpp0077473	GO Function	GO:0017076	Purine nucleotide binding
Rab5	7227.FBpp0077473	GO Function	GO:0017111	Ribonucleoside triphosphate phosphatase activity
Rab5	7227.FBpp0077473	GO Function	GO:0019001	Guanyl nucleotide binding
Rab5	7227.FBpp0077473	GO Function	GO:0030234	Enzyme regulator activity
Rab5	7227.FBpp0077473	GO Function	GO:0032553	Ribonucleotide binding
Rab5	7227.FBpp0077473	GO Function	GO:0032555	Purine ribonucleotide binding
Rab5	7227.FBpp0077473	GO Function	GO:0032561	Guanyl ribonucleotide binding
Rab5	7227.FBpp0077473	GO Function	GO:0035639	Purine ribonucleoside triphosphate binding
Rab5	7227.FBpp0077473	GO Function	GO:0036094	Small molecule binding
Rab5	7227.FBpp0077473	GO Function	GO:0043167	Ion binding
Rab5	7227.FBpp0077473	GO Function	GO:0043168	Anion binding
Rab5	7227.FBpp0077473	GO Function	GO:0097367	Carbohydrate derivative binding
Rab5	7227.FBpp0077473	GO Function	GO:0098772	Molecular function regulator activity
Rab5	7227.FBpp0077473	GO Function	GO:1901265	Nucleoside phosphate binding
Rab5	7227.FBpp0077473	GO Function	GO:1901363	Heterocyclic compound binding
Rab5	7227.FBpp0077473	GO Component	GO:0005622	Intracellular anatomical structure
Rab5	7227.FBpp0077473	GO Component	GO:0005737	Cytoplasm
Rab5	7227.FBpp0077473	GO Component	GO:0005768	Endosome
Rab5	7227.FBpp0077473	GO Component	GO:0005769	Early endosome
Rab5	7227.FBpp0077473	GO Component	GO:0005770	Late endosome
Rab5	7227.FBpp0077473	GO Component	GO:0005771	Multivesicular body
Rab5	7227.FBpp0077473	GO Component	GO:0005829	Cytosol
Rab5	7227.FBpp0077473	GO Component	GO:0005886	Plasma membrane
Rab5	7227.FBpp0077473	GO Component	GO:0005938	Cell cortex
Rab5	7227.FBpp0077473	GO Component	GO:0008021	Synaptic vesicle
Rab5	7227.FBpp0077473	GO Component	GO:0010008	Endosome membrane
Rab5	7227.FBpp0077473	GO Component	GO:0012505	Endomembrane system
Rab5	7227.FBpp0077473	GO Component	GO:0012506	Vesicle membrane
Rab5	7227.FBpp0077473	GO Component	GO:0016020	Membrane
Rab5	7227.FBpp0077473	GO Component	GO:0030054	Cell junction
Rab5	7227.FBpp0077473	GO Component	GO:0030133	Transport vesicle
Rab5	7227.FBpp0077473	GO Component	GO:0030139	Endocytic vesicle
Rab5	7227.FBpp0077473	GO Component	GO:0030424	Axon
Rab5	7227.FBpp0077473	GO Component	GO:0030659	Cytoplasmic vesicle membrane
Rab5	7227.FBpp0077473	GO Component	GO:0031090	Organelle membrane
Rab5	7227.FBpp0077473	GO Component	GO:0031410	Cytoplasmic vesicle
Rab5	7227.FBpp0077473	GO Component	GO:0031902	Late endosome membrane
Rab5	7227.FBpp0077473	GO Component	GO:0031982	Vesicle
Rab5	7227.FBpp0077473	GO Component	GO:0032585	Multivesicular body membrane
Rab5	7227.FBpp0077473	GO Component	GO:0036477	Somatodendritic compartment
Rab5	7227.FBpp0077473	GO Component	GO:0042995	Cell projection
Rab5	7227.FBpp0077473	GO Component	GO:0043005	Neuron projection
Rab5	7227.FBpp0077473	GO Component	GO:0043025	Neuronal cell body
Rab5	7227.FBpp0077473	GO Component	GO:0043195	Terminal bouton
Rab5	7227.FBpp0077473	GO Component	GO:0043204	Perikaryon
Rab5	7227.FBpp0077473	GO Component	GO:0043226	Organelle
Rab5	7227.FBpp0077473	GO Component	GO:0043227	Membrane-bounded organelle
Rab5	7227.FBpp0077473	GO Component	GO:0043229	Intracellular organelle
Rab5	7227.FBpp0077473	GO Component	GO:0043231	Intracellular membrane-bounded organelle
Rab5	7227.FBpp0077473	GO Component	GO:0043679	Axon terminus
Rab5	7227.FBpp0077473	GO Component	GO:0044297	Cell body
Rab5	7227.FBpp0077473	GO Component	GO:0044306	Neuron projection terminus
Rab5	7227.FBpp0077473	GO Component	GO:0045202	Synapse
Rab5	7227.FBpp0077473	GO Component	GO:0070382	Exocytic vesicle
Rab5	7227.FBpp0077473	GO Component	GO:0071944	Cell periphery
Rab5	7227.FBpp0077473	GO Component	GO:0097708	Intracellular vesicle
Rab5	7227.FBpp0077473	GO Component	GO:0098588	Bounding membrane of organelle
Rab5	7227.FBpp0077473	GO Component	GO:0098793	Presynapse
Rab5	7227.FBpp0077473	GO Component	GO:0098830	Presynaptic endosome
Rab5	7227.FBpp0077473	GO Component	GO:0099503	Secretory vesicle
Rab5	7227.FBpp0077473	GO Component	GO:0110165	Cellular anatomical structure
Rab5	7227.FBpp0077473	GO Component	GO:0120025	Plasma membrane bounded cell projection
Rab5	7227.FBpp0077473	GO Component	GO:0150034	Distal axon
Rab5	7227.FBpp0077473	STRING clusters	CL:13140	Mixed, incl. Rab subfamily of small GTPases, and Vesicle tethering complex
Rab5	7227.FBpp0077473	STRING clusters	CL:13142	Mixed, incl. Rab subfamily of small GTPases, and Vesicle tethering complex
Rab5	7227.FBpp0077473	STRING clusters	CL:13144	Mixed, incl. RAB geranylgeranylation, and HOPS complex
Rab5	7227.FBpp0077473	STRING clusters	CL:13145	Mixed, incl. Endosomal vesicle fusion, and CORVET complex
Rab5	7227.FBpp0077473	STRING clusters	CL:13171	Mixed, incl. Plasma membrane to endosome transport, and Domain present in VPS9
Rab5	7227.FBpp0077473	STRING clusters	CL:13173	Plasma membrane to endosome transport, and Zinc finger, A20-type
Rab5	7227.FBpp0077473	KEGG	dme04137	Mitophagy - animal
Rab5	7227.FBpp0077473	KEGG	dme04144	Endocytosis
Rab5	7227.FBpp0077473	KEGG	dme04145	Phagosome
Rab5	7227.FBpp0077473	KEGG	dme04148	Efferocytosis
Rab5	7227.FBpp0077473	Reactome	DME-109582	Hemostasis
Rab5	7227.FBpp0077473	Reactome	DME-1430728	Metabolism
Rab5	7227.FBpp0077473	Reactome	DME-1483255	PI Metabolism
Rab5	7227.FBpp0077473	Reactome	DME-1483257	Phospholipid metabolism
Rab5	7227.FBpp0077473	Reactome	DME-1660499	Synthesis of PIPs at the plasma membrane
Rab5	7227.FBpp0077473	Reactome	DME-168249	Innate Immune System
Rab5	7227.FBpp0077473	Reactome	DME-168256	Immune System
Rab5	7227.FBpp0077473	Reactome	DME-199991	Membrane Trafficking
Rab5	7227.FBpp0077473	Reactome	DME-199992	trans-Golgi Network Vesicle Budding
Rab5	7227.FBpp0077473	Reactome	DME-392499	Metabolism of proteins
Rab5	7227.FBpp0077473	Reactome	DME-432722	Golgi Associated Vesicle Biogenesis
Rab5	7227.FBpp0077473	Reactome	DME-556833	Metabolism of lipids
Rab5	7227.FBpp0077473	Reactome	DME-5653656	Vesicle-mediated transport
Rab5	7227.FBpp0077473	Reactome	DME-597592	Post-translational protein modification
Rab5	7227.FBpp0077473	Reactome	DME-6798695	Neutrophil degranulation
Rab5	7227.FBpp0077473	Reactome	DME-8854214	TBC/RABGAPs
Rab5	7227.FBpp0077473	Reactome	DME-8856828	Clathrin-mediated endocytosis
Rab5	7227.FBpp0077473	Reactome	DME-8873719	RAB geranylgeranylation
Rab5	7227.FBpp0077473	Reactome	DME-8876198	RAB GEFs exchange GTP for GDP on RABs
Rab5	7227.FBpp0077473	Reactome	DME-9007101	Rab regulation of trafficking
Rab5	7227.FBpp0077473	Reactome	DME-983231	Factors involved in megakaryocyte development and platelet production
Rab5	7227.FBpp0077473	COMPARTMENTS	GOCC:0005622	Intracellular anatomical structure
Rab5	7227.FBpp0077473	COMPARTMENTS	GOCC:0005737	Cytoplasm
Rab5	7227.FBpp0077473	COMPARTMENTS	GOCC:0005768	Endosome
Rab5	7227.FBpp0077473	COMPARTMENTS	GOCC:0005769	Early endosome
Rab5	7227.FBpp0077473	COMPARTMENTS	GOCC:0005770	Late endosome
Rab5	7227.FBpp0077473	COMPARTMENTS	GOCC:0005771	Multivesicular body
Rab5	7227.FBpp0077473	COMPARTMENTS	GOCC:0005829	Cytosol
Rab5	7227.FBpp0077473	COMPARTMENTS	GOCC:0005886	Plasma membrane
Rab5	7227.FBpp0077473	COMPARTMENTS	GOCC:0005938	Cell cortex
Rab5	7227.FBpp0077473	COMPARTMENTS	GOCC:0008021	Synaptic vesicle
Rab5	7227.FBpp0077473	COMPARTMENTS	GOCC:0010008	Endosome membrane
Rab5	7227.FBpp0077473	COMPARTMENTS	GOCC:0012505	Endomembrane system
Rab5	7227.FBpp0077473	COMPARTMENTS	GOCC:0012506	Vesicle membrane
Rab5	7227.FBpp0077473	COMPARTMENTS	GOCC:0016020	Membrane
Rab5	7227.FBpp0077473	COMPARTMENTS	GOCC:0030054	Cell junction
Rab5	7227.FBpp0077473	COMPARTMENTS	GOCC:0030133	Transport vesicle
Rab5	7227.FBpp0077473	COMPARTMENTS	GOCC:0030139	Endocytic vesicle
Rab5	7227.FBpp0077473	COMPARTMENTS	GOCC:0030424	Axon
Rab5	7227.FBpp0077473	COMPARTMENTS	GOCC:0030659	Cytoplasmic vesicle membrane
Rab5	7227.FBpp0077473	COMPARTMENTS	GOCC:0031090	Organelle membrane
Rab5	7227.FBpp0077473	COMPARTMENTS	GOCC:0031410	Cytoplasmic vesicle
Rab5	7227.FBpp0077473	COMPARTMENTS	GOCC:0031902	Late endosome membrane
Rab5	7227.FBpp0077473	COMPARTMENTS	GOCC:0031982	Vesicle
Rab5	7227.FBpp0077473	COMPARTMENTS	GOCC:0036477	Somatodendritic compartment
Rab5	7227.FBpp0077473	COMPARTMENTS	GOCC:0042995	Cell projection
Rab5	7227.FBpp0077473	COMPARTMENTS	GOCC:0043005	Neuron projection
Rab5	7227.FBpp0077473	COMPARTMENTS	GOCC:0043025	Neuronal cell body
Rab5	7227.FBpp0077473	COMPARTMENTS	GOCC:0043195	Terminal bouton
Rab5	7227.FBpp0077473	COMPARTMENTS	GOCC:0043226	Organelle
Rab5	7227.FBpp0077473	COMPARTMENTS	GOCC:0043227	Membrane-bounded organelle
Rab5	7227.FBpp0077473	COMPARTMENTS	GOCC:0043229	Intracellular organelle
Rab5	7227.FBpp0077473	COMPARTMENTS	GOCC:0043231	Intracellular membrane-bounded organelle
Rab5	7227.FBpp0077473	COMPARTMENTS	GOCC:0043679	Axon terminus
Rab5	7227.FBpp0077473	COMPARTMENTS	GOCC:0044297	Cell body
Rab5	7227.FBpp0077473	COMPARTMENTS	GOCC:0044306	Neuron projection terminus
Rab5	7227.FBpp0077473	COMPARTMENTS	GOCC:0045202	Synapse
Rab5	7227.FBpp0077473	COMPARTMENTS	GOCC:0070382	Exocytic vesicle
Rab5	7227.FBpp0077473	COMPARTMENTS	GOCC:0071944	Cell periphery
Rab5	7227.FBpp0077473	COMPARTMENTS	GOCC:0097708	Intracellular vesicle
Rab5	7227.FBpp0077473	COMPARTMENTS	GOCC:0098588	Bounding membrane of organelle
Rab5	7227.FBpp0077473	COMPARTMENTS	GOCC:0098793	Presynapse
Rab5	7227.FBpp0077473	COMPARTMENTS	GOCC:0099503	Secretory vesicle
Rab5	7227.FBpp0077473	COMPARTMENTS	GOCC:0110165	Cellular anatomical structure
Rab5	7227.FBpp0077473	COMPARTMENTS	GOCC:0120025	Plasma membrane bounded cell projection
Rab5	7227.FBpp0077473	COMPARTMENTS	GOCC:0150034	Distal axon
Rab5	7227.FBpp0077473	Monarch	FBcv:0000349	Viable
Rab5	7227.FBpp0077473	Monarch	FBcv:0000351	Lethal
Rab5	7227.FBpp0077473	Monarch	FBcv:0000352	Partially lethal - majority die
Rab5	7227.FBpp0077473	Monarch	FBcv:0000354	Visible
Rab5	7227.FBpp0077473	Monarch	FBcv:0000356	Abnormal body color
Rab5	7227.FBpp0077473	Monarch	FBcv:0000357	Abnormal size
Rab5	7227.FBpp0077473	Monarch	FBcv:0000358	Decreased body size
Rab5	7227.FBpp0077473	Monarch	FBcv:0000360	Decreased cell size
Rab5	7227.FBpp0077473	Monarch	FBcv:0000361	Increased body size
Rab5	7227.FBpp0077473	Monarch	FBcv:0000362	Increased cell number
Rab5	7227.FBpp0077473	Monarch	FBcv:0000365	Semi-sterile
Rab5	7227.FBpp0077473	Monarch	FBcv:0000374	Fertile
Rab5	7227.FBpp0077473	Monarch	FBcv:0000389	Paralytic
Rab5	7227.FBpp0077473	Monarch	FBcv:0000417	Abnormal flight
Rab5	7227.FBpp0077473	Monarch	FBcv:0000418	Flightless
Rab5	7227.FBpp0077473	Monarch	FBcv:0000424	Abnormal cell death
Rab5	7227.FBpp0077473	Monarch	FBcv:0000425	Increased cell death
Rab5	7227.FBpp0077473	Monarch	FBcv:0000427	Abnormal cell growth
Rab5	7227.FBpp0077473	Monarch	FBcv:0000428	Abnormal cell size
Rab5	7227.FBpp0077473	Monarch	FBcv:0000431	Abnormal meiotic cell cycle
Rab5	7227.FBpp0077473	Monarch	FBcv:0000434	Abnormal neurophysiology
Rab5	7227.FBpp0077473	Monarch	FBcv:0000435	Abnormal neuroanatomy
Rab5	7227.FBpp0077473	Monarch	FBcv:0000444	Hyperplasia
Rab5	7227.FBpp0077473	Monarch	FBcv:0000446	Melanotic mass phenotype
Rab5	7227.FBpp0077473	Monarch	FBcv:0000450	Abnormal developmental rate
Rab5	7227.FBpp0077473	Monarch	FBcv:0000665	Abnormal body size
Rab5	7227.FBpp0077473	Monarch	FBcv:0000671	Abnormal cell cycle
Rab5	7227.FBpp0077473	Monarch	FBcv:0000709	Abnormal cell number
Rab5	7227.FBpp0077473	Monarch	FBcv:0000717	Increased cell growth rate
Rab5	7227.FBpp0077473	Monarch	FBcv:0000723	Neoplasia
Rab5	7227.FBpp0077473	Monarch	FBcv:0002000	Lethal - all die before end of P-stage
Rab5	7227.FBpp0077473	Monarch	FBcv:0002001	Lethal - all die before end of first instar larval stage
Rab5	7227.FBpp0077473	Monarch	FBcv:0002002	Lethal - all die before end of larval stage
Rab5	7227.FBpp0077473	Monarch	FBcv:0002003	Lethal - all die before end of second instar larval stage
Rab5	7227.FBpp0077473	Monarch	FBcv:0002004	Increased mortality
Rab5	7227.FBpp0077473	Monarch	FBcv:0002005	Lethal - all die during P-stage
Rab5	7227.FBpp0077473	Monarch	FBcv:0002010	Majority die during P-stage
Rab5	7227.FBpp0077473	Monarch	FBcv:0002015	Partially lethal
Rab5	7227.FBpp0077473	Monarch	FBcv:0002019	Increased mortality during development
Rab5	7227.FBpp0077473	Monarch	FBcv:0002020	Some die during P-stage
Rab5	7227.FBpp0077473	Monarch	FBcv:0002023	Some die during larval stage
Rab5	7227.FBpp0077473	Monarch	FBcv:0002026	Lethal - all die before end of prepupal stage
Rab5	7227.FBpp0077473	Monarch	FBcv:0002027	Lethal - all die before end of pupal stage
Rab5	7227.FBpp0077473	Monarch	FBcv:0002033	Lethal - all die during embryonic stage
Rab5	7227.FBpp0077473	Monarch	FBcv:0002037	Majority die during embryonic stage
Rab5	7227.FBpp0077473	Monarch	FBcv:0002039	Some die during pupal stage
Rab5	7227.FBpp0077473	Monarch	FBcv:0002041	Some die during embryonic stage
Rab5	7227.FBpp0077473	Monarch	FBcv:0007507	Increased size
Rab5	7227.FBpp0077473	Monarch	FBcv:0007508	Decreased size
Rab5	7227.FBpp0077473	UniProt Keywords	KW-0254	Endocytosis
Rab5	7227.FBpp0077473	UniProt Keywords	KW-0268	Exocytosis
Rab5	7227.FBpp0077473	UniProt Keywords	KW-0342	GTP-binding
Rab5	7227.FBpp0077473	UniProt Keywords	KW-0378	Hydrolase
Rab5	7227.FBpp0077473	UniProt Keywords	KW-0449	Lipoprotein
Rab5	7227.FBpp0077473	UniProt Keywords	KW-0532	Neurotransmitter transport
Rab5	7227.FBpp0077473	UniProt Keywords	KW-0547	Nucleotide-binding
Rab5	7227.FBpp0077473	UniProt Keywords	KW-0636	Prenylation
Rab5	7227.FBpp0077473	UniProt Keywords	KW-0653	Protein transport
Rab5	7227.FBpp0077473	UniProt Keywords	KW-0770	Synapse
Rab5	7227.FBpp0077473	UniProt Keywords	KW-0813	Transport
Rab5	7227.FBpp0077473	UniProt Keywords	KW-0963	Cytoplasm
Rab5	7227.FBpp0077473	UniProt Keywords	KW-0966	Cell projection
Rab5	7227.FBpp0077473	UniProt Keywords	KW-0967	Endosome
Rab5	7227.FBpp0077473	UniProt Keywords	KW-0968	Cytoplasmic vesicle
Rab5	7227.FBpp0077473	InterPro	IPR001806	Small GTPase
Rab5	7227.FBpp0077473	InterPro	IPR005225	Small GTP-binding domain
Rab5	7227.FBpp0077473	InterPro	IPR027417	P-loop containing nucleoside triphosphate hydrolase
Rab5	7227.FBpp0077473	SMART	SM00175	Rab subfamily of small GTPases
Rbfox1	7227.FBpp0293630	GO Process	GO:0000381	Regulation of alternative mRNA splicing, via spliceosome
Rbfox1	7227.FBpp0293630	GO Process	GO:0002165	Instar larval or pupal development
Rbfox1	7227.FBpp0293630	GO Process	GO:0003002	Regionalization
Rbfox1	7227.FBpp0293630	GO Process	GO:0003006	Developmental process involved in reproduction
Rbfox1	7227.FBpp0293630	GO Process	GO:0003008	System process
Rbfox1	7227.FBpp0293630	GO Process	GO:0006139	Nucleobase-containing compound metabolic process
Rbfox1	7227.FBpp0293630	GO Process	GO:0006355	Regulation of DNA-templated transcription
Rbfox1	7227.FBpp0293630	GO Process	GO:0006396	RNA processing
Rbfox1	7227.FBpp0293630	GO Process	GO:0006397	mRNA processing
Rbfox1	7227.FBpp0293630	GO Process	GO:0006417	Regulation of translation
Rbfox1	7227.FBpp0293630	GO Process	GO:0006950	Response to stress
Rbfox1	7227.FBpp0293630	GO Process	GO:0006996	Organelle organization
Rbfox1	7227.FBpp0293630	GO Process	GO:0006997	Nucleus organization
Rbfox1	7227.FBpp0293630	GO Process	GO:0007275	Multicellular organism development
Rbfox1	7227.FBpp0293630	GO Process	GO:0007276	Gamete generation
Rbfox1	7227.FBpp0293630	GO Process	GO:0007281	Germ cell development
Rbfox1	7227.FBpp0293630	GO Process	GO:0007292	Female gamete generation
Rbfox1	7227.FBpp0293630	GO Process	GO:0007293	Germarium-derived egg chamber formation
Rbfox1	7227.FBpp0293630	GO Process	GO:0007389	Pattern specification process
Rbfox1	7227.FBpp0293630	GO Process	GO:0007399	Nervous system development
Rbfox1	7227.FBpp0293630	GO Process	GO:0007444	Imaginal disc development
Rbfox1	7227.FBpp0293630	GO Process	GO:0007472	Wing disc morphogenesis
Rbfox1	7227.FBpp0293630	GO Process	GO:0007474	Imaginal disc-derived wing vein specification
Rbfox1	7227.FBpp0293630	GO Process	GO:0007476	Imaginal disc-derived wing morphogenesis
Rbfox1	7227.FBpp0293630	GO Process	GO:0007552	Metamorphosis
Rbfox1	7227.FBpp0293630	GO Process	GO:0007560	Imaginal disc morphogenesis
Rbfox1	7227.FBpp0293630	GO Process	GO:0007610	Behavior
Rbfox1	7227.FBpp0293630	GO Process	GO:0007611	Learning or memory
Rbfox1	7227.FBpp0293630	GO Process	GO:0007613	Memory
Rbfox1	7227.FBpp0293630	GO Process	GO:0008152	Metabolic process
Rbfox1	7227.FBpp0293630	GO Process	GO:0008380	RNA splicing
Rbfox1	7227.FBpp0293630	GO Process	GO:0009058	Biosynthetic process
Rbfox1	7227.FBpp0293630	GO Process	GO:0009059	Macromolecule biosynthetic process
Rbfox1	7227.FBpp0293630	GO Process	GO:0009653	Anatomical structure morphogenesis
Rbfox1	7227.FBpp0293630	GO Process	GO:0009791	Post-embryonic development
Rbfox1	7227.FBpp0293630	GO Process	GO:0009886	Post-embryonic animal morphogenesis
Rbfox1	7227.FBpp0293630	GO Process	GO:0009887	Animal organ morphogenesis
Rbfox1	7227.FBpp0293630	GO Process	GO:0009889	Regulation of biosynthetic process
Rbfox1	7227.FBpp0293630	GO Process	GO:0009890	Negative regulation of biosynthetic process
Rbfox1	7227.FBpp0293630	GO Process	GO:0009891	Positive regulation of biosynthetic process
Rbfox1	7227.FBpp0293630	GO Process	GO:0009892	Negative regulation of metabolic process
Rbfox1	7227.FBpp0293630	GO Process	GO:0009893	Positive regulation of metabolic process
Rbfox1	7227.FBpp0293630	GO Process	GO:0009987	Cellular process
Rbfox1	7227.FBpp0293630	GO Process	GO:0009994	Oocyte differentiation
Rbfox1	7227.FBpp0293630	GO Process	GO:0010467	Gene expression
Rbfox1	7227.FBpp0293630	GO Process	GO:0010468	Regulation of gene expression
Rbfox1	7227.FBpp0293630	GO Process	GO:0010556	Regulation of macromolecule biosynthetic process
Rbfox1	7227.FBpp0293630	GO Process	GO:0010557	Positive regulation of macromolecule biosynthetic process
Rbfox1	7227.FBpp0293630	GO Process	GO:0010558	Negative regulation of macromolecule biosynthetic process
Rbfox1	7227.FBpp0293630	GO Process	GO:0010604	Positive regulation of macromolecule metabolic process
Rbfox1	7227.FBpp0293630	GO Process	GO:0010605	Negative regulation of macromolecule metabolic process
Rbfox1	7227.FBpp0293630	GO Process	GO:0010608	Post-transcriptional regulation of gene expression
Rbfox1	7227.FBpp0293630	GO Process	GO:0010629	Negative regulation of gene expression
Rbfox1	7227.FBpp0293630	GO Process	GO:0016043	Cellular component organization
Rbfox1	7227.FBpp0293630	GO Process	GO:0016070	RNA metabolic process
Rbfox1	7227.FBpp0293630	GO Process	GO:0016071	mRNA metabolic process
Rbfox1	7227.FBpp0293630	GO Process	GO:0017148	Negative regulation of translation
Rbfox1	7227.FBpp0293630	GO Process	GO:0019219	Regulation of nucleobase-containing compound metabolic process
Rbfox1	7227.FBpp0293630	GO Process	GO:0019222	Regulation of metabolic process
Rbfox1	7227.FBpp0293630	GO Process	GO:0019953	Sexual reproduction
Rbfox1	7227.FBpp0293630	GO Process	GO:0022412	Cellular process involved in reproduction in multicellular organism
Rbfox1	7227.FBpp0293630	GO Process	GO:0022414	Reproductive process
Rbfox1	7227.FBpp0293630	GO Process	GO:0030154	Cell differentiation
Rbfox1	7227.FBpp0293630	GO Process	GO:0030575	Nuclear body organization
Rbfox1	7227.FBpp0293630	GO Process	GO:0030576	Cajal body organization
Rbfox1	7227.FBpp0293630	GO Process	GO:0030706	Germarium-derived oocyte differentiation
Rbfox1	7227.FBpp0293630	GO Process	GO:0032501	Multicellular organismal process
Rbfox1	7227.FBpp0293630	GO Process	GO:0032502	Developmental process
Rbfox1	7227.FBpp0293630	GO Process	GO:0032774	RNA biosynthetic process
Rbfox1	7227.FBpp0293630	GO Process	GO:0033554	Cellular response to stress
Rbfox1	7227.FBpp0293630	GO Process	GO:0034654	Nucleobase-containing compound biosynthetic process
Rbfox1	7227.FBpp0293630	GO Process	GO:0035107	Appendage morphogenesis
Rbfox1	7227.FBpp0293630	GO Process	GO:0035114	Imaginal disc-derived appendage morphogenesis
Rbfox1	7227.FBpp0293630	GO Process	GO:0035120	Post-embryonic appendage morphogenesis
Rbfox1	7227.FBpp0293630	GO Process	GO:0035220	Wing disc development
Rbfox1	7227.FBpp0293630	GO Process	GO:0042221	Response to chemical
Rbfox1	7227.FBpp0293630	GO Process	GO:0043170	Macromolecule metabolic process
Rbfox1	7227.FBpp0293630	GO Process	GO:0043484	Regulation of RNA splicing
Rbfox1	7227.FBpp0293630	GO Process	GO:0044238	Primary metabolic process
Rbfox1	7227.FBpp0293630	GO Process	GO:0045893	Positive regulation of DNA-templated transcription
Rbfox1	7227.FBpp0293630	GO Process	GO:0045935	Positive regulation of nucleobase-containing compound metabolic process
Rbfox1	7227.FBpp0293630	GO Process	GO:0048024	Regulation of mRNA splicing, via spliceosome
Rbfox1	7227.FBpp0293630	GO Process	GO:0048468	Cell development
Rbfox1	7227.FBpp0293630	GO Process	GO:0048477	Oogenesis
Rbfox1	7227.FBpp0293630	GO Process	GO:0048513	Animal organ development
Rbfox1	7227.FBpp0293630	GO Process	GO:0048518	Positive regulation of biological process
Rbfox1	7227.FBpp0293630	GO Process	GO:0048519	Negative regulation of biological process
Rbfox1	7227.FBpp0293630	GO Process	GO:0048522	Positive regulation of cellular process
Rbfox1	7227.FBpp0293630	GO Process	GO:0048523	Negative regulation of cellular process
Rbfox1	7227.FBpp0293630	GO Process	GO:0048609	Multicellular organismal reproductive process
Rbfox1	7227.FBpp0293630	GO Process	GO:0048646	Anatomical structure formation involved in morphogenesis
Rbfox1	7227.FBpp0293630	GO Process	GO:0048707	Instar larval or pupal morphogenesis
Rbfox1	7227.FBpp0293630	GO Process	GO:0048731	System development
Rbfox1	7227.FBpp0293630	GO Process	GO:0048736	Appendage development
Rbfox1	7227.FBpp0293630	GO Process	GO:0048737	Imaginal disc-derived appendage development
Rbfox1	7227.FBpp0293630	GO Process	GO:0048856	Anatomical structure development
Rbfox1	7227.FBpp0293630	GO Process	GO:0048869	Cellular developmental process
Rbfox1	7227.FBpp0293630	GO Process	GO:0050684	Regulation of mRNA processing
Rbfox1	7227.FBpp0293630	GO Process	GO:0050789	Regulation of biological process
Rbfox1	7227.FBpp0293630	GO Process	GO:0050794	Regulation of cellular process
Rbfox1	7227.FBpp0293630	GO Process	GO:0050877	Nervous system process
Rbfox1	7227.FBpp0293630	GO Process	GO:0050890	Cognition
Rbfox1	7227.FBpp0293630	GO Process	GO:0050896	Response to stimulus
Rbfox1	7227.FBpp0293630	GO Process	GO:0051246	Regulation of protein metabolic process
Rbfox1	7227.FBpp0293630	GO Process	GO:0051248	Negative regulation of protein metabolic process
Rbfox1	7227.FBpp0293630	GO Process	GO:0051252	Regulation of RNA metabolic process
Rbfox1	7227.FBpp0293630	GO Process	GO:0051254	Positive regulation of RNA metabolic process
Rbfox1	7227.FBpp0293630	GO Process	GO:0051716	Cellular response to stimulus
Rbfox1	7227.FBpp0293630	GO Process	GO:0060255	Regulation of macromolecule metabolic process
Rbfox1	7227.FBpp0293630	GO Process	GO:0062197	Cellular response to chemical stress
Rbfox1	7227.FBpp0293630	GO Process	GO:0065007	Biological regulation
Rbfox1	7227.FBpp0293630	GO Process	GO:0070887	Cellular response to chemical stimulus
Rbfox1	7227.FBpp0293630	GO Process	GO:0071840	Cellular component organization or biogenesis
Rbfox1	7227.FBpp0293630	GO Process	GO:0080090	Regulation of primary metabolic process
Rbfox1	7227.FBpp0293630	GO Process	GO:0090304	Nucleic acid metabolic process
Rbfox1	7227.FBpp0293630	GO Process	GO:0141187	Nucleic acid biosynthetic process
Rbfox1	7227.FBpp0293630	GO Process	GO:1902680	Positive regulation of RNA biosynthetic process
Rbfox1	7227.FBpp0293630	GO Process	GO:1903311	Regulation of mRNA metabolic process
Rbfox1	7227.FBpp0293630	GO Process	GO:2001141	Regulation of RNA biosynthetic process
Rbfox1	7227.FBpp0293630	GO Function	GO:0000976	Transcription cis-regulatory region binding
Rbfox1	7227.FBpp0293630	GO Function	GO:0001067	Transcription regulatory region nucleic acid binding
Rbfox1	7227.FBpp0293630	GO Function	GO:0003676	Nucleic acid binding
Rbfox1	7227.FBpp0293630	GO Function	GO:0003677	DNA binding
Rbfox1	7227.FBpp0293630	GO Function	GO:0003690	Double-stranded DNA binding
Rbfox1	7227.FBpp0293630	GO Function	GO:0003723	RNA binding
Rbfox1	7227.FBpp0293630	GO Function	GO:0003729	mRNA binding
Rbfox1	7227.FBpp0293630	GO Function	GO:0003730	mRNA 3-UTR binding
Rbfox1	7227.FBpp0293630	GO Function	GO:0005488	Binding
Rbfox1	7227.FBpp0293630	GO Function	GO:0005515	Protein binding
Rbfox1	7227.FBpp0293630	GO Function	GO:0008134	Transcription factor binding
Rbfox1	7227.FBpp0293630	GO Function	GO:0030674	Protein-macromolecule adaptor activity
Rbfox1	7227.FBpp0293630	GO Function	GO:0043565	Sequence-specific DNA binding
Rbfox1	7227.FBpp0293630	GO Function	GO:0060090	Molecular adaptor activity
Rbfox1	7227.FBpp0293630	GO Function	GO:0140297	DNA-binding transcription factor binding
Rbfox1	7227.FBpp0293630	GO Function	GO:0140693	Molecular condensate scaffold activity
Rbfox1	7227.FBpp0293630	GO Function	GO:1990837	Sequence-specific double-stranded DNA binding
Rbfox1	7227.FBpp0293630	GO Component	GO:0000932	P-body
Rbfox1	7227.FBpp0293630	GO Component	GO:0005622	Intracellular anatomical structure
Rbfox1	7227.FBpp0293630	GO Component	GO:0005634	Nucleus
Rbfox1	7227.FBpp0293630	GO Component	GO:0005654	Nucleoplasm
Rbfox1	7227.FBpp0293630	GO Component	GO:0005730	Nucleolus
Rbfox1	7227.FBpp0293630	GO Component	GO:0005737	Cytoplasm
Rbfox1	7227.FBpp0293630	GO Component	GO:0010494	Cytoplasmic stress granule
Rbfox1	7227.FBpp0293630	GO Component	GO:0015030	Cajal body
Rbfox1	7227.FBpp0293630	GO Component	GO:0016604	Nuclear body
Rbfox1	7227.FBpp0293630	GO Component	GO:0031974	Membrane-enclosed lumen
Rbfox1	7227.FBpp0293630	GO Component	GO:0031981	Nuclear lumen
Rbfox1	7227.FBpp0293630	GO Component	GO:0035770	Ribonucleoprotein granule
Rbfox1	7227.FBpp0293630	GO Component	GO:0036464	Cytoplasmic ribonucleoprotein granule
Rbfox1	7227.FBpp0293630	GO Component	GO:0043226	Organelle
Rbfox1	7227.FBpp0293630	GO Component	GO:0043227	Membrane-bounded organelle
Rbfox1	7227.FBpp0293630	GO Component	GO:0043228	Membraneless organelle
Rbfox1	7227.FBpp0293630	GO Component	GO:0043229	Intracellular organelle
Rbfox1	7227.FBpp0293630	GO Component	GO:0043231	Intracellular membrane-bounded organelle
Rbfox1	7227.FBpp0293630	GO Component	GO:0043232	Intracellular membraneless organelle
Rbfox1	7227.FBpp0293630	GO Component	GO:0043233	Organelle lumen
Rbfox1	7227.FBpp0293630	GO Component	GO:0070013	Intracellular organelle lumen
Rbfox1	7227.FBpp0293630	GO Component	GO:0097165	Nuclear stress granule
Rbfox1	7227.FBpp0293630	GO Component	GO:0099080	Supramolecular complex
Rbfox1	7227.FBpp0293630	GO Component	GO:0110165	Cellular anatomical structure
Rbfox1	7227.FBpp0293630	GO Component	GO:0140168	Nuclear ribonucleoprotein granule
Rbfox1	7227.FBpp0293630	STRING clusters	CL:3211	Mixed, incl. Paraneoplastic encephalomyelitis antigen, and mRNA regulatory element binding translation repressor activity
Rbfox1	7227.FBpp0293630	STRING clusters	CL:3213	Mixed, incl. Splicing factor ELAV/Hu, and LETM1/MDM38-like
Rbfox1	7227.FBpp0293630	COMPARTMENTS	GOCC:0000932	P-body
Rbfox1	7227.FBpp0293630	COMPARTMENTS	GOCC:0005622	Intracellular anatomical structure
Rbfox1	7227.FBpp0293630	COMPARTMENTS	GOCC:0005634	Nucleus
Rbfox1	7227.FBpp0293630	COMPARTMENTS	GOCC:0005654	Nucleoplasm
Rbfox1	7227.FBpp0293630	COMPARTMENTS	GOCC:0005730	Nucleolus
Rbfox1	7227.FBpp0293630	COMPARTMENTS	GOCC:0005737	Cytoplasm
Rbfox1	7227.FBpp0293630	COMPARTMENTS	GOCC:0010494	Cytoplasmic stress granule
Rbfox1	7227.FBpp0293630	COMPARTMENTS	GOCC:0015030	Cajal body
Rbfox1	7227.FBpp0293630	COMPARTMENTS	GOCC:0016604	Nuclear body
Rbfox1	7227.FBpp0293630	COMPARTMENTS	GOCC:0031974	Membrane-enclosed lumen
Rbfox1	7227.FBpp0293630	COMPARTMENTS	GOCC:0031981	Nuclear lumen
Rbfox1	7227.FBpp0293630	COMPARTMENTS	GOCC:0035770	Ribonucleoprotein granule
Rbfox1	7227.FBpp0293630	COMPARTMENTS	GOCC:0036464	Cytoplasmic ribonucleoprotein granule
Rbfox1	7227.FBpp0293630	COMPARTMENTS	GOCC:0043226	Organelle
Rbfox1	7227.FBpp0293630	COMPARTMENTS	GOCC:0043227	Membrane-bounded organelle
Rbfox1	7227.FBpp0293630	COMPARTMENTS	GOCC:0043228	Membraneless organelle
Rbfox1	7227.FBpp0293630	COMPARTMENTS	GOCC:0043229	Intracellular organelle
Rbfox1	7227.FBpp0293630	COMPARTMENTS	GOCC:0043231	Intracellular membrane-bounded organelle
Rbfox1	7227.FBpp0293630	COMPARTMENTS	GOCC:0043232	Intracellular membraneless organelle
Rbfox1	7227.FBpp0293630	COMPARTMENTS	GOCC:0043233	Organelle lumen
Rbfox1	7227.FBpp0293630	COMPARTMENTS	GOCC:0070013	Intracellular organelle lumen
Rbfox1	7227.FBpp0293630	COMPARTMENTS	GOCC:0099080	Supramolecular complex
Rbfox1	7227.FBpp0293630	COMPARTMENTS	GOCC:0110165	Cellular anatomical structure
Rbfox1	7227.FBpp0293630	Monarch	FBcv:0000349	Viable
Rbfox1	7227.FBpp0293630	Monarch	FBcv:0000351	Lethal
Rbfox1	7227.FBpp0293630	Monarch	FBcv:0000352	Partially lethal - majority die
Rbfox1	7227.FBpp0293630	Monarch	FBcv:0000359	Decreased cell number
Rbfox1	7227.FBpp0293630	Monarch	FBcv:0000362	Increased cell number
Rbfox1	7227.FBpp0293630	Monarch	FBcv:0000364	Sterile
Rbfox1	7227.FBpp0293630	Monarch	FBcv:0000365	Semi-sterile
Rbfox1	7227.FBpp0293630	Monarch	FBcv:0000366	Female sterile
Rbfox1	7227.FBpp0293630	Monarch	FBcv:0000367	Female semi-sterile
Rbfox1	7227.FBpp0293630	Monarch	FBcv:0000374	Fertile
Rbfox1	7227.FBpp0293630	Monarch	FBcv:0000377	Female fertile
Rbfox1	7227.FBpp0293630	Monarch	FBcv:0000417	Abnormal flight
Rbfox1	7227.FBpp0293630	Monarch	FBcv:0000418	Flightless
Rbfox1	7227.FBpp0293630	Monarch	FBcv:0000709	Abnormal cell number
Rbfox1	7227.FBpp0293630	Monarch	FBcv:0002000	Lethal - all die before end of P-stage
Rbfox1	7227.FBpp0293630	Monarch	FBcv:0002001	Lethal - all die before end of first instar larval stage
Rbfox1	7227.FBpp0293630	Monarch	FBcv:0002002	Lethal - all die before end of larval stage
Rbfox1	7227.FBpp0293630	Monarch	FBcv:0002003	Lethal - all die before end of second instar larval stage
Rbfox1	7227.FBpp0293630	Monarch	FBcv:0002004	Increased mortality
Rbfox1	7227.FBpp0293630	Monarch	FBcv:0002015	Partially lethal
Rbfox1	7227.FBpp0293630	Monarch	FBcv:0002019	Increased mortality during development
Rbfox1	7227.FBpp0293630	Monarch	FBcv:0002020	Some die during P-stage
Rbfox1	7227.FBpp0293630	Monarch	FBcv:0002023	Some die during larval stage
Rbfox1	7227.FBpp0293630	Monarch	FBcv:0002026	Lethal - all die before end of prepupal stage
Rbfox1	7227.FBpp0293630	Monarch	FBcv:0002027	Lethal - all die before end of pupal stage
Rbfox1	7227.FBpp0293630	Monarch	FBcv:0002033	Lethal - all die during embryonic stage
Rbfox1	7227.FBpp0293630	Monarch	FBcv:0002037	Majority die during embryonic stage
Rbfox1	7227.FBpp0293630	Monarch	FBcv:0002039	Some die during pupal stage
Rbfox1	7227.FBpp0293630	Monarch	FBcv:0002041	Some die during embryonic stage
Rbfox1	7227.FBpp0293630	UniProt Keywords	KW-0175	Coiled coil
Rbfox1	7227.FBpp0293630	UniProt Keywords	KW-0507	mRNA processing
Rbfox1	7227.FBpp0293630	UniProt Keywords	KW-0508	mRNA splicing
Rbfox1	7227.FBpp0293630	UniProt Keywords	KW-0539	Nucleus
Rbfox1	7227.FBpp0293630	UniProt Keywords	KW-0694	RNA-binding
Rbfox1	7227.FBpp0293630	InterPro	IPR000504	RNA recognition motif domain
Rbfox1	7227.FBpp0293630	InterPro	IPR012677	Nucleotide-binding alpha-beta plait domain superfamily
Rbfox1	7227.FBpp0293630	InterPro	IPR035979	RNA-binding domain superfamily
Rbfox1	7227.FBpp0293630	SMART	SM00360	RNA recognition motif
Sod1	7227.FBpp0075958	GO Process	GO:0000302	Response to reactive oxygen species
Sod1	7227.FBpp0075958	GO Process	GO:0000303	Response to superoxide
Sod1	7227.FBpp0075958	GO Process	GO:0000305	Response to oxygen radical
Sod1	7227.FBpp0075958	GO Process	GO:0006801	Superoxide metabolic process
Sod1	7227.FBpp0075958	GO Process	GO:0006950	Response to stress
Sod1	7227.FBpp0075958	GO Process	GO:0006979	Response to oxidative stress
Sod1	7227.FBpp0075958	GO Process	GO:0008152	Metabolic process
Sod1	7227.FBpp0075958	GO Process	GO:0008340	Determination of adult lifespan
Sod1	7227.FBpp0075958	GO Process	GO:0009636	Response to toxic substance
Sod1	7227.FBpp0075958	GO Process	GO:0009893	Positive regulation of metabolic process
Sod1	7227.FBpp0075958	GO Process	GO:0009894	Regulation of catabolic process
Sod1	7227.FBpp0075958	GO Process	GO:0009896	Positive regulation of catabolic process
Sod1	7227.FBpp0075958	GO Process	GO:0009987	Cellular process
Sod1	7227.FBpp0075958	GO Process	GO:0010506	Regulation of autophagy
Sod1	7227.FBpp0075958	GO Process	GO:0010508	Positive regulation of autophagy
Sod1	7227.FBpp0075958	GO Process	GO:0010646	Regulation of cell communication
Sod1	7227.FBpp0075958	GO Process	GO:0016239	Positive regulation of macroautophagy
Sod1	7227.FBpp0075958	GO Process	GO:0016241	Regulation of macroautophagy
Sod1	7227.FBpp0075958	GO Process	GO:0019222	Regulation of metabolic process
Sod1	7227.FBpp0075958	GO Process	GO:0019430	Removal of superoxide radicals
Sod1	7227.FBpp0075958	GO Process	GO:0023051	Regulation of signaling
Sod1	7227.FBpp0075958	GO Process	GO:0032501	Multicellular organismal process
Sod1	7227.FBpp0075958	GO Process	GO:0033554	Cellular response to stress
Sod1	7227.FBpp0075958	GO Process	GO:0034599	Cellular response to oxidative stress
Sod1	7227.FBpp0075958	GO Process	GO:0034614	Cellular response to reactive oxygen species
Sod1	7227.FBpp0075958	GO Process	GO:0042221	Response to chemical
Sod1	7227.FBpp0075958	GO Process	GO:0048167	Regulation of synaptic plasticity
Sod1	7227.FBpp0075958	GO Process	GO:0048518	Positive regulation of biological process
Sod1	7227.FBpp0075958	GO Process	GO:0048522	Positive regulation of cellular process
Sod1	7227.FBpp0075958	GO Process	GO:0050789	Regulation of biological process
Sod1	7227.FBpp0075958	GO Process	GO:0050794	Regulation of cellular process
Sod1	7227.FBpp0075958	GO Process	GO:0050804	Modulation of chemical synaptic transmission
Sod1	7227.FBpp0075958	GO Process	GO:0050896	Response to stimulus
Sod1	7227.FBpp0075958	GO Process	GO:0051716	Cellular response to stimulus
Sod1	7227.FBpp0075958	GO Process	GO:0062197	Cellular response to chemical stress
Sod1	7227.FBpp0075958	GO Process	GO:0065007	Biological regulation
Sod1	7227.FBpp0075958	GO Process	GO:0065008	Regulation of biological quality
Sod1	7227.FBpp0075958	GO Process	GO:0070887	Cellular response to chemical stimulus
Sod1	7227.FBpp0075958	GO Process	GO:0071450	Cellular response to oxygen radical
Sod1	7227.FBpp0075958	GO Process	GO:0071451	Cellular response to superoxide
Sod1	7227.FBpp0075958	GO Process	GO:0072593	Reactive oxygen species metabolic process
Sod1	7227.FBpp0075958	GO Process	GO:0097237	Cellular response to toxic substance
Sod1	7227.FBpp0075958	GO Process	GO:0098754	Detoxification
Sod1	7227.FBpp0075958	GO Process	GO:0098869	Cellular oxidant detoxification
Sod1	7227.FBpp0075958	GO Process	GO:0099177	Regulation of trans-synaptic signaling
Sod1	7227.FBpp0075958	GO Process	GO:1901524	Regulation of mitophagy
Sod1	7227.FBpp0075958	GO Process	GO:1901526	Positive regulation of mitophagy
Sod1	7227.FBpp0075958	GO Process	GO:1901700	Response to oxygen-containing compound
Sod1	7227.FBpp0075958	GO Process	GO:1901701	Cellular response to oxygen-containing compound
Sod1	7227.FBpp0075958	GO Process	GO:1903146	Regulation of autophagy of mitochondrion
Sod1	7227.FBpp0075958	GO Process	GO:1903599	Positive regulation of autophagy of mitochondrion
Sod1	7227.FBpp0075958	GO Process	GO:1990748	Cellular detoxification
Sod1	7227.FBpp0075958	GO Function	GO:0003824	Catalytic activity
Sod1	7227.FBpp0075958	GO Function	GO:0004784	Superoxide dismutase activity
Sod1	7227.FBpp0075958	GO Function	GO:0005488	Binding
Sod1	7227.FBpp0075958	GO Function	GO:0005507	Copper ion binding
Sod1	7227.FBpp0075958	GO Function	GO:0005515	Protein binding
Sod1	7227.FBpp0075958	GO Function	GO:0016209	Antioxidant activity
Sod1	7227.FBpp0075958	GO Function	GO:0016491	Oxidoreductase activity
Sod1	7227.FBpp0075958	GO Function	GO:0016721	Oxidoreductase activity, acting on superoxide radicals as acceptor
Sod1	7227.FBpp0075958	GO Function	GO:0036094	Small molecule binding
Sod1	7227.FBpp0075958	GO Function	GO:0042802	Identical protein binding
Sod1	7227.FBpp0075958	GO Function	GO:0042803	Protein homodimerization activity
Sod1	7227.FBpp0075958	GO Function	GO:0043167	Ion binding
Sod1	7227.FBpp0075958	GO Function	GO:0043169	Cation binding
Sod1	7227.FBpp0075958	GO Function	GO:0046872	Metal ion binding
Sod1	7227.FBpp0075958	GO Function	GO:0046914	Transition metal ion binding
Sod1	7227.FBpp0075958	GO Function	GO:0046983	Protein dimerization activity
Sod1	7227.FBpp0075958	GO Component	GO:0005622	Intracellular anatomical structure
Sod1	7227.FBpp0075958	GO Component	GO:0005737	Cytoplasm
Sod1	7227.FBpp0075958	GO Component	GO:0005739	Mitochondrion
Sod1	7227.FBpp0075958	GO Component	GO:0005740	Mitochondrial envelope
Sod1	7227.FBpp0075958	GO Component	GO:0005758	Mitochondrial intermembrane space
Sod1	7227.FBpp0075958	GO Component	GO:0005777	Peroxisome
Sod1	7227.FBpp0075958	GO Component	GO:0031967	Organelle envelope
Sod1	7227.FBpp0075958	GO Component	GO:0031970	Organelle envelope lumen
Sod1	7227.FBpp0075958	GO Component	GO:0031974	Membrane-enclosed lumen
Sod1	7227.FBpp0075958	GO Component	GO:0042579	Microbody
Sod1	7227.FBpp0075958	GO Component	GO:0043226	Organelle
Sod1	7227.FBpp0075958	GO Component	GO:0043227	Membrane-bounded organelle
Sod1	7227.FBpp0075958	GO Component	GO:0043229	Intracellular organelle
Sod1	7227.FBpp0075958	GO Component	GO:0043231	Intracellular membrane-bounded organelle
Sod1	7227.FBpp0075958	GO Component	GO:0043233	Organelle lumen
Sod1	7227.FBpp0075958	GO Component	GO:0070013	Intracellular organelle lumen
Sod1	7227.FBpp0075958	GO Component	GO:0110165	Cellular anatomical structure
Sod1	7227.FBpp0075958	STRING clusters	CL:7087	Glutathione metabolism, and Cellular detoxification
Sod1	7227.FBpp0075958	STRING clusters	CL:7224	Mixed, incl. Detoxification of Reactive Oxygen Species, and Cellular detoxification
Sod1	7227.FBpp0075958	STRING clusters	CL:7226	Mixed, incl. Detoxification of Reactive Oxygen Species, and Antioxidant
Sod1	7227.FBpp0075958	STRING clusters	CL:7227	Mixed, incl. Detoxification of Reactive Oxygen Species, and Protein repair
Sod1	7227.FBpp0075958	STRING clusters	CL:7229	Detoxification of Reactive Oxygen Species, and Superoxide dismutase (Cu/Zn) / superoxide dismutase copper chaperone
Sod1	7227.FBpp0075958	STRING clusters	CL:7251	Superoxide dismutase activity
Sod1	7227.FBpp0075958	KEGG	dme04146	Peroxisome
Sod1	7227.FBpp0075958	KEGG	dme04213	Longevity regulating pathway - multiple species
Sod1	7227.FBpp0075958	COMPARTMENTS	GOCC:0005622	Intracellular anatomical structure
Sod1	7227.FBpp0075958	COMPARTMENTS	GOCC:0005737	Cytoplasm
Sod1	7227.FBpp0075958	COMPARTMENTS	GOCC:0005739	Mitochondrion
Sod1	7227.FBpp0075958	COMPARTMENTS	GOCC:0005740	Mitochondrial envelope
Sod1	7227.FBpp0075958	COMPARTMENTS	GOCC:0005758	Mitochondrial intermembrane space
Sod1	7227.FBpp0075958	COMPARTMENTS	GOCC:0005777	Peroxisome
Sod1	7227.FBpp0075958	COMPARTMENTS	GOCC:0031967	Organelle envelope
Sod1	7227.FBpp0075958	COMPARTMENTS	GOCC:0031970	Organelle envelope lumen
Sod1	7227.FBpp0075958	COMPARTMENTS	GOCC:0031974	Membrane-enclosed lumen
Sod1	7227.FBpp0075958	COMPARTMENTS	GOCC:0031975	Obsolete envelope
Sod1	7227.FBpp0075958	COMPARTMENTS	GOCC:0042579	Microbody
Sod1	7227.FBpp0075958	COMPARTMENTS	GOCC:0043226	Organelle
Sod1	7227.FBpp0075958	COMPARTMENTS	GOCC:0043227	Membrane-bounded organelle
Sod1	7227.FBpp0075958	COMPARTMENTS	GOCC:0043229	Intracellular organelle
Sod1	7227.FBpp0075958	COMPARTMENTS	GOCC:0043231	Intracellular membrane-bounded organelle
Sod1	7227.FBpp0075958	COMPARTMENTS	GOCC:0043233	Organelle lumen
Sod1	7227.FBpp0075958	COMPARTMENTS	GOCC:0070013	Intracellular organelle lumen
Sod1	7227.FBpp0075958	COMPARTMENTS	GOCC:0110165	Cellular anatomical structure
Sod1	7227.FBpp0075958	Monarch	FBcv:0000007	Female semi-fertile
Sod1	7227.FBpp0075958	Monarch	FBcv:0000349	Viable
Sod1	7227.FBpp0075958	Monarch	FBcv:0000351	Lethal
Sod1	7227.FBpp0075958	Monarch	FBcv:0000352	Partially lethal - majority die
Sod1	7227.FBpp0075958	Monarch	FBcv:0000354	Visible
Sod1	7227.FBpp0075958	Monarch	FBcv:0000362	Increased cell number
Sod1	7227.FBpp0075958	Monarch	FBcv:0000364	Sterile
Sod1	7227.FBpp0075958	Monarch	FBcv:0000370	Male sterile
Sod1	7227.FBpp0075958	Monarch	FBcv:0000374	Fertile
Sod1	7227.FBpp0075958	Monarch	FBcv:0000375	Semi-fertile
Sod1	7227.FBpp0075958	Monarch	FBcv:0000377	Female fertile
Sod1	7227.FBpp0075958	Monarch	FBcv:0000385	Short lived
Sod1	7227.FBpp0075958	Monarch	FBcv:0000386	Long lived
Sod1	7227.FBpp0075958	Monarch	FBcv:0000438	Electrophoretic variant
Sod1	7227.FBpp0075958	Monarch	FBcv:0000440	Chemical sensitive
Sod1	7227.FBpp0075958	Monarch	FBcv:0000442	Radiation sensitive
Sod1	7227.FBpp0075958	Monarch	FBcv:0000450	Abnormal developmental rate
Sod1	7227.FBpp0075958	Monarch	FBcv:0000709	Abnormal cell number
Sod1	7227.FBpp0075958	Monarch	FBcv:0002004	Increased mortality
Sod1	7227.FBpp0075958	Monarch	FBcv:0002015	Partially lethal
Sod1	7227.FBpp0075958	Monarch	FBcv:0002019	Increased mortality during development
Sod1	7227.FBpp0075958	Monarch	FBcv:0002020	Some die during P-stage
Sod1	7227.FBpp0075958	UniProt Keywords	KW-0049	Antioxidant
Sod1	7227.FBpp0075958	UniProt Keywords	KW-0186	Copper
Sod1	7227.FBpp0075958	UniProt Keywords	KW-0479	Metal-binding
Sod1	7227.FBpp0075958	UniProt Keywords	KW-0560	Oxidoreductase
Sod1	7227.FBpp0075958	UniProt Keywords	KW-0597	Phosphoprotein
Sod1	7227.FBpp0075958	UniProt Keywords	KW-0862	Zinc
Sod1	7227.FBpp0075958	UniProt Keywords	KW-0963	Cytoplasm
Sod1	7227.FBpp0075958	UniProt Keywords	KW-1015	Disulfide bond
Sod1	7227.FBpp0075958	Pfam	PF00080	Copper/zinc superoxide dismutase (SODC)
Sod1	7227.FBpp0075958	InterPro	IPR001424	Superoxide dismutase, copper/zinc binding domain
Sod1	7227.FBpp0075958	InterPro	IPR018152	Superoxide dismutase, copper/zinc, binding site
Sod1	7227.FBpp0075958	InterPro	IPR024134	Superoxide dismutase (Cu/Zn) / superoxide dismutase copper chaperone
Sod1	7227.FBpp0075958	InterPro	IPR036423	Superoxide dismutase-like, copper/zinc binding domain superfamily
Sod2	7227.FBpp0311603	GO Process	GO:0000302	Response to reactive oxygen species
Sod2	7227.FBpp0311603	GO Process	GO:0000303	Response to superoxide
Sod2	7227.FBpp0311603	GO Process	GO:0000305	Response to oxygen radical
Sod2	7227.FBpp0311603	GO Process	GO:0002682	Regulation of immune system process
Sod2	7227.FBpp0311603	GO Process	GO:0003007	Heart morphogenesis
Sod2	7227.FBpp0311603	GO Process	GO:0006801	Superoxide metabolic process
Sod2	7227.FBpp0311603	GO Process	GO:0006950	Response to stress
Sod2	7227.FBpp0311603	GO Process	GO:0006979	Response to oxidative stress
Sod2	7227.FBpp0311603	GO Process	GO:0007154	Cell communication
Sod2	7227.FBpp0311603	GO Process	GO:0007267	Cell-cell signaling
Sod2	7227.FBpp0311603	GO Process	GO:0007275	Multicellular organism development
Sod2	7227.FBpp0311603	GO Process	GO:0007507	Heart development
Sod2	7227.FBpp0311603	GO Process	GO:0008152	Metabolic process
Sod2	7227.FBpp0311603	GO Process	GO:0008340	Determination of adult lifespan
Sod2	7227.FBpp0311603	GO Process	GO:0009636	Response to toxic substance
Sod2	7227.FBpp0311603	GO Process	GO:0009653	Anatomical structure morphogenesis
Sod2	7227.FBpp0311603	GO Process	GO:0009887	Animal organ morphogenesis
Sod2	7227.FBpp0311603	GO Process	GO:0009893	Positive regulation of metabolic process
Sod2	7227.FBpp0311603	GO Process	GO:0009894	Regulation of catabolic process
Sod2	7227.FBpp0311603	GO Process	GO:0009896	Positive regulation of catabolic process
Sod2	7227.FBpp0311603	GO Process	GO:0009987	Cellular process
Sod2	7227.FBpp0311603	GO Process	GO:0010506	Regulation of autophagy
Sod2	7227.FBpp0311603	GO Process	GO:0010508	Positive regulation of autophagy
Sod2	7227.FBpp0311603	GO Process	GO:0010646	Regulation of cell communication
Sod2	7227.FBpp0311603	GO Process	GO:0016239	Positive regulation of macroautophagy
Sod2	7227.FBpp0311603	GO Process	GO:0016241	Regulation of macroautophagy
Sod2	7227.FBpp0311603	GO Process	GO:0019222	Regulation of metabolic process
Sod2	7227.FBpp0311603	GO Process	GO:0019430	Removal of superoxide radicals
Sod2	7227.FBpp0311603	GO Process	GO:0023051	Regulation of signaling
Sod2	7227.FBpp0311603	GO Process	GO:0023052	Signaling
Sod2	7227.FBpp0311603	GO Process	GO:0032501	Multicellular organismal process
Sod2	7227.FBpp0311603	GO Process	GO:0032502	Developmental process
Sod2	7227.FBpp0311603	GO Process	GO:0033554	Cellular response to stress
Sod2	7227.FBpp0311603	GO Process	GO:0034599	Cellular response to oxidative stress
Sod2	7227.FBpp0311603	GO Process	GO:0034614	Cellular response to reactive oxygen species
Sod2	7227.FBpp0311603	GO Process	GO:0035206	Regulation of hemocyte proliferation
Sod2	7227.FBpp0311603	GO Process	GO:0038001	Paracrine signaling
Sod2	7227.FBpp0311603	GO Process	GO:0042127	Regulation of cell population proliferation
Sod2	7227.FBpp0311603	GO Process	GO:0042221	Response to chemical
Sod2	7227.FBpp0311603	GO Process	GO:0048167	Regulation of synaptic plasticity
Sod2	7227.FBpp0311603	GO Process	GO:0048513	Animal organ development
Sod2	7227.FBpp0311603	GO Process	GO:0048518	Positive regulation of biological process
Sod2	7227.FBpp0311603	GO Process	GO:0048522	Positive regulation of cellular process
Sod2	7227.FBpp0311603	GO Process	GO:0048731	System development
Sod2	7227.FBpp0311603	GO Process	GO:0048856	Anatomical structure development
Sod2	7227.FBpp0311603	GO Process	GO:0050789	Regulation of biological process
Sod2	7227.FBpp0311603	GO Process	GO:0050793	Regulation of developmental process
Sod2	7227.FBpp0311603	GO Process	GO:0050794	Regulation of cellular process
Sod2	7227.FBpp0311603	GO Process	GO:0050804	Modulation of chemical synaptic transmission
Sod2	7227.FBpp0311603	GO Process	GO:0050896	Response to stimulus
Sod2	7227.FBpp0311603	GO Process	GO:0051239	Regulation of multicellular organismal process
Sod2	7227.FBpp0311603	GO Process	GO:0051716	Cellular response to stimulus
Sod2	7227.FBpp0311603	GO Process	GO:0062197	Cellular response to chemical stress
Sod2	7227.FBpp0311603	GO Process	GO:0065007	Biological regulation
Sod2	7227.FBpp0311603	GO Process	GO:0065008	Regulation of biological quality
Sod2	7227.FBpp0311603	GO Process	GO:0070887	Cellular response to chemical stimulus
Sod2	7227.FBpp0311603	GO Process	GO:0071450	Cellular response to oxygen radical
Sod2	7227.FBpp0311603	GO Process	GO:0071451	Cellular response to superoxide
Sod2	7227.FBpp0311603	GO Process	GO:0072359	Circulatory system development
Sod2	7227.FBpp0311603	GO Process	GO:0072593	Reactive oxygen species metabolic process
Sod2	7227.FBpp0311603	GO Process	GO:0097237	Cellular response to toxic substance
Sod2	7227.FBpp0311603	GO Process	GO:0098754	Detoxification
Sod2	7227.FBpp0311603	GO Process	GO:0098869	Cellular oxidant detoxification
Sod2	7227.FBpp0311603	GO Process	GO:0099177	Regulation of trans-synaptic signaling
Sod2	7227.FBpp0311603	GO Process	GO:1901524	Regulation of mitophagy
Sod2	7227.FBpp0311603	GO Process	GO:1901526	Positive regulation of mitophagy
Sod2	7227.FBpp0311603	GO Process	GO:1901700	Response to oxygen-containing compound
Sod2	7227.FBpp0311603	GO Process	GO:1901701	Cellular response to oxygen-containing compound
Sod2	7227.FBpp0311603	GO Process	GO:1903146	Regulation of autophagy of mitochondrion
Sod2	7227.FBpp0311603	GO Process	GO:1903599	Positive regulation of autophagy of mitochondrion
Sod2	7227.FBpp0311603	GO Process	GO:1990748	Cellular detoxification
Sod2	7227.FBpp0311603	GO Function	GO:0003824	Catalytic activity
Sod2	7227.FBpp0311603	GO Function	GO:0004784	Superoxide dismutase activity
Sod2	7227.FBpp0311603	GO Function	GO:0005488	Binding
Sod2	7227.FBpp0311603	GO Function	GO:0016209	Antioxidant activity
Sod2	7227.FBpp0311603	GO Function	GO:0016491	Oxidoreductase activity
Sod2	7227.FBpp0311603	GO Function	GO:0016721	Oxidoreductase activity, acting on superoxide radicals as acceptor
Sod2	7227.FBpp0311603	GO Function	GO:0030145	Manganese ion binding
Sod2	7227.FBpp0311603	GO Function	GO:0036094	Small molecule binding
Sod2	7227.FBpp0311603	GO Function	GO:0043167	Ion binding
Sod2	7227.FBpp0311603	GO Function	GO:0043169	Cation binding
Sod2	7227.FBpp0311603	GO Function	GO:0046872	Metal ion binding
Sod2	7227.FBpp0311603	GO Function	GO:0046914	Transition metal ion binding
Sod2	7227.FBpp0311603	GO Component	GO:0005622	Intracellular anatomical structure
Sod2	7227.FBpp0311603	GO Component	GO:0005737	Cytoplasm
Sod2	7227.FBpp0311603	GO Component	GO:0005739	Mitochondrion
Sod2	7227.FBpp0311603	GO Component	GO:0005759	Mitochondrial matrix
Sod2	7227.FBpp0311603	GO Component	GO:0031974	Membrane-enclosed lumen
Sod2	7227.FBpp0311603	GO Component	GO:0043226	Organelle
Sod2	7227.FBpp0311603	GO Component	GO:0043227	Membrane-bounded organelle
Sod2	7227.FBpp0311603	GO Component	GO:0043229	Intracellular organelle
Sod2	7227.FBpp0311603	GO Component	GO:0043231	Intracellular membrane-bounded organelle
Sod2	7227.FBpp0311603	GO Component	GO:0043233	Organelle lumen
Sod2	7227.FBpp0311603	GO Component	GO:0070013	Intracellular organelle lumen
Sod2	7227.FBpp0311603	GO Component	GO:0110165	Cellular anatomical structure
Sod2	7227.FBpp0311603	STRING clusters	CL:7087	Glutathione metabolism, and Cellular detoxification
Sod2	7227.FBpp0311603	STRING clusters	CL:7224	Mixed, incl. Detoxification of Reactive Oxygen Species, and Cellular detoxification
Sod2	7227.FBpp0311603	STRING clusters	CL:7226	Mixed, incl. Detoxification of Reactive Oxygen Species, and Antioxidant
Sod2	7227.FBpp0311603	STRING clusters	CL:7227	Mixed, incl. Detoxification of Reactive Oxygen Species, and Protein repair
Sod2	7227.FBpp0311603	STRING clusters	CL:7229	Detoxification of Reactive Oxygen Species, and Superoxide dismutase (Cu/Zn) / superoxide dismutase copper chaperone
Sod2	7227.FBpp0311603	STRING clusters	CL:7251	Superoxide dismutase activity
Sod2	7227.FBpp0311603	KEGG	dme04013	MAPK signaling pathway - fly
Sod2	7227.FBpp0311603	KEGG	dme04068	FoxO signaling pathway
Sod2	7227.FBpp0311603	KEGG	dme04146	Peroxisome
Sod2	7227.FBpp0311603	KEGG	dme04213	Longevity regulating pathway - multiple species
Sod2	7227.FBpp0311603	Reactome	DME-2262752	Cellular responses to stress
Sod2	7227.FBpp0311603	Reactome	DME-3299685	Detoxification of Reactive Oxygen Species
Sod2	7227.FBpp0311603	Reactome	DME-8953897	Cellular responses to stimuli
Sod2	7227.FBpp0311603	Reactome	DME-9711123	Cellular response to chemical stress
Sod2	7227.FBpp0311603	COMPARTMENTS	GOCC:0005622	Intracellular anatomical structure
Sod2	7227.FBpp0311603	COMPARTMENTS	GOCC:0005737	Cytoplasm
Sod2	7227.FBpp0311603	COMPARTMENTS	GOCC:0005739	Mitochondrion
Sod2	7227.FBpp0311603	COMPARTMENTS	GOCC:0005759	Mitochondrial matrix
Sod2	7227.FBpp0311603	COMPARTMENTS	GOCC:0031974	Membrane-enclosed lumen
Sod2	7227.FBpp0311603	COMPARTMENTS	GOCC:0043226	Organelle
Sod2	7227.FBpp0311603	COMPARTMENTS	GOCC:0043227	Membrane-bounded organelle
Sod2	7227.FBpp0311603	COMPARTMENTS	GOCC:0043229	Intracellular organelle
Sod2	7227.FBpp0311603	COMPARTMENTS	GOCC:0043231	Intracellular membrane-bounded organelle
Sod2	7227.FBpp0311603	COMPARTMENTS	GOCC:0043233	Organelle lumen
Sod2	7227.FBpp0311603	COMPARTMENTS	GOCC:0070013	Intracellular organelle lumen
Sod2	7227.FBpp0311603	COMPARTMENTS	GOCC:0110165	Cellular anatomical structure
Sod2	7227.FBpp0311603	Monarch	FBcv:0000349	Viable
Sod2	7227.FBpp0311603	Monarch	FBcv:0000351	Lethal
Sod2	7227.FBpp0311603	Monarch	FBcv:0000354	Visible
Sod2	7227.FBpp0311603	Monarch	FBcv:0000359	Decreased cell number
Sod2	7227.FBpp0311603	Monarch	FBcv:0000374	Fertile
Sod2	7227.FBpp0311603	Monarch	FBcv:0000385	Short lived
Sod2	7227.FBpp0311603	Monarch	FBcv:0000386	Long lived
Sod2	7227.FBpp0311603	Monarch	FBcv:0000389	Paralytic
Sod2	7227.FBpp0311603	Monarch	FBcv:0000391	Bang sensitive
Sod2	7227.FBpp0311603	Monarch	FBcv:0000404	Abnormal smell perception
Sod2	7227.FBpp0311603	Monarch	FBcv:0000424	Abnormal cell death
Sod2	7227.FBpp0311603	Monarch	FBcv:0000425	Increased cell death
Sod2	7227.FBpp0311603	Monarch	FBcv:0000435	Abnormal neuroanatomy
Sod2	7227.FBpp0311603	Monarch	FBcv:0000440	Chemical sensitive
Sod2	7227.FBpp0311603	Monarch	FBcv:0000681	Abnormal sensory perception
Sod2	7227.FBpp0311603	Monarch	FBcv:0000709	Abnormal cell number
Sod2	7227.FBpp0311603	Monarch	FBcv:0002000	Lethal - all die before end of P-stage
Sod2	7227.FBpp0311603	Monarch	FBcv:0002001	Lethal - all die before end of first instar larval stage
Sod2	7227.FBpp0311603	Monarch	FBcv:0002002	Lethal - all die before end of larval stage
Sod2	7227.FBpp0311603	Monarch	FBcv:0002003	Lethal - all die before end of second instar larval stage
Sod2	7227.FBpp0311603	Monarch	FBcv:0002004	Increased mortality
Sod2	7227.FBpp0311603	Monarch	FBcv:0002007	Lethal - all die during larval stage
Sod2	7227.FBpp0311603	Monarch	FBcv:0002012	Majority die during larval stage
Sod2	7227.FBpp0311603	Monarch	FBcv:0002019	Increased mortality during development
Sod2	7227.FBpp0311603	Monarch	FBcv:0002023	Some die during larval stage
Sod2	7227.FBpp0311603	Monarch	FBcv:0002026	Lethal - all die before end of prepupal stage
Sod2	7227.FBpp0311603	Monarch	FBcv:0002027	Lethal - all die before end of pupal stage
Sod2	7227.FBpp0311603	Monarch	FBcv:0002033	Lethal - all die during embryonic stage
Sod2	7227.FBpp0311603	Monarch	FBcv:0002037	Majority die during embryonic stage
Sod2	7227.FBpp0311603	Monarch	FBcv:0002041	Some die during embryonic stage
Sod2	7227.FBpp0311603	Monarch	FBcv:0002051	Some die during immature adult stage
Sod2	7227.FBpp0311603	UniProt Keywords	KW-0175	Coiled coil
Sod2	7227.FBpp0311603	UniProt Keywords	KW-0464	Manganese
Sod2	7227.FBpp0311603	UniProt Keywords	KW-0479	Metal-binding
Sod2	7227.FBpp0311603	UniProt Keywords	KW-0560	Oxidoreductase
Sod3	7227.FBpp0308571	GO Process	GO:0000302	Response to reactive oxygen species
Sod3	7227.FBpp0308571	GO Process	GO:0000303	Response to superoxide
Sod3	7227.FBpp0308571	GO Process	GO:0000305	Response to oxygen radical
Sod3	7227.FBpp0308571	GO Process	GO:0006801	Superoxide metabolic process
Sod3	7227.FBpp0308571	GO Process	GO:0006950	Response to stress
Sod3	7227.FBpp0308571	GO Process	GO:0006979	Response to oxidative stress
Sod3	7227.FBpp0308571	GO Process	GO:0008152	Metabolic process
Sod3	7227.FBpp0308571	GO Process	GO:0009314	Response to radiation
Sod3	7227.FBpp0308571	GO Process	GO:0009411	Response to UV
Sod3	7227.FBpp0308571	GO Process	GO:0009416	Response to light stimulus
Sod3	7227.FBpp0308571	GO Process	GO:0009628	Response to abiotic stimulus
Sod3	7227.FBpp0308571	GO Process	GO:0009636	Response to toxic substance
Sod3	7227.FBpp0308571	GO Process	GO:0009650	UV protection
Sod3	7227.FBpp0308571	GO Process	GO:0009987	Cellular process
Sod3	7227.FBpp0308571	GO Process	GO:0019430	Removal of superoxide radicals
Sod3	7227.FBpp0308571	GO Process	GO:0033554	Cellular response to stress
Sod3	7227.FBpp0308571	GO Process	GO:0034599	Cellular response to oxidative stress
Sod3	7227.FBpp0308571	GO Process	GO:0034614	Cellular response to reactive oxygen species
Sod3	7227.FBpp0308571	GO Process	GO:0042221	Response to chemical
Sod3	7227.FBpp0308571	GO Process	GO:0050896	Response to stimulus
Sod3	7227.FBpp0308571	GO Process	GO:0051716	Cellular response to stimulus
Sod3	7227.FBpp0308571	GO Process	GO:0062197	Cellular response to chemical stress
Sod3	7227.FBpp0308571	GO Process	GO:0070887	Cellular response to chemical stimulus
Sod3	7227.FBpp0308571	GO Process	GO:0071450	Cellular response to oxygen radical
Sod3	7227.FBpp0308571	GO Process	GO:0071451	Cellular response to superoxide
Sod3	7227.FBpp0308571	GO Process	GO:0072593	Reactive oxygen species metabolic process
Sod3	7227.FBpp0308571	GO Process	GO:0097237	Cellular response to toxic substance
Sod3	7227.FBpp0308571	GO Process	GO:0098754	Detoxification
Sod3	7227.FBpp0308571	GO Process	GO:0098869	Cellular oxidant detoxification
Sod3	7227.FBpp0308571	GO Process	GO:1901700	Response to oxygen-containing compound
Sod3	7227.FBpp0308571	GO Process	GO:1901701	Cellular response to oxygen-containing compound
Sod3	7227.FBpp0308571	GO Process	GO:1990748	Cellular detoxification
Sod3	7227.FBpp0308571	GO Function	GO:0003824	Catalytic activity
Sod3	7227.FBpp0308571	GO Function	GO:0004784	Superoxide dismutase activity
Sod3	7227.FBpp0308571	GO Function	GO:0005488	Binding
Sod3	7227.FBpp0308571	GO Function	GO:0005507	Copper ion binding
Sod3	7227.FBpp0308571	GO Function	GO:0016209	Antioxidant activity
Sod3	7227.FBpp0308571	GO Function	GO:0016491	Oxidoreductase activity
Sod3	7227.FBpp0308571	GO Function	GO:0016721	Oxidoreductase activity, acting on superoxide radicals as acceptor
Sod3	7227.FBpp0308571	GO Function	GO:0036094	Small molecule binding
Sod3	7227.FBpp0308571	GO Function	GO:0043167	Ion binding
Sod3	7227.FBpp0308571	GO Function	GO:0043169	Cation binding
Sod3	7227.FBpp0308571	GO Function	GO:0046872	Metal ion binding
Sod3	7227.FBpp0308571	GO Function	GO:0046914	Transition metal ion binding
Sod3	7227.FBpp0308571	GO Component	GO:0005576	Extracellular region
Sod3	7227.FBpp0308571	GO Component	GO:0005615	Extracellular space
Sod3	7227.FBpp0308571	GO Component	GO:0005886	Plasma membrane
Sod3	7227.FBpp0308571	GO Component	GO:0016020	Membrane
Sod3	7227.FBpp0308571	GO Component	GO:0071944	Cell periphery
Sod3	7227.FBpp0308571	GO Component	GO:0110165	Cellular anatomical structure
Sod3	7227.FBpp0308571	STRING clusters	CL:7087	Glutathione metabolism, and Cellular detoxification
Sod3	7227.FBpp0308571	STRING clusters	CL:7224	Mixed, incl. Detoxification of Reactive Oxygen Species, and Cellular detoxification
Sod3	7227.FBpp0308571	STRING clusters	CL:7226	Mixed, incl. Detoxification of Reactive Oxygen Species, and Antioxidant
Sod3	7227.FBpp0308571	STRING clusters	CL:7227	Mixed, incl. Detoxification of Reactive Oxygen Species, and Protein repair
Sod3	7227.FBpp0308571	STRING clusters	CL:7229	Detoxification of Reactive Oxygen Species, and Superoxide dismutase (Cu/Zn) / superoxide dismutase copper chaperone
Sod3	7227.FBpp0308571	STRING clusters	CL:7251	Superoxide dismutase activity
Sod3	7227.FBpp0308571	KEGG	dme04146	Peroxisome
Sod3	7227.FBpp0308571	KEGG	dme04213	Longevity regulating pathway - multiple species
Sod3	7227.FBpp0308571	Reactome	DME-109582	Hemostasis
Sod3	7227.FBpp0308571	Reactome	DME-114608	Platelet degranulation
Sod3	7227.FBpp0308571	Reactome	DME-2262752	Cellular responses to stress
Sod3	7227.FBpp0308571	Reactome	DME-3299685	Detoxification of Reactive Oxygen Species
Sod3	7227.FBpp0308571	Reactome	DME-76002	Platelet activation, signaling and aggregation
Sod3	7227.FBpp0308571	Reactome	DME-76005	Response to elevated platelet cytosolic Ca2+
Sod3	7227.FBpp0308571	Reactome	DME-8953897	Cellular responses to stimuli
Sod3	7227.FBpp0308571	Reactome	DME-9711123	Cellular response to chemical stress
Sod3	7227.FBpp0308571	COMPARTMENTS	GOCC:0005576	Extracellular region
Sod3	7227.FBpp0308571	COMPARTMENTS	GOCC:0005615	Extracellular space
Sod3	7227.FBpp0308571	COMPARTMENTS	GOCC:0110165	Cellular anatomical structure
Sod3	7227.FBpp0308571	Monarch	FBcv:0000349	Viable
Sod3	7227.FBpp0308571	Monarch	FBcv:0000354	Visible
Sod3	7227.FBpp0308571	Monarch	FBcv:0000356	Abnormal body color
Sod3	7227.FBpp0308571	Monarch	FBcv:0000385	Short lived
Sod3	7227.FBpp0308571	Monarch	FBcv:0002004	Increased mortality
Sod3	7227.FBpp0308571	Monarch	FBcv:0002015	Partially lethal
Sod3	7227.FBpp0308571	Monarch	FBcv:0002019	Increased mortality during development
Sod3	7227.FBpp0308571	Monarch	FBcv:0002020	Some die during P-stage
Sod3	7227.FBpp0308571	Monarch	FBcv:0002039	Some die during pupal stage
Sod3	7227.FBpp0308571	UniProt Keywords	KW-0049	Antioxidant
Sod3	7227.FBpp0308571	UniProt Keywords	KW-0186	Copper
Sod3	7227.FBpp0308571	UniProt Keywords	KW-0479	Metal-binding
Sod3	7227.FBpp0308571	UniProt Keywords	KW-0560	Oxidoreductase
Sod3	7227.FBpp0308571	UniProt Keywords	KW-0732	Signal
Sod3	7227.FBpp0308571	UniProt Keywords	KW-0862	Zinc
Sod3	7227.FBpp0308571	Pfam	PF00080	Copper/zinc superoxide dismutase (SODC)
Sod3	7227.FBpp0308571	InterPro	IPR001424	Superoxide dismutase, copper/zinc binding domain
Sod3	7227.FBpp0308571	InterPro	IPR018152	Superoxide dismutase, copper/zinc, binding site
Sod3	7227.FBpp0308571	InterPro	IPR024134	Superoxide dismutase (Cu/Zn) / superoxide dismutase copper chaperone
Sod3	7227.FBpp0308571	InterPro	IPR036423	Superoxide dismutase-like, copper/zinc binding domain superfamily
Stat92E	7227.FBpp0306651	GO Process	GO:0000902	Cell morphogenesis
Stat92E	7227.FBpp0306651	GO Process	GO:0001667	Ameboidal-type cell migration
Stat92E	7227.FBpp0306651	GO Process	GO:0002064	Epithelial cell development
Stat92E	7227.FBpp0306651	GO Process	GO:0002164	Larval development
Stat92E	7227.FBpp0306651	GO Process	GO:0002165	Instar larval or pupal development
Stat92E	7227.FBpp0306651	GO Process	GO:0002230	Positive regulation of defense response to virus by host
Stat92E	7227.FBpp0306651	GO Process	GO:0002237	Response to molecule of bacterial origin
Stat92E	7227.FBpp0306651	GO Process	GO:0002376	Immune system process
Stat92E	7227.FBpp0306651	GO Process	GO:0002520	Immune system development
Stat92E	7227.FBpp0306651	GO Process	GO:0002682	Regulation of immune system process
Stat92E	7227.FBpp0306651	GO Process	GO:0002683	Negative regulation of immune system process
Stat92E	7227.FBpp0306651	GO Process	GO:0002759	Regulation of antimicrobial humoral response
Stat92E	7227.FBpp0306651	GO Process	GO:0002831	Regulation of response to biotic stimulus
Stat92E	7227.FBpp0306651	GO Process	GO:0002832	Negative regulation of response to biotic stimulus
Stat92E	7227.FBpp0306651	GO Process	GO:0002920	Regulation of humoral immune response
Stat92E	7227.FBpp0306651	GO Process	GO:0002921	Negative regulation of humoral immune response
Stat92E	7227.FBpp0306651	GO Process	GO:0003002	Regionalization
Stat92E	7227.FBpp0306651	GO Process	GO:0003006	Developmental process involved in reproduction
Stat92E	7227.FBpp0306651	GO Process	GO:0003008	System process
Stat92E	7227.FBpp0306651	GO Process	GO:0006355	Regulation of DNA-templated transcription
Stat92E	7227.FBpp0306651	GO Process	GO:0006357	Regulation of transcription by RNA polymerase II
Stat92E	7227.FBpp0306651	GO Process	GO:0006950	Response to stress
Stat92E	7227.FBpp0306651	GO Process	GO:0006952	Defense response
Stat92E	7227.FBpp0306651	GO Process	GO:0006955	Immune response
Stat92E	7227.FBpp0306651	GO Process	GO:0007154	Cell communication
Stat92E	7227.FBpp0306651	GO Process	GO:0007165	Signal transduction
Stat92E	7227.FBpp0306651	GO Process	GO:0007166	Cell surface receptor signaling pathway
Stat92E	7227.FBpp0306651	GO Process	GO:0007259	Cell surface receptor signaling pathway via JAK-STAT
Stat92E	7227.FBpp0306651	GO Process	GO:0007275	Multicellular organism development
Stat92E	7227.FBpp0306651	GO Process	GO:0007276	Gamete generation
Stat92E	7227.FBpp0306651	GO Process	GO:0007281	Germ cell development
Stat92E	7227.FBpp0306651	GO Process	GO:0007292	Female gamete generation
Stat92E	7227.FBpp0306651	GO Process	GO:0007293	Germarium-derived egg chamber formation
Stat92E	7227.FBpp0306651	GO Process	GO:0007297	Follicle cell of egg chamber migration
Stat92E	7227.FBpp0306651	GO Process	GO:0007298	Border follicle cell migration
Stat92E	7227.FBpp0306651	GO Process	GO:0007350	Blastoderm segmentation
Stat92E	7227.FBpp0306651	GO Process	GO:0007368	Determination of left/right symmetry
Stat92E	7227.FBpp0306651	GO Process	GO:0007379	Segment specification
Stat92E	7227.FBpp0306651	GO Process	GO:0007389	Pattern specification process
Stat92E	7227.FBpp0306651	GO Process	GO:0007399	Nervous system development
Stat92E	7227.FBpp0306651	GO Process	GO:0007424	Open tracheal system development
Stat92E	7227.FBpp0306651	GO Process	GO:0007442	Hindgut morphogenesis
Stat92E	7227.FBpp0306651	GO Process	GO:0007444	Imaginal disc development
Stat92E	7227.FBpp0306651	GO Process	GO:0007455	Eye-antennal disc morphogenesis
Stat92E	7227.FBpp0306651	GO Process	GO:0007472	Wing disc morphogenesis
Stat92E	7227.FBpp0306651	GO Process	GO:0007525	Somatic muscle development
Stat92E	7227.FBpp0306651	GO Process	GO:0007526	Larval somatic muscle development
Stat92E	7227.FBpp0306651	GO Process	GO:0007530	Sex determination
Stat92E	7227.FBpp0306651	GO Process	GO:0007538	Primary sex determination
Stat92E	7227.FBpp0306651	GO Process	GO:0007542	Primary sex determination, germ-line
Stat92E	7227.FBpp0306651	GO Process	GO:0007552	Metamorphosis
Stat92E	7227.FBpp0306651	GO Process	GO:0007560	Imaginal disc morphogenesis
Stat92E	7227.FBpp0306651	GO Process	GO:0007610	Behavior
Stat92E	7227.FBpp0306651	GO Process	GO:0007611	Learning or memory
Stat92E	7227.FBpp0306651	GO Process	GO:0007613	Memory
Stat92E	7227.FBpp0306651	GO Process	GO:0007616	Long-term memory
Stat92E	7227.FBpp0306651	GO Process	GO:0008284	Positive regulation of cell population proliferation
Stat92E	7227.FBpp0306651	GO Process	GO:0008348	Negative regulation of antimicrobial humoral response
Stat92E	7227.FBpp0306651	GO Process	GO:0009314	Response to radiation
Stat92E	7227.FBpp0306651	GO Process	GO:0009605	Response to external stimulus
Stat92E	7227.FBpp0306651	GO Process	GO:0009607	Response to biotic stimulus
Stat92E	7227.FBpp0306651	GO Process	GO:0009611	Response to wounding
Stat92E	7227.FBpp0306651	GO Process	GO:0009615	Response to virus
Stat92E	7227.FBpp0306651	GO Process	GO:0009617	Response to bacterium
Stat92E	7227.FBpp0306651	GO Process	GO:0009628	Response to abiotic stimulus
Stat92E	7227.FBpp0306651	GO Process	GO:0009653	Anatomical structure morphogenesis
Stat92E	7227.FBpp0306651	GO Process	GO:0009790	Embryo development
Stat92E	7227.FBpp0306651	GO Process	GO:0009791	Post-embryonic development
Stat92E	7227.FBpp0306651	GO Process	GO:0009799	Specification of symmetry
Stat92E	7227.FBpp0306651	GO Process	GO:0009855	Determination of bilateral symmetry
Stat92E	7227.FBpp0306651	GO Process	GO:0009880	Embryonic pattern specification
Stat92E	7227.FBpp0306651	GO Process	GO:0009886	Post-embryonic animal morphogenesis
Stat92E	7227.FBpp0306651	GO Process	GO:0009887	Animal organ morphogenesis
Stat92E	7227.FBpp0306651	GO Process	GO:0009888	Tissue development
Stat92E	7227.FBpp0306651	GO Process	GO:0009889	Regulation of biosynthetic process
Stat92E	7227.FBpp0306651	GO Process	GO:0009891	Positive regulation of biosynthetic process
Stat92E	7227.FBpp0306651	GO Process	GO:0009893	Positive regulation of metabolic process
Stat92E	7227.FBpp0306651	GO Process	GO:0009987	Cellular process
Stat92E	7227.FBpp0306651	GO Process	GO:0010165	Response to X-ray
Stat92E	7227.FBpp0306651	GO Process	GO:0010212	Response to ionizing radiation
Stat92E	7227.FBpp0306651	GO Process	GO:0010468	Regulation of gene expression
Stat92E	7227.FBpp0306651	GO Process	GO:0010556	Regulation of macromolecule biosynthetic process
Stat92E	7227.FBpp0306651	GO Process	GO:0010557	Positive regulation of macromolecule biosynthetic process
Stat92E	7227.FBpp0306651	GO Process	GO:0010604	Positive regulation of macromolecule metabolic process
Stat92E	7227.FBpp0306651	GO Process	GO:0010631	Epithelial cell migration
Stat92E	7227.FBpp0306651	GO Process	GO:0010638	Positive regulation of organelle organization
Stat92E	7227.FBpp0306651	GO Process	GO:0016477	Cell migration
Stat92E	7227.FBpp0306651	GO Process	GO:0017145	Stem cell division
Stat92E	7227.FBpp0306651	GO Process	GO:0018992	Germ-line sex determination
Stat92E	7227.FBpp0306651	GO Process	GO:0019100	Male germ-line sex determination
Stat92E	7227.FBpp0306651	GO Process	GO:0019219	Regulation of nucleobase-containing compound metabolic process
Stat92E	7227.FBpp0306651	GO Process	GO:0019222	Regulation of metabolic process
Stat92E	7227.FBpp0306651	GO Process	GO:0019827	Stem cell population maintenance
Stat92E	7227.FBpp0306651	GO Process	GO:0019953	Sexual reproduction
Stat92E	7227.FBpp0306651	GO Process	GO:0022412	Cellular process involved in reproduction in multicellular organism
Stat92E	7227.FBpp0306651	GO Process	GO:0022414	Reproductive process
Stat92E	7227.FBpp0306651	GO Process	GO:0023052	Signaling
Stat92E	7227.FBpp0306651	GO Process	GO:0030097	Hemopoiesis
Stat92E	7227.FBpp0306651	GO Process	GO:0030154	Cell differentiation
Stat92E	7227.FBpp0306651	GO Process	GO:0030238	Male sex determination
Stat92E	7227.FBpp0306651	GO Process	GO:0030707	Follicle cell of egg chamber development
Stat92E	7227.FBpp0306651	GO Process	GO:0030713	Follicle cell of egg chamber stalk formation
Stat92E	7227.FBpp0306651	GO Process	GO:0030718	Germ-line stem cell population maintenance
Stat92E	7227.FBpp0306651	GO Process	GO:0030720	Oocyte localization involved in germarium-derived egg chamber formation
Stat92E	7227.FBpp0306651	GO Process	GO:0030855	Epithelial cell differentiation
Stat92E	7227.FBpp0306651	GO Process	GO:0031099	Regeneration
Stat92E	7227.FBpp0306651	GO Process	GO:0031347	Regulation of defense response
Stat92E	7227.FBpp0306651	GO Process	GO:0031348	Negative regulation of defense response
Stat92E	7227.FBpp0306651	GO Process	GO:0031445	Regulation of heterochromatin formation
Stat92E	7227.FBpp0306651	GO Process	GO:0031453	Positive regulation of heterochromatin formation
Stat92E	7227.FBpp0306651	GO Process	GO:0032101	Regulation of response to external stimulus
Stat92E	7227.FBpp0306651	GO Process	GO:0032102	Negative regulation of response to external stimulus
Stat92E	7227.FBpp0306651	GO Process	GO:0032496	Response to lipopolysaccharide
Stat92E	7227.FBpp0306651	GO Process	GO:0032501	Multicellular organismal process
Stat92E	7227.FBpp0306651	GO Process	GO:0032502	Developmental process
Stat92E	7227.FBpp0306651	GO Process	GO:0033043	Regulation of organelle organization
Stat92E	7227.FBpp0306651	GO Process	GO:0033044	Regulation of chromosome organization
Stat92E	7227.FBpp0306651	GO Process	GO:0033993	Response to lipid
Stat92E	7227.FBpp0306651	GO Process	GO:0035166	Post-embryonic hemopoiesis
Stat92E	7227.FBpp0306651	GO Process	GO:0035167	Larval lymph gland hemopoiesis
Stat92E	7227.FBpp0306651	GO Process	GO:0035168	Larval lymph gland hemocyte differentiation
Stat92E	7227.FBpp0306651	GO Process	GO:0035171	Lamellocyte differentiation
Stat92E	7227.FBpp0306651	GO Process	GO:0035214	Eye-antennal disc development
Stat92E	7227.FBpp0306651	GO Process	GO:0035220	Wing disc development
Stat92E	7227.FBpp0306651	GO Process	GO:0035239	Tube morphogenesis
Stat92E	7227.FBpp0306651	GO Process	GO:0035282	Segmentation
Stat92E	7227.FBpp0306651	GO Process	GO:0035295	Tube development
Stat92E	7227.FBpp0306651	GO Process	GO:0036335	Intestinal stem cell homeostasis
Stat92E	7227.FBpp0306651	GO Process	GO:0040007	Growth
Stat92E	7227.FBpp0306651	GO Process	GO:0042060	Wound healing
Stat92E	7227.FBpp0306651	GO Process	GO:0042127	Regulation of cell population proliferation
Stat92E	7227.FBpp0306651	GO Process	GO:0042221	Response to chemical
Stat92E	7227.FBpp0306651	GO Process	GO:0042246	Tissue regeneration
Stat92E	7227.FBpp0306651	GO Process	GO:0042386	Hemocyte differentiation
Stat92E	7227.FBpp0306651	GO Process	GO:0042592	Homeostatic process
Stat92E	7227.FBpp0306651	GO Process	GO:0043207	Response to external biotic stimulus
Stat92E	7227.FBpp0306651	GO Process	GO:0043696	Dedifferentiation
Stat92E	7227.FBpp0306651	GO Process	GO:0043697	Cell dedifferentiation
Stat92E	7227.FBpp0306651	GO Process	GO:0044087	Regulation of cellular component biogenesis
Stat92E	7227.FBpp0306651	GO Process	GO:0044089	Positive regulation of cellular component biogenesis
Stat92E	7227.FBpp0306651	GO Process	GO:0044419	Biological process involved in interspecies interaction between organisms
Stat92E	7227.FBpp0306651	GO Process	GO:0045087	Innate immune response
Stat92E	7227.FBpp0306651	GO Process	GO:0045595	Regulation of cell differentiation
Stat92E	7227.FBpp0306651	GO Process	GO:0045596	Negative regulation of cell differentiation
Stat92E	7227.FBpp0306651	GO Process	GO:0045893	Positive regulation of DNA-templated transcription
Stat92E	7227.FBpp0306651	GO Process	GO:0045935	Positive regulation of nucleobase-containing compound metabolic process
Stat92E	7227.FBpp0306651	GO Process	GO:0045944	Positive regulation of transcription by RNA polymerase II
Stat92E	7227.FBpp0306651	GO Process	GO:0048468	Cell development
Stat92E	7227.FBpp0306651	GO Process	GO:0048477	Oogenesis
Stat92E	7227.FBpp0306651	GO Process	GO:0048513	Animal organ development
Stat92E	7227.FBpp0306651	GO Process	GO:0048518	Positive regulation of biological process
Stat92E	7227.FBpp0306651	GO Process	GO:0048519	Negative regulation of biological process
Stat92E	7227.FBpp0306651	GO Process	GO:0048522	Positive regulation of cellular process
Stat92E	7227.FBpp0306651	GO Process	GO:0048523	Negative regulation of cellular process
Stat92E	7227.FBpp0306651	GO Process	GO:0048534	Hematopoietic or lymphoid organ development
Stat92E	7227.FBpp0306651	GO Process	GO:0048542	Lymph gland development
Stat92E	7227.FBpp0306651	GO Process	GO:0048546	Digestive tract morphogenesis
Stat92E	7227.FBpp0306651	GO Process	GO:0048565	Digestive tract development
Stat92E	7227.FBpp0306651	GO Process	GO:0048583	Regulation of response to stimulus
Stat92E	7227.FBpp0306651	GO Process	GO:0048585	Negative regulation of response to stimulus
Stat92E	7227.FBpp0306651	GO Process	GO:0048589	Developmental growth
Stat92E	7227.FBpp0306651	GO Process	GO:0048609	Multicellular organismal reproductive process
Stat92E	7227.FBpp0306651	GO Process	GO:0048646	Anatomical structure formation involved in morphogenesis
Stat92E	7227.FBpp0306651	GO Process	GO:0048707	Instar larval or pupal morphogenesis
Stat92E	7227.FBpp0306651	GO Process	GO:0048731	System development
Stat92E	7227.FBpp0306651	GO Process	GO:0048732	Gland development
Stat92E	7227.FBpp0306651	GO Process	GO:0048856	Anatomical structure development
Stat92E	7227.FBpp0306651	GO Process	GO:0048869	Cellular developmental process
Stat92E	7227.FBpp0306651	GO Process	GO:0048870	Cell motility
Stat92E	7227.FBpp0306651	GO Process	GO:0048871	Multicellular organismal-level homeostasis
Stat92E	7227.FBpp0306651	GO Process	GO:0048872	Homeostasis of number of cells
Stat92E	7227.FBpp0306651	GO Process	GO:0050688	Regulation of defense response to virus
Stat92E	7227.FBpp0306651	GO Process	GO:0050691	Regulation of defense response to virus by host
Stat92E	7227.FBpp0306651	GO Process	GO:0050776	Regulation of immune response
Stat92E	7227.FBpp0306651	GO Process	GO:0050777	Negative regulation of immune response
Stat92E	7227.FBpp0306651	GO Process	GO:0050789	Regulation of biological process
Stat92E	7227.FBpp0306651	GO Process	GO:0050793	Regulation of developmental process
Stat92E	7227.FBpp0306651	GO Process	GO:0050794	Regulation of cellular process
Stat92E	7227.FBpp0306651	GO Process	GO:0050877	Nervous system process
Stat92E	7227.FBpp0306651	GO Process	GO:0050890	Cognition
Stat92E	7227.FBpp0306651	GO Process	GO:0050896	Response to stimulus
Stat92E	7227.FBpp0306651	GO Process	GO:0051093	Negative regulation of developmental process
Stat92E	7227.FBpp0306651	GO Process	GO:0051128	Regulation of cellular component organization
Stat92E	7227.FBpp0306651	GO Process	GO:0051130	Positive regulation of cellular component organization
Stat92E	7227.FBpp0306651	GO Process	GO:0051179	Localization
Stat92E	7227.FBpp0306651	GO Process	GO:0051252	Regulation of RNA metabolic process
Stat92E	7227.FBpp0306651	GO Process	GO:0051254	Positive regulation of RNA metabolic process
Stat92E	7227.FBpp0306651	GO Process	GO:0051301	Cell division
Stat92E	7227.FBpp0306651	GO Process	GO:0051607	Defense response to virus
Stat92E	7227.FBpp0306651	GO Process	GO:0051674	Localization of cell
Stat92E	7227.FBpp0306651	GO Process	GO:0051707	Response to other organism
Stat92E	7227.FBpp0306651	GO Process	GO:0051716	Cellular response to stimulus
Stat92E	7227.FBpp0306651	GO Process	GO:0055123	Digestive system development
Stat92E	7227.FBpp0306651	GO Process	GO:0060255	Regulation of macromolecule metabolic process
Stat92E	7227.FBpp0306651	GO Process	GO:0060429	Epithelium development
Stat92E	7227.FBpp0306651	GO Process	GO:0060541	Respiratory system development
Stat92E	7227.FBpp0306651	GO Process	GO:0060972	Left/right pattern formation
Stat92E	7227.FBpp0306651	GO Process	GO:0061061	Muscle structure development
Stat92E	7227.FBpp0306651	GO Process	GO:0061525	Hindgut development
Stat92E	7227.FBpp0306651	GO Process	GO:0065007	Biological regulation
Stat92E	7227.FBpp0306651	GO Process	GO:0070887	Cellular response to chemical stimulus
Stat92E	7227.FBpp0306651	GO Process	GO:0071214	Cellular response to abiotic stimulus
Stat92E	7227.FBpp0306651	GO Process	GO:0071216	Cellular response to biotic stimulus
Stat92E	7227.FBpp0306651	GO Process	GO:0071219	Cellular response to molecule of bacterial origin
Stat92E	7227.FBpp0306651	GO Process	GO:0071222	Cellular response to lipopolysaccharide
Stat92E	7227.FBpp0306651	GO Process	GO:0071396	Cellular response to lipid
Stat92E	7227.FBpp0306651	GO Process	GO:0071478	Cellular response to radiation
Stat92E	7227.FBpp0306651	GO Process	GO:0071479	Cellular response to ionizing radiation
Stat92E	7227.FBpp0306651	GO Process	GO:0071481	Cellular response to X-ray
Stat92E	7227.FBpp0306651	GO Process	GO:0071907	Determination of digestive tract left/right asymmetry
Stat92E	7227.FBpp0306651	GO Process	GO:0080090	Regulation of primary metabolic process
Stat92E	7227.FBpp0306651	GO Process	GO:0080134	Regulation of response to stress
Stat92E	7227.FBpp0306651	GO Process	GO:0090130	Tissue migration
Stat92E	7227.FBpp0306651	GO Process	GO:0090132	Epithelium migration
Stat92E	7227.FBpp0306651	GO Process	GO:0097696	Cell surface receptor signaling pathway via STAT
Stat92E	7227.FBpp0306651	GO Process	GO:0098542	Defense response to other organism
Stat92E	7227.FBpp0306651	GO Process	GO:0098727	Maintenance of cell number
Stat92E	7227.FBpp0306651	GO Process	GO:0104004	Cellular response to environmental stimulus
Stat92E	7227.FBpp0306651	GO Process	GO:0140374	Antiviral innate immune response
Stat92E	7227.FBpp0306651	GO Process	GO:0140546	Defense response to symbiont
Stat92E	7227.FBpp0306651	GO Process	GO:1901700	Response to oxygen-containing compound
Stat92E	7227.FBpp0306651	GO Process	GO:1901701	Cellular response to oxygen-containing compound
Stat92E	7227.FBpp0306651	GO Process	GO:1902275	Regulation of chromatin organization
Stat92E	7227.FBpp0306651	GO Process	GO:1902680	Positive regulation of RNA biosynthetic process
Stat92E	7227.FBpp0306651	GO Process	GO:1905269	Positive regulation of chromatin organization
Stat92E	7227.FBpp0306651	GO Process	GO:2000736	Regulation of stem cell differentiation
Stat92E	7227.FBpp0306651	GO Process	GO:2000737	Negative regulation of stem cell differentiation
Stat92E	7227.FBpp0306651	GO Process	GO:2001141	Regulation of RNA biosynthetic process
Stat92E	7227.FBpp0306651	GO Process	GO:2001252	Positive regulation of chromosome organization
Stat92E	7227.FBpp0306651	GO Function	GO:0000976	Transcription cis-regulatory region binding
Stat92E	7227.FBpp0306651	GO Function	GO:0000977	RNA polymerase II transcription regulatory region sequence-specific DNA binding
Stat92E	7227.FBpp0306651	GO Function	GO:0000978	RNA polymerase II cis-regulatory region sequence-specific DNA binding
Stat92E	7227.FBpp0306651	GO Function	GO:0000981	DNA-binding transcription factor activity, RNA polymerase II-specific
Stat92E	7227.FBpp0306651	GO Function	GO:0000987	Cis-regulatory region sequence-specific DNA binding
Stat92E	7227.FBpp0306651	GO Function	GO:0001067	Transcription regulatory region nucleic acid binding
Stat92E	7227.FBpp0306651	GO Function	GO:0001216	DNA-binding transcription activator activity
Stat92E	7227.FBpp0306651	GO Function	GO:0001228	DNA-binding transcription activator activity, RNA polymerase II-specific
Stat92E	7227.FBpp0306651	GO Function	GO:0003676	Nucleic acid binding
Stat92E	7227.FBpp0306651	GO Function	GO:0003677	DNA binding
Stat92E	7227.FBpp0306651	GO Function	GO:0003690	Double-stranded DNA binding
Stat92E	7227.FBpp0306651	GO Function	GO:0003700	DNA-binding transcription factor activity
Stat92E	7227.FBpp0306651	GO Function	GO:0005102	Signaling receptor binding
Stat92E	7227.FBpp0306651	GO Function	GO:0005126	Cytokine receptor binding
Stat92E	7227.FBpp0306651	GO Function	GO:0005488	Binding
Stat92E	7227.FBpp0306651	GO Function	GO:0005515	Protein binding
Stat92E	7227.FBpp0306651	GO Function	GO:0042393	Histone binding
Stat92E	7227.FBpp0306651	GO Function	GO:0043565	Sequence-specific DNA binding
Stat92E	7227.FBpp0306651	GO Function	GO:0140110	Transcription regulator activity
Stat92E	7227.FBpp0306651	GO Function	GO:1990837	Sequence-specific double-stranded DNA binding
Stat92E	7227.FBpp0306651	GO Component	GO:0005622	Intracellular anatomical structure
Stat92E	7227.FBpp0306651	GO Component	GO:0005634	Nucleus
Stat92E	7227.FBpp0306651	GO Component	GO:0005654	Nucleoplasm
Stat92E	7227.FBpp0306651	GO Component	GO:0005737	Cytoplasm
Stat92E	7227.FBpp0306651	GO Component	GO:0005829	Cytosol
Stat92E	7227.FBpp0306651	GO Component	GO:0005886	Plasma membrane
Stat92E	7227.FBpp0306651	GO Component	GO:0009898	Cytoplasmic side of plasma membrane
Stat92E	7227.FBpp0306651	GO Component	GO:0016020	Membrane
Stat92E	7227.FBpp0306651	GO Component	GO:0016324	Apical plasma membrane
Stat92E	7227.FBpp0306651	GO Component	GO:0031974	Membrane-enclosed lumen
Stat92E	7227.FBpp0306651	GO Component	GO:0031981	Nuclear lumen
Stat92E	7227.FBpp0306651	GO Component	GO:0043226	Organelle
Stat92E	7227.FBpp0306651	GO Component	GO:0043227	Membrane-bounded organelle
Stat92E	7227.FBpp0306651	GO Component	GO:0043229	Intracellular organelle
Stat92E	7227.FBpp0306651	GO Component	GO:0043231	Intracellular membrane-bounded organelle
Stat92E	7227.FBpp0306651	GO Component	GO:0043233	Organelle lumen
Stat92E	7227.FBpp0306651	GO Component	GO:0045177	Apical part of cell
Stat92E	7227.FBpp0306651	GO Component	GO:0070013	Intracellular organelle lumen
Stat92E	7227.FBpp0306651	GO Component	GO:0071944	Cell periphery
Stat92E	7227.FBpp0306651	GO Component	GO:0098552	Side of membrane
Stat92E	7227.FBpp0306651	GO Component	GO:0098562	Cytoplasmic side of membrane
Stat92E	7227.FBpp0306651	GO Component	GO:0098590	Plasma membrane region
Stat92E	7227.FBpp0306651	GO Component	GO:0098592	Cytoplasmic side of apical plasma membrane
Stat92E	7227.FBpp0306651	GO Component	GO:0110165	Cellular anatomical structure
Stat92E	7227.FBpp0306651	STRING clusters	CL:11137	Mixed, incl. MAPK signaling pathway - fly, and Cell surface receptor protein tyrosine kinase signaling pathway
Stat92E	7227.FBpp0306651	STRING clusters	CL:11138	Mixed, incl. Cell surface receptor protein tyrosine kinase signaling pathway, and MAPK signaling pathway - fly
Stat92E	7227.FBpp0306651	STRING clusters	CL:11280	Mixed, incl. Cytokine-mediated signaling pathway, and MAPK cascade
Stat92E	7227.FBpp0306651	STRING clusters	CL:11352	Mixed, incl. Cell surface receptor signaling pathway via STAT, and Epithelial to mesenchymal transition
Stat92E	7227.FBpp0306651	STRING clusters	CL:11354	Cell surface receptor signaling pathway via STAT, and Somatic stem cell division
Stat92E	7227.FBpp0306651	STRING clusters	CL:11357	Cell surface receptor signaling pathway via STAT
Stat92E	7227.FBpp0306651	KEGG	dme04081	Hormone signaling
Stat92E	7227.FBpp0306651	Reactome	DME-1169408	ISG15 antiviral mechanism
Stat92E	7227.FBpp0306651	Reactome	DME-1169410	Antiviral mechanism by IFN-stimulated genes
Stat92E	7227.FBpp0306651	Reactome	DME-1236394	Signaling by ERBB4
Stat92E	7227.FBpp0306651	Reactome	DME-1251985	Nuclear signaling by ERBB4
Stat92E	7227.FBpp0306651	Reactome	DME-1280215	Cytokine Signaling in Immune system
Stat92E	7227.FBpp0306651	Reactome	DME-1433557	Signaling by SCF-KIT
Stat92E	7227.FBpp0306651	Reactome	DME-162582	Signal Transduction
Stat92E	7227.FBpp0306651	Reactome	DME-168249	Innate Immune System
Stat92E	7227.FBpp0306651	Reactome	DME-168256	Immune System
Stat92E	7227.FBpp0306651	Reactome	DME-1834941	STING mediated induction of host immune responses
Stat92E	7227.FBpp0306651	Reactome	DME-1834949	Cytosolic sensors of pathogen-associated DNA
Stat92E	7227.FBpp0306651	Reactome	DME-186763	Downstream signal transduction
Stat92E	7227.FBpp0306651	Reactome	DME-186797	Signaling by PDGF
Stat92E	7227.FBpp0306651	Reactome	DME-201556	Signaling by ALK
Stat92E	7227.FBpp0306651	Reactome	DME-209228	Formation of the activated STAT92E dimer and transport to the nucleus
Stat92E	7227.FBpp0306651	Reactome	DME-209394	Transcriptional activtion and repression of REL-68 target genes
Stat92E	7227.FBpp0306651	Reactome	DME-209405	JAK/STAT pathway
Stat92E	7227.FBpp0306651	Reactome	DME-209459	Imd pathway
Stat92E	7227.FBpp0306651	Reactome	DME-210671	Transcriptional repression by nuclear factors
Stat92E	7227.FBpp0306651	Reactome	DME-210688	Dephosphorylation by PTP61F phosphatases
Stat92E	7227.FBpp0306651	Reactome	DME-210693	STAT92E dimer dephosphorylated in the nucleus and transported to the cytosol
Stat92E	7227.FBpp0306651	Reactome	DME-3249367	STAT6-mediated induction of chemokines
Stat92E	7227.FBpp0306651	Reactome	DME-446652	Interleukin-1 family signaling
Stat92E	7227.FBpp0306651	Reactome	DME-449147	Signaling by Interleukins
Stat92E	7227.FBpp0306651	Reactome	DME-451927	Interleukin-2 family signaling
Stat92E	7227.FBpp0306651	Reactome	DME-5252538	Drosophila signaling pathways
Stat92E	7227.FBpp0306651	Reactome	DME-6785807	Interleukin-4 and Interleukin-13 signaling
Stat92E	7227.FBpp0306651	Reactome	DME-877300	Interferon gamma signaling
Stat92E	7227.FBpp0306651	Reactome	DME-877312	Regulation of IFNG signaling
Stat92E	7227.FBpp0306651	Reactome	DME-8953897	Cellular responses to stimuli
Stat92E	7227.FBpp0306651	Reactome	DME-8985947	Interleukin-9 signaling
Stat92E	7227.FBpp0306651	Reactome	DME-9006934	Signaling by Receptor Tyrosine Kinases
Stat92E	7227.FBpp0306651	Reactome	DME-9008059	Interleukin-37 signaling
Stat92E	7227.FBpp0306651	Reactome	DME-909733	Interferon alpha/beta signaling
Stat92E	7227.FBpp0306651	Reactome	DME-913531	Interferon Signaling
Stat92E	7227.FBpp0306651	Reactome	DME-9701898	STAT3 nuclear events downstream of ALK signaling
Stat92E	7227.FBpp0306651	Reactome	DME-9833482	PKR-mediated signaling
Stat92E	7227.FBpp0306651	Reactome	DME-9855142	Cellular responses to mechanical stimuli
Stat92E	7227.FBpp0306651	Reactome	DME-9860927	Turbulent (oscillatory, disturbed) flow shear stress activates signaling by PIEZO1 and integrins in endothelial cells
Stat92E	7227.FBpp0306651	Reactome	DME-9860931	Response of endothelial cells to shear stress
Stat92E	7227.FBpp0306651	WikiPathways	WP3653	Equilibrium signaling of differentiated cells
Stat92E	7227.FBpp0306651	WikiPathways	WP3660	Humoral immune response to fungal and bacterial pathogens
Stat92E	7227.FBpp0306651	WikiPathways	WP3830	Toll IMD JAK STAT pathways for immune response to pathogens
Stat92E	7227.FBpp0306651	COMPARTMENTS	GOCC:0005622	Intracellular anatomical structure
Stat92E	7227.FBpp0306651	COMPARTMENTS	GOCC:0005634	Nucleus
Stat92E	7227.FBpp0306651	COMPARTMENTS	GOCC:0005654	Nucleoplasm
Stat92E	7227.FBpp0306651	COMPARTMENTS	GOCC:0005737	Cytoplasm
Stat92E	7227.FBpp0306651	COMPARTMENTS	GOCC:0005829	Cytosol
Stat92E	7227.FBpp0306651	COMPARTMENTS	GOCC:0005886	Plasma membrane
Stat92E	7227.FBpp0306651	COMPARTMENTS	GOCC:0009898	Cytoplasmic side of plasma membrane
Stat92E	7227.FBpp0306651	COMPARTMENTS	GOCC:0016020	Membrane
Stat92E	7227.FBpp0306651	COMPARTMENTS	GOCC:0016324	Apical plasma membrane
Stat92E	7227.FBpp0306651	COMPARTMENTS	GOCC:0031974	Membrane-enclosed lumen
Stat92E	7227.FBpp0306651	COMPARTMENTS	GOCC:0031981	Nuclear lumen
Stat92E	7227.FBpp0306651	COMPARTMENTS	GOCC:0043226	Organelle
Stat92E	7227.FBpp0306651	COMPARTMENTS	GOCC:0043227	Membrane-bounded organelle
Stat92E	7227.FBpp0306651	COMPARTMENTS	GOCC:0043229	Intracellular organelle
Stat92E	7227.FBpp0306651	COMPARTMENTS	GOCC:0043231	Intracellular membrane-bounded organelle
Stat92E	7227.FBpp0306651	COMPARTMENTS	GOCC:0043233	Organelle lumen
Stat92E	7227.FBpp0306651	COMPARTMENTS	GOCC:0045177	Apical part of cell
Stat92E	7227.FBpp0306651	COMPARTMENTS	GOCC:0070013	Intracellular organelle lumen
Stat92E	7227.FBpp0306651	COMPARTMENTS	GOCC:0071944	Cell periphery
Stat92E	7227.FBpp0306651	COMPARTMENTS	GOCC:0098552	Side of membrane
Stat92E	7227.FBpp0306651	COMPARTMENTS	GOCC:0098562	Cytoplasmic side of membrane
Stat92E	7227.FBpp0306651	COMPARTMENTS	GOCC:0098590	Plasma membrane region
Stat92E	7227.FBpp0306651	COMPARTMENTS	GOCC:0098592	Cytoplasmic side of apical plasma membrane
Stat92E	7227.FBpp0306651	COMPARTMENTS	GOCC:0110165	Cellular anatomical structure
Stat92E	7227.FBpp0306651	Monarch	FBcv:0000349	Viable
Stat92E	7227.FBpp0306651	Monarch	FBcv:0000351	Lethal
Stat92E	7227.FBpp0306651	Monarch	FBcv:0000352	Partially lethal - majority die
Stat92E	7227.FBpp0306651	Monarch	FBcv:0000354	Visible
Stat92E	7227.FBpp0306651	Monarch	FBcv:0000357	Abnormal size
Stat92E	7227.FBpp0306651	Monarch	FBcv:0000358	Decreased body size
Stat92E	7227.FBpp0306651	Monarch	FBcv:0000359	Decreased cell number
Stat92E	7227.FBpp0306651	Monarch	FBcv:0000362	Increased cell number
Stat92E	7227.FBpp0306651	Monarch	FBcv:0000364	Sterile
Stat92E	7227.FBpp0306651	Monarch	FBcv:0000366	Female sterile
Stat92E	7227.FBpp0306651	Monarch	FBcv:0000370	Male sterile
Stat92E	7227.FBpp0306651	Monarch	FBcv:0000374	Fertile
Stat92E	7227.FBpp0306651	Monarch	FBcv:0000424	Abnormal cell death
Stat92E	7227.FBpp0306651	Monarch	FBcv:0000425	Increased cell death
Stat92E	7227.FBpp0306651	Monarch	FBcv:0000444	Hyperplasia
Stat92E	7227.FBpp0306651	Monarch	FBcv:0000446	Melanotic mass phenotype
Stat92E	7227.FBpp0306651	Monarch	FBcv:0000449	Abnormal planar polarity
Stat92E	7227.FBpp0306651	Monarch	FBcv:0000665	Abnormal body size
Stat92E	7227.FBpp0306651	Monarch	FBcv:0000698	Embryonic/larval segmentation phenotype
Stat92E	7227.FBpp0306651	Monarch	FBcv:0000699	Pair rule phenotype
Stat92E	7227.FBpp0306651	Monarch	FBcv:0000709	Abnormal cell number
Stat92E	7227.FBpp0306651	Monarch	FBcv:0002000	Lethal - all die before end of P-stage
Stat92E	7227.FBpp0306651	Monarch	FBcv:0002001	Lethal - all die before end of first instar larval stage
Stat92E	7227.FBpp0306651	Monarch	FBcv:0002002	Lethal - all die before end of larval stage
Stat92E	7227.FBpp0306651	Monarch	FBcv:0002003	Lethal - all die before end of second instar larval stage
Stat92E	7227.FBpp0306651	Monarch	FBcv:0002004	Increased mortality
Stat92E	7227.FBpp0306651	Monarch	FBcv:0002010	Majority die during P-stage
Stat92E	7227.FBpp0306651	Monarch	FBcv:0002015	Partially lethal
Stat92E	7227.FBpp0306651	Monarch	FBcv:0002019	Increased mortality during development
Stat92E	7227.FBpp0306651	Monarch	FBcv:0002020	Some die during P-stage
Stat92E	7227.FBpp0306651	Monarch	FBcv:0002026	Lethal - all die before end of prepupal stage
Stat92E	7227.FBpp0306651	Monarch	FBcv:0002027	Lethal - all die before end of pupal stage
Stat92E	7227.FBpp0306651	Monarch	FBcv:0002033	Lethal - all die during embryonic stage
Stat92E	7227.FBpp0306651	Monarch	FBcv:0002037	Majority die during embryonic stage
Stat92E	7227.FBpp0306651	Monarch	FBcv:0002039	Some die during pupal stage
Stat92E	7227.FBpp0306651	Monarch	FBcv:0002041	Some die during embryonic stage
Stat92E	7227.FBpp0306651	Monarch	FBcv:0006002	Decreased fecundity
Stat92E	7227.FBpp0306651	Monarch	FBcv:0007508	Decreased size
Stat92E	7227.FBpp0306651	UniProt Keywords	KW-0010	Activator
Stat92E	7227.FBpp0306651	UniProt Keywords	KW-0238	DNA-binding
Stat92E	7227.FBpp0306651	UniProt Keywords	KW-0539	Nucleus
Stat92E	7227.FBpp0306651	UniProt Keywords	KW-0597	Phosphoprotein
Stat92E	7227.FBpp0306651	UniProt Keywords	KW-0727	SH2 domain
Stat92E	7227.FBpp0306651	UniProt Keywords	KW-0804	Transcription
Stat92E	7227.FBpp0306651	UniProt Keywords	KW-0805	Transcription regulation
Stat92E	7227.FBpp0306651	UniProt Keywords	KW-0963	Cytoplasm
Stat92E	7227.FBpp0306651	InterPro	IPR000980	SH2 domain
Stat92E	7227.FBpp0306651	InterPro	IPR008967	p53-like transcription factor, DNA-binding domain superfamily
Stat92E	7227.FBpp0306651	InterPro	IPR036860	SH2 domain superfamily
Stat92E	7227.FBpp0306651	SMART	SM00252	Src homology 2 domains
Tl	7227.FBpp0303187	GO Process	GO:0001558	Regulation of cell growth
Tl	7227.FBpp0303187	GO Process	GO:0002164	Larval development
Tl	7227.FBpp0303187	GO Process	GO:0002225	Positive regulation of antimicrobial peptide production
Tl	7227.FBpp0303187	GO Process	GO:0002347	Response to tumor cell
Tl	7227.FBpp0303187	GO Process	GO:0002376	Immune system process
Tl	7227.FBpp0303187	GO Process	GO:0002682	Regulation of immune system process
Tl	7227.FBpp0303187	GO Process	GO:0002684	Positive regulation of immune system process
Tl	7227.FBpp0303187	GO Process	GO:0002697	Regulation of immune effector process
Tl	7227.FBpp0303187	GO Process	GO:0002699	Positive regulation of immune effector process
Tl	7227.FBpp0303187	GO Process	GO:0002700	Regulation of production of molecular mediator of immune response
Tl	7227.FBpp0303187	GO Process	GO:0002702	Positive regulation of production of molecular mediator of immune response
Tl	7227.FBpp0303187	GO Process	GO:0002759	Regulation of antimicrobial humoral response
Tl	7227.FBpp0303187	GO Process	GO:0002760	Positive regulation of antimicrobial humoral response
Tl	7227.FBpp0303187	GO Process	GO:0002784	Regulation of antimicrobial peptide production
Tl	7227.FBpp0303187	GO Process	GO:0002788	Regulation of antifungal peptide production
Tl	7227.FBpp0303187	GO Process	GO:0002804	Positive regulation of antifungal peptide production
Tl	7227.FBpp0303187	GO Process	GO:0002831	Regulation of response to biotic stimulus
Tl	7227.FBpp0303187	GO Process	GO:0002833	Positive regulation of response to biotic stimulus
Tl	7227.FBpp0303187	GO Process	GO:0002920	Regulation of humoral immune response
Tl	7227.FBpp0303187	GO Process	GO:0002922	Positive regulation of humoral immune response
Tl	7227.FBpp0303187	GO Process	GO:0003002	Regionalization
Tl	7227.FBpp0303187	GO Process	GO:0006355	Regulation of DNA-templated transcription
Tl	7227.FBpp0303187	GO Process	GO:0006357	Regulation of transcription by RNA polymerase II
Tl	7227.FBpp0303187	GO Process	GO:0006935	Chemotaxis
Tl	7227.FBpp0303187	GO Process	GO:0006950	Response to stress
Tl	7227.FBpp0303187	GO Process	GO:0006952	Defense response
Tl	7227.FBpp0303187	GO Process	GO:0006955	Immune response
Tl	7227.FBpp0303187	GO Process	GO:0007154	Cell communication
Tl	7227.FBpp0303187	GO Process	GO:0007155	Cell adhesion
Tl	7227.FBpp0303187	GO Process	GO:0007165	Signal transduction
Tl	7227.FBpp0303187	GO Process	GO:0007166	Cell surface receptor signaling pathway
Tl	7227.FBpp0303187	GO Process	GO:0007275	Multicellular organism development
Tl	7227.FBpp0303187	GO Process	GO:0007389	Pattern specification process
Tl	7227.FBpp0303187	GO Process	GO:0007399	Nervous system development
Tl	7227.FBpp0303187	GO Process	GO:0007416	Synapse assembly
Tl	7227.FBpp0303187	GO Process	GO:0007507	Heart development
Tl	7227.FBpp0303187	GO Process	GO:0007525	Somatic muscle development
Tl	7227.FBpp0303187	GO Process	GO:0007526	Larval somatic muscle development
Tl	7227.FBpp0303187	GO Process	GO:0008037	Cell recognition
Tl	7227.FBpp0303187	GO Process	GO:0008038	Neuron recognition
Tl	7227.FBpp0303187	GO Process	GO:0008039	Synaptic target recognition
Tl	7227.FBpp0303187	GO Process	GO:0008063	Toll signaling pathway
Tl	7227.FBpp0303187	GO Process	GO:0008284	Positive regulation of cell population proliferation
Tl	7227.FBpp0303187	GO Process	GO:0009597	Detection of virus
Tl	7227.FBpp0303187	GO Process	GO:0009605	Response to external stimulus
Tl	7227.FBpp0303187	GO Process	GO:0009607	Response to biotic stimulus
Tl	7227.FBpp0303187	GO Process	GO:0009611	Response to wounding
Tl	7227.FBpp0303187	GO Process	GO:0009615	Response to virus
Tl	7227.FBpp0303187	GO Process	GO:0009617	Response to bacterium
Tl	7227.FBpp0303187	GO Process	GO:0009620	Response to fungus
Tl	7227.FBpp0303187	GO Process	GO:0009791	Post-embryonic development
Tl	7227.FBpp0303187	GO Process	GO:0009798	Axis specification
Tl	7227.FBpp0303187	GO Process	GO:0009889	Regulation of biosynthetic process
Tl	7227.FBpp0303187	GO Process	GO:0009891	Positive regulation of biosynthetic process
Tl	7227.FBpp0303187	GO Process	GO:0009893	Positive regulation of metabolic process
Tl	7227.FBpp0303187	GO Process	GO:0009950	Dorsal/ventral axis specification
Tl	7227.FBpp0303187	GO Process	GO:0009953	Dorsal/ventral pattern formation
Tl	7227.FBpp0303187	GO Process	GO:0009966	Regulation of signal transduction
Tl	7227.FBpp0303187	GO Process	GO:0009968	Negative regulation of signal transduction
Tl	7227.FBpp0303187	GO Process	GO:0009987	Cellular process
Tl	7227.FBpp0303187	GO Process	GO:0010468	Regulation of gene expression
Tl	7227.FBpp0303187	GO Process	GO:0010556	Regulation of macromolecule biosynthetic process
Tl	7227.FBpp0303187	GO Process	GO:0010557	Positive regulation of macromolecule biosynthetic process
Tl	7227.FBpp0303187	GO Process	GO:0010604	Positive regulation of macromolecule metabolic process
Tl	7227.FBpp0303187	GO Process	GO:0010628	Positive regulation of gene expression
Tl	7227.FBpp0303187	GO Process	GO:0010646	Regulation of cell communication
Tl	7227.FBpp0303187	GO Process	GO:0010648	Negative regulation of cell communication
Tl	7227.FBpp0303187	GO Process	GO:0016043	Cellular component organization
Tl	7227.FBpp0303187	GO Process	GO:0016201	Synaptic target inhibition
Tl	7227.FBpp0303187	GO Process	GO:0019219	Regulation of nucleobase-containing compound metabolic process
Tl	7227.FBpp0303187	GO Process	GO:0019221	Cytokine-mediated signaling pathway
Tl	7227.FBpp0303187	GO Process	GO:0019222	Regulation of metabolic process
Tl	7227.FBpp0303187	GO Process	GO:0022008	Neurogenesis
Tl	7227.FBpp0303187	GO Process	GO:0022607	Cellular component assembly
Tl	7227.FBpp0303187	GO Process	GO:0023051	Regulation of signaling
Tl	7227.FBpp0303187	GO Process	GO:0023052	Signaling
Tl	7227.FBpp0303187	GO Process	GO:0023057	Negative regulation of signaling
Tl	7227.FBpp0303187	GO Process	GO:0030154	Cell differentiation
Tl	7227.FBpp0303187	GO Process	GO:0030182	Neuron differentiation
Tl	7227.FBpp0303187	GO Process	GO:0030308	Negative regulation of cell growth
Tl	7227.FBpp0303187	GO Process	GO:0031347	Regulation of defense response
Tl	7227.FBpp0303187	GO Process	GO:0031349	Positive regulation of defense response
Tl	7227.FBpp0303187	GO Process	GO:0032101	Regulation of response to external stimulus
Tl	7227.FBpp0303187	GO Process	GO:0032103	Positive regulation of response to external stimulus
Tl	7227.FBpp0303187	GO Process	GO:0032501	Multicellular organismal process
Tl	7227.FBpp0303187	GO Process	GO:0032502	Developmental process
Tl	7227.FBpp0303187	GO Process	GO:0034097	Response to cytokine
Tl	7227.FBpp0303187	GO Process	GO:0034329	Cell junction assembly
Tl	7227.FBpp0303187	GO Process	GO:0034330	Cell junction organization
Tl	7227.FBpp0303187	GO Process	GO:0035206	Regulation of hemocyte proliferation
Tl	7227.FBpp0303187	GO Process	GO:0035208	Positive regulation of hemocyte proliferation
Tl	7227.FBpp0303187	GO Process	GO:0035212	Cell competition in a multicellular organism
Tl	7227.FBpp0303187	GO Process	GO:0040008	Regulation of growth
Tl	7227.FBpp0303187	GO Process	GO:0040011	Locomotion
Tl	7227.FBpp0303187	GO Process	GO:0040014	Regulation of multicellular organism growth
Tl	7227.FBpp0303187	GO Process	GO:0040015	Negative regulation of multicellular organism growth
Tl	7227.FBpp0303187	GO Process	GO:0042127	Regulation of cell population proliferation
Tl	7227.FBpp0303187	GO Process	GO:0042221	Response to chemical
Tl	7227.FBpp0303187	GO Process	GO:0042330	Taxis
Tl	7227.FBpp0303187	GO Process	GO:0042742	Defense response to bacterium
Tl	7227.FBpp0303187	GO Process	GO:0043207	Response to external biotic stimulus
Tl	7227.FBpp0303187	GO Process	GO:0044085	Cellular component biogenesis
Tl	7227.FBpp0303187	GO Process	GO:0044419	Biological process involved in interspecies interaction between organisms
Tl	7227.FBpp0303187	GO Process	GO:0045087	Innate immune response
Tl	7227.FBpp0303187	GO Process	GO:0045893	Positive regulation of DNA-templated transcription
Tl	7227.FBpp0303187	GO Process	GO:0045926	Negative regulation of growth
Tl	7227.FBpp0303187	GO Process	GO:0045935	Positive regulation of nucleobase-containing compound metabolic process
Tl	7227.FBpp0303187	GO Process	GO:0045944	Positive regulation of transcription by RNA polymerase II
Tl	7227.FBpp0303187	GO Process	GO:0046626	Regulation of insulin receptor signaling pathway
Tl	7227.FBpp0303187	GO Process	GO:0046627	Negative regulation of insulin receptor signaling pathway
Tl	7227.FBpp0303187	GO Process	GO:0048468	Cell development
Tl	7227.FBpp0303187	GO Process	GO:0048513	Animal organ development
Tl	7227.FBpp0303187	GO Process	GO:0048518	Positive regulation of biological process
Tl	7227.FBpp0303187	GO Process	GO:0048519	Negative regulation of biological process
Tl	7227.FBpp0303187	GO Process	GO:0048522	Positive regulation of cellular process
Tl	7227.FBpp0303187	GO Process	GO:0048523	Negative regulation of cellular process
Tl	7227.FBpp0303187	GO Process	GO:0048583	Regulation of response to stimulus
Tl	7227.FBpp0303187	GO Process	GO:0048584	Positive regulation of response to stimulus
Tl	7227.FBpp0303187	GO Process	GO:0048585	Negative regulation of response to stimulus
Tl	7227.FBpp0303187	GO Process	GO:0048638	Regulation of developmental growth
Tl	7227.FBpp0303187	GO Process	GO:0048640	Negative regulation of developmental growth
Tl	7227.FBpp0303187	GO Process	GO:0048666	Neuron development
Tl	7227.FBpp0303187	GO Process	GO:0048699	Generation of neurons
Tl	7227.FBpp0303187	GO Process	GO:0048731	System development
Tl	7227.FBpp0303187	GO Process	GO:0048856	Anatomical structure development
Tl	7227.FBpp0303187	GO Process	GO:0048869	Cellular developmental process
Tl	7227.FBpp0303187	GO Process	GO:0050776	Regulation of immune response
Tl	7227.FBpp0303187	GO Process	GO:0050778	Positive regulation of immune response
Tl	7227.FBpp0303187	GO Process	GO:0050789	Regulation of biological process
Tl	7227.FBpp0303187	GO Process	GO:0050793	Regulation of developmental process
Tl	7227.FBpp0303187	GO Process	GO:0050794	Regulation of cellular process
Tl	7227.FBpp0303187	GO Process	GO:0050808	Synapse organization
Tl	7227.FBpp0303187	GO Process	GO:0050830	Defense response to Gram-positive bacterium
Tl	7227.FBpp0303187	GO Process	GO:0050832	Defense response to fungus
Tl	7227.FBpp0303187	GO Process	GO:0050896	Response to stimulus
Tl	7227.FBpp0303187	GO Process	GO:0050919	Negative chemotaxis
Tl	7227.FBpp0303187	GO Process	GO:0051093	Negative regulation of developmental process
Tl	7227.FBpp0303187	GO Process	GO:0051128	Regulation of cellular component organization
Tl	7227.FBpp0303187	GO Process	GO:0051239	Regulation of multicellular organismal process
Tl	7227.FBpp0303187	GO Process	GO:0051241	Negative regulation of multicellular organismal process
Tl	7227.FBpp0303187	GO Process	GO:0051252	Regulation of RNA metabolic process
Tl	7227.FBpp0303187	GO Process	GO:0051254	Positive regulation of RNA metabolic process
Tl	7227.FBpp0303187	GO Process	GO:0051707	Response to other organism
Tl	7227.FBpp0303187	GO Process	GO:0051716	Cellular response to stimulus
Tl	7227.FBpp0303187	GO Process	GO:0060255	Regulation of macromolecule metabolic process
Tl	7227.FBpp0303187	GO Process	GO:0061061	Muscle structure development
Tl	7227.FBpp0303187	GO Process	GO:0061760	Antifungal innate immune response
Tl	7227.FBpp0303187	GO Process	GO:0065007	Biological regulation
Tl	7227.FBpp0303187	GO Process	GO:0071345	Cellular response to cytokine stimulus
Tl	7227.FBpp0303187	GO Process	GO:0071840	Cellular component organization or biogenesis
Tl	7227.FBpp0303187	GO Process	GO:0072359	Circulatory system development
Tl	7227.FBpp0303187	GO Process	GO:0080090	Regulation of primary metabolic process
Tl	7227.FBpp0303187	GO Process	GO:0080134	Regulation of response to stress
Tl	7227.FBpp0303187	GO Process	GO:0098542	Defense response to other organism
Tl	7227.FBpp0303187	GO Process	GO:0140546	Defense response to symbiont
Tl	7227.FBpp0303187	GO Process	GO:1900076	Regulation of cellular response to insulin stimulus
Tl	7227.FBpp0303187	GO Process	GO:1900077	Negative regulation of cellular response to insulin stimulus
Tl	7227.FBpp0303187	GO Process	GO:1900150	Regulation of defense response to fungus
Tl	7227.FBpp0303187	GO Process	GO:1901652	Response to peptide
Tl	7227.FBpp0303187	GO Process	GO:1902680	Positive regulation of RNA biosynthetic process
Tl	7227.FBpp0303187	GO Process	GO:2001141	Regulation of RNA biosynthetic process
Tl	7227.FBpp0303187	GO Function	GO:0004888	Transmembrane signaling receptor activity
Tl	7227.FBpp0303187	GO Function	GO:0004896	Cytokine receptor activity
Tl	7227.FBpp0303187	GO Function	GO:0005488	Binding
Tl	7227.FBpp0303187	GO Function	GO:0005515	Protein binding
Tl	7227.FBpp0303187	GO Function	GO:0019904	Protein domain specific binding
Tl	7227.FBpp0303187	GO Function	GO:0019955	Cytokine binding
Tl	7227.FBpp0303187	GO Function	GO:0038023	Signaling receptor activity
Tl	7227.FBpp0303187	GO Function	GO:0042802	Identical protein binding
Tl	7227.FBpp0303187	GO Function	GO:0046790	Virion binding
Tl	7227.FBpp0303187	GO Function	GO:0060089	Molecular transducer activity
Tl	7227.FBpp0303187	GO Function	GO:0070976	TIR domain binding
Tl	7227.FBpp0303187	GO Function	GO:0140375	Immune receptor activity
Tl	7227.FBpp0303187	GO Component	GO:0005622	Intracellular anatomical structure
Tl	7227.FBpp0303187	GO Component	GO:0005737	Cytoplasm
Tl	7227.FBpp0303187	GO Component	GO:0005768	Endosome
Tl	7227.FBpp0303187	GO Component	GO:0005769	Early endosome
Tl	7227.FBpp0303187	GO Component	GO:0005886	Plasma membrane
Tl	7227.FBpp0303187	GO Component	GO:0009897	External side of plasma membrane
Tl	7227.FBpp0303187	GO Component	GO:0009986	Cell surface
Tl	7227.FBpp0303187	GO Component	GO:0012505	Endomembrane system
Tl	7227.FBpp0303187	GO Component	GO:0016020	Membrane
Tl	7227.FBpp0303187	GO Component	GO:0031410	Cytoplasmic vesicle
Tl	7227.FBpp0303187	GO Component	GO:0031982	Vesicle
Tl	7227.FBpp0303187	GO Component	GO:0032153	Cell division site
Tl	7227.FBpp0303187	GO Component	GO:0032154	Cleavage furrow
Tl	7227.FBpp0303187	GO Component	GO:0043226	Organelle
Tl	7227.FBpp0303187	GO Component	GO:0043227	Membrane-bounded organelle
Tl	7227.FBpp0303187	GO Component	GO:0043229	Intracellular organelle
Tl	7227.FBpp0303187	GO Component	GO:0043231	Intracellular membrane-bounded organelle
Tl	7227.FBpp0303187	GO Component	GO:0071944	Cell periphery
Tl	7227.FBpp0303187	GO Component	GO:0097708	Intracellular vesicle
Tl	7227.FBpp0303187	GO Component	GO:0098552	Side of membrane
Tl	7227.FBpp0303187	GO Component	GO:0098590	Plasma membrane region
Tl	7227.FBpp0303187	GO Component	GO:0110165	Cellular anatomical structure
Tl	7227.FBpp0303187	STRING clusters	CL:22299	Mixed, incl. Toll and Imd signaling pathway, and Antimicrobial
Tl	7227.FBpp0303187	STRING clusters	CL:22300	Mixed, incl. Toll and Imd signaling pathway, and Antimicrobial
Tl	7227.FBpp0303187	STRING clusters	CL:22301	Mixed, incl. Toll and Imd signaling pathway, and Immunity
Tl	7227.FBpp0303187	STRING clusters	CL:22302	Toll and Imd signaling pathway, and Immunity
Tl	7227.FBpp0303187	STRING clusters	CL:22303	Immunity, and Response to fungus
Tl	7227.FBpp0303187	STRING clusters	CL:22304	Innate immunity, and Toll signaling pathway
Tl	7227.FBpp0303187	STRING clusters	CL:22305	Toll and Imd signaling pathway, and Attacin, N-terminal
Tl	7227.FBpp0303187	STRING clusters	CL:22385	Toll signaling pathway, and TRAF6 mediated NF-kB activation
Tl	7227.FBpp0303187	STRING clusters	CL:22386	Toll binding, and Toll - interleukin 1 - resistance
Tl	7227.FBpp0303187	STRING clusters	CL:22388	Toll signaling pathway
Tl	7227.FBpp0303187	KEGG	dme04624	Toll and Imd signaling pathway
Tl	7227.FBpp0303187	Reactome	DME-168142	Toll Like Receptor 10 (TLR10) Cascade
Tl	7227.FBpp0303187	Reactome	DME-168249	Innate Immune System
Tl	7227.FBpp0303187	Reactome	DME-168256	Immune System
Tl	7227.FBpp0303187	Reactome	DME-168898	Toll-like Receptor Cascades
Tl	7227.FBpp0303187	Reactome	DME-209406	Degradation of NF-kappa-B inhibitor, CACT
Tl	7227.FBpp0303187	Reactome	DME-209442	Formation of the trans-membrane signalling complex
Tl	7227.FBpp0303187	Reactome	DME-209449	Toll pathway
Tl	7227.FBpp0303187	Reactome	DME-214842	DL and DIF homodimers bind to TUB and phosphorylated PLL in the TL receptor signalling complex
Tl	7227.FBpp0303187	Reactome	DME-214844	DL and DIF homodimers complexed with CACT are all phosphorylated in the TL receptor signalling complex
Tl	7227.FBpp0303187	Reactome	DME-214862	Activated PLL kinase is autophosphorylated in the TL receptor signalling complex
Tl	7227.FBpp0303187	Reactome	DME-214863	Adaptor protein complex binds to TL receptor at the plasma membrane
Tl	7227.FBpp0303187	Reactome	DME-214869	Phosphorylated CACT, DL and DIF homodimers dissociate from the TL receptor signalling complex
Tl	7227.FBpp0303187	Reactome	DME-214874	PLL kinase binds to TUB in the TL receptor signalling complex
Tl	7227.FBpp0303187	Reactome	DME-5252538	Drosophila signaling pathways
Tl	7227.FBpp0303187	Reactome	DME-6798695	Neutrophil degranulation
Tl	7227.FBpp0303187	WikiPathways	WP3660	Humoral immune response to fungal and bacterial pathogens
Tl	7227.FBpp0303187	WikiPathways	WP3830	Toll IMD JAK STAT pathways for immune response to pathogens
Tl	7227.FBpp0303187	COMPARTMENTS	GOCC:0005622	Intracellular anatomical structure
Tl	7227.FBpp0303187	COMPARTMENTS	GOCC:0005737	Cytoplasm
Tl	7227.FBpp0303187	COMPARTMENTS	GOCC:0005768	Endosome
Tl	7227.FBpp0303187	COMPARTMENTS	GOCC:0005769	Early endosome
Tl	7227.FBpp0303187	COMPARTMENTS	GOCC:0005886	Plasma membrane
Tl	7227.FBpp0303187	COMPARTMENTS	GOCC:0009897	External side of plasma membrane
Tl	7227.FBpp0303187	COMPARTMENTS	GOCC:0009986	Cell surface
Tl	7227.FBpp0303187	COMPARTMENTS	GOCC:0012505	Endomembrane system
Tl	7227.FBpp0303187	COMPARTMENTS	GOCC:0016020	Membrane
Tl	7227.FBpp0303187	COMPARTMENTS	GOCC:0031410	Cytoplasmic vesicle
Tl	7227.FBpp0303187	COMPARTMENTS	GOCC:0031982	Vesicle
Tl	7227.FBpp0303187	COMPARTMENTS	GOCC:0032153	Cell division site
Tl	7227.FBpp0303187	COMPARTMENTS	GOCC:0032154	Cleavage furrow
Tl	7227.FBpp0303187	COMPARTMENTS	GOCC:0043226	Organelle
Tl	7227.FBpp0303187	COMPARTMENTS	GOCC:0043227	Membrane-bounded organelle
Tl	7227.FBpp0303187	COMPARTMENTS	GOCC:0043229	Intracellular organelle
Tl	7227.FBpp0303187	COMPARTMENTS	GOCC:0043231	Intracellular membrane-bounded organelle
Tl	7227.FBpp0303187	COMPARTMENTS	GOCC:0071944	Cell periphery
Tl	7227.FBpp0303187	COMPARTMENTS	GOCC:0097708	Intracellular vesicle
Tl	7227.FBpp0303187	COMPARTMENTS	GOCC:0098552	Side of membrane
Tl	7227.FBpp0303187	COMPARTMENTS	GOCC:0098590	Plasma membrane region
Tl	7227.FBpp0303187	COMPARTMENTS	GOCC:0110165	Cellular anatomical structure
Tl	7227.FBpp0303187	Monarch	FBcv:0000324	Abnormal dorsal/ventral axis specification
Tl	7227.FBpp0303187	Monarch	FBcv:0000349	Viable
Tl	7227.FBpp0303187	Monarch	FBcv:0000351	Lethal
Tl	7227.FBpp0303187	Monarch	FBcv:0000352	Partially lethal - majority die
Tl	7227.FBpp0303187	Monarch	FBcv:0000354	Visible
Tl	7227.FBpp0303187	Monarch	FBcv:0000357	Abnormal size
Tl	7227.FBpp0303187	Monarch	FBcv:0000358	Decreased body size
Tl	7227.FBpp0303187	Monarch	FBcv:0000359	Decreased cell number
Tl	7227.FBpp0303187	Monarch	FBcv:0000360	Decreased cell size
Tl	7227.FBpp0303187	Monarch	FBcv:0000362	Increased cell number
Tl	7227.FBpp0303187	Monarch	FBcv:0000364	Sterile
Tl	7227.FBpp0303187	Monarch	FBcv:0000366	Female sterile
Tl	7227.FBpp0303187	Monarch	FBcv:0000368	Female sterile germline-dependent
Tl	7227.FBpp0303187	Monarch	FBcv:0000424	Abnormal cell death
Tl	7227.FBpp0303187	Monarch	FBcv:0000425	Increased cell death
Tl	7227.FBpp0303187	Monarch	FBcv:0000427	Abnormal cell growth
Tl	7227.FBpp0303187	Monarch	FBcv:0000428	Abnormal cell size
Tl	7227.FBpp0303187	Monarch	FBcv:0000435	Abnormal neuroanatomy
Tl	7227.FBpp0303187	Monarch	FBcv:0000446	Melanotic mass phenotype
Tl	7227.FBpp0303187	Monarch	FBcv:0000450	Abnormal developmental rate
Tl	7227.FBpp0303187	Monarch	FBcv:0000665	Abnormal body size
Tl	7227.FBpp0303187	Monarch	FBcv:0000686	Abnormal axis specification
Tl	7227.FBpp0303187	Monarch	FBcv:0000709	Abnormal cell number
Tl	7227.FBpp0303187	Monarch	FBcv:0002000	Lethal - all die before end of P-stage
Tl	7227.FBpp0303187	Monarch	FBcv:0002001	Lethal - all die before end of first instar larval stage
Tl	7227.FBpp0303187	Monarch	FBcv:0002002	Lethal - all die before end of larval stage
Tl	7227.FBpp0303187	Monarch	FBcv:0002003	Lethal - all die before end of second instar larval stage
Tl	7227.FBpp0303187	Monarch	FBcv:0002004	Increased mortality
Tl	7227.FBpp0303187	Monarch	FBcv:0002010	Majority die during P-stage
Tl	7227.FBpp0303187	Monarch	FBcv:0002015	Partially lethal
Tl	7227.FBpp0303187	Monarch	FBcv:0002019	Increased mortality during development
Tl	7227.FBpp0303187	Monarch	FBcv:0002020	Some die during P-stage
Tl	7227.FBpp0303187	Monarch	FBcv:0002026	Lethal - all die before end of prepupal stage
Tl	7227.FBpp0303187	Monarch	FBcv:0002027	Lethal - all die before end of pupal stage
Tl	7227.FBpp0303187	Monarch	FBcv:0002033	Lethal - all die during embryonic stage
Tl	7227.FBpp0303187	Monarch	FBcv:0002037	Majority die during embryonic stage
Tl	7227.FBpp0303187	Monarch	FBcv:0002041	Some die during embryonic stage
Tl	7227.FBpp0303187	Monarch	FBcv:0007508	Decreased size
Tl	7227.FBpp0303187	UniProt Keywords	KW-0433	Leucine-rich repeat
Tl	7227.FBpp0303187	UniProt Keywords	KW-0472	Membrane
Tl	7227.FBpp0303187	UniProt Keywords	KW-0675	Receptor
Tl	7227.FBpp0303187	UniProt Keywords	KW-0677	Repeat
Tl	7227.FBpp0303187	UniProt Keywords	KW-0732	Signal
Tl	7227.FBpp0303187	UniProt Keywords	KW-0812	Transmembrane
Tl	7227.FBpp0303187	UniProt Keywords	KW-1133	Transmembrane helix
Tl	7227.FBpp0303187	InterPro	IPR000157	Toll/interleukin-1 receptor homology (TIR) domain
Tl	7227.FBpp0303187	InterPro	IPR000372	Leucine-rich repeat N-terminal domain
Tl	7227.FBpp0303187	InterPro	IPR000483	Cysteine-rich flanking region, C-terminal
Tl	7227.FBpp0303187	InterPro	IPR001611	Leucine-rich repeat
Tl	7227.FBpp0303187	InterPro	IPR003591	Leucine-rich repeat, typical subtype
Tl	7227.FBpp0303187	InterPro	IPR026906	BspA-type LRR region
Tl	7227.FBpp0303187	InterPro	IPR032675	Leucine-rich repeat domain superfamily
Tl	7227.FBpp0303187	InterPro	IPR035897	Toll/interleukin-1 receptor homology (TIR) domain superfamily
Tl	7227.FBpp0303187	SMART	SM00013	Leucine rich repeat N-terminal domain
Tl	7227.FBpp0303187	SMART	SM00082	Leucine rich repeat C-terminal domain
Tl	7227.FBpp0303187	SMART	SM00255	Toll - interleukin 1 - resistance
Tl	7227.FBpp0303187	SMART	SM00369	Leucine-rich repeats, typical (most populated) subfamily
Tl	7227.FBpp0303187	SMART	SM00370	Leucine-rich repeats, outliers
TrpA1	7227.FBpp0304207	GO Process	GO:0001580	Detection of chemical stimulus involved in sensory perception of bitter taste
TrpA1	7227.FBpp0304207	GO Process	GO:0003008	System process
TrpA1	7227.FBpp0304207	GO Process	GO:0006810	Transport
TrpA1	7227.FBpp0304207	GO Process	GO:0006811	Monoatomic ion transport
TrpA1	7227.FBpp0304207	GO Process	GO:0006812	Monoatomic cation transport
TrpA1	7227.FBpp0304207	GO Process	GO:0006816	Calcium ion transport
TrpA1	7227.FBpp0304207	GO Process	GO:0006950	Response to stress
TrpA1	7227.FBpp0304207	GO Process	GO:0007154	Cell communication
TrpA1	7227.FBpp0304207	GO Process	GO:0007165	Signal transduction
TrpA1	7227.FBpp0304207	GO Process	GO:0007600	Sensory perception
TrpA1	7227.FBpp0304207	GO Process	GO:0007602	Phototransduction
TrpA1	7227.FBpp0304207	GO Process	GO:0007606	Sensory perception of chemical stimulus
TrpA1	7227.FBpp0304207	GO Process	GO:0007610	Behavior
TrpA1	7227.FBpp0304207	GO Process	GO:0007638	Mechanosensory behavior
TrpA1	7227.FBpp0304207	GO Process	GO:0009266	Response to temperature stimulus
TrpA1	7227.FBpp0304207	GO Process	GO:0009314	Response to radiation
TrpA1	7227.FBpp0304207	GO Process	GO:0009408	Response to heat
TrpA1	7227.FBpp0304207	GO Process	GO:0009416	Response to light stimulus
TrpA1	7227.FBpp0304207	GO Process	GO:0009453	Energy taxis
TrpA1	7227.FBpp0304207	GO Process	GO:0009581	Detection of external stimulus
TrpA1	7227.FBpp0304207	GO Process	GO:0009582	Detection of abiotic stimulus
TrpA1	7227.FBpp0304207	GO Process	GO:0009583	Detection of light stimulus
TrpA1	7227.FBpp0304207	GO Process	GO:0009593	Detection of chemical stimulus
TrpA1	7227.FBpp0304207	GO Process	GO:0009605	Response to external stimulus
TrpA1	7227.FBpp0304207	GO Process	GO:0009612	Response to mechanical stimulus
TrpA1	7227.FBpp0304207	GO Process	GO:0009628	Response to abiotic stimulus
TrpA1	7227.FBpp0304207	GO Process	GO:0009966	Regulation of signal transduction
TrpA1	7227.FBpp0304207	GO Process	GO:0009967	Positive regulation of signal transduction
TrpA1	7227.FBpp0304207	GO Process	GO:0009987	Cellular process
TrpA1	7227.FBpp0304207	GO Process	GO:0010378	Temperature compensation of the circadian clock
TrpA1	7227.FBpp0304207	GO Process	GO:0010646	Regulation of cell communication
TrpA1	7227.FBpp0304207	GO Process	GO:0010647	Positive regulation of cell communication
TrpA1	7227.FBpp0304207	GO Process	GO:0016048	Detection of temperature stimulus
TrpA1	7227.FBpp0304207	GO Process	GO:0019233	Sensory perception of pain
TrpA1	7227.FBpp0304207	GO Process	GO:0019722	Calcium-mediated signaling
TrpA1	7227.FBpp0304207	GO Process	GO:0023041	Neuronal signal transduction
TrpA1	7227.FBpp0304207	GO Process	GO:0023051	Regulation of signaling
TrpA1	7227.FBpp0304207	GO Process	GO:0023052	Signaling
TrpA1	7227.FBpp0304207	GO Process	GO:0023056	Positive regulation of signaling
TrpA1	7227.FBpp0304207	GO Process	GO:0030001	Metal ion transport
TrpA1	7227.FBpp0304207	GO Process	GO:0032501	Multicellular organismal process
TrpA1	7227.FBpp0304207	GO Process	GO:0033554	Cellular response to stress
TrpA1	7227.FBpp0304207	GO Process	GO:0034220	Monoatomic ion transmembrane transport
TrpA1	7227.FBpp0304207	GO Process	GO:0034605	Cellular response to heat
TrpA1	7227.FBpp0304207	GO Process	GO:0035556	Intracellular signal transduction
TrpA1	7227.FBpp0304207	GO Process	GO:0040011	Locomotion
TrpA1	7227.FBpp0304207	GO Process	GO:0040040	Thermosensory behavior
TrpA1	7227.FBpp0304207	GO Process	GO:0042221	Response to chemical
TrpA1	7227.FBpp0304207	GO Process	GO:0042330	Taxis
TrpA1	7227.FBpp0304207	GO Process	GO:0042331	Phototaxis
TrpA1	7227.FBpp0304207	GO Process	GO:0042752	Regulation of circadian rhythm
TrpA1	7227.FBpp0304207	GO Process	GO:0043052	Thermotaxis
TrpA1	7227.FBpp0304207	GO Process	GO:0046957	Negative phototaxis
TrpA1	7227.FBpp0304207	GO Process	GO:0048518	Positive regulation of biological process
TrpA1	7227.FBpp0304207	GO Process	GO:0048522	Positive regulation of cellular process
TrpA1	7227.FBpp0304207	GO Process	GO:0048583	Regulation of response to stimulus
TrpA1	7227.FBpp0304207	GO Process	GO:0048584	Positive regulation of response to stimulus
TrpA1	7227.FBpp0304207	GO Process	GO:0050789	Regulation of biological process
TrpA1	7227.FBpp0304207	GO Process	GO:0050794	Regulation of cellular process
TrpA1	7227.FBpp0304207	GO Process	GO:0050848	Regulation of calcium-mediated signaling
TrpA1	7227.FBpp0304207	GO Process	GO:0050850	Positive regulation of calcium-mediated signaling
TrpA1	7227.FBpp0304207	GO Process	GO:0050877	Nervous system process
TrpA1	7227.FBpp0304207	GO Process	GO:0050896	Response to stimulus
TrpA1	7227.FBpp0304207	GO Process	GO:0050906	Detection of stimulus involved in sensory perception
TrpA1	7227.FBpp0304207	GO Process	GO:0050907	Detection of chemical stimulus involved in sensory perception
TrpA1	7227.FBpp0304207	GO Process	GO:0050909	Sensory perception of taste
TrpA1	7227.FBpp0304207	GO Process	GO:0050912	Detection of chemical stimulus involved in sensory perception of taste
TrpA1	7227.FBpp0304207	GO Process	GO:0050913	Sensory perception of bitter taste
TrpA1	7227.FBpp0304207	GO Process	GO:0050951	Sensory perception of temperature stimulus
TrpA1	7227.FBpp0304207	GO Process	GO:0050955	Thermoception
TrpA1	7227.FBpp0304207	GO Process	GO:0050960	Detection of temperature stimulus involved in thermoception
TrpA1	7227.FBpp0304207	GO Process	GO:0050961	Detection of temperature stimulus involved in sensory perception
TrpA1	7227.FBpp0304207	GO Process	GO:0050965	Detection of temperature stimulus involved in sensory perception of pain
TrpA1	7227.FBpp0304207	GO Process	GO:0050968	Detection of chemical stimulus involved in sensory perception of pain
TrpA1	7227.FBpp0304207	GO Process	GO:0051179	Localization
TrpA1	7227.FBpp0304207	GO Process	GO:0051234	Establishment of localization
TrpA1	7227.FBpp0304207	GO Process	GO:0051606	Detection of stimulus
TrpA1	7227.FBpp0304207	GO Process	GO:0051716	Cellular response to stimulus
TrpA1	7227.FBpp0304207	GO Process	GO:0052129	Negative energy taxis
TrpA1	7227.FBpp0304207	GO Process	GO:0055085	Transmembrane transport
TrpA1	7227.FBpp0304207	GO Process	GO:0062036	Sensory perception of hot stimulus
TrpA1	7227.FBpp0304207	GO Process	GO:0062149	Detection of stimulus involved in sensory perception of pain
TrpA1	7227.FBpp0304207	GO Process	GO:0065007	Biological regulation
TrpA1	7227.FBpp0304207	GO Process	GO:0070588	Calcium ion transmembrane transport
TrpA1	7227.FBpp0304207	GO Process	GO:0097553	Calcium ion transmembrane import into cytosol
TrpA1	7227.FBpp0304207	GO Process	GO:0098655	Monoatomic cation transmembrane transport
TrpA1	7227.FBpp0304207	GO Process	GO:0098660	Inorganic ion transmembrane transport
TrpA1	7227.FBpp0304207	GO Process	GO:0098662	Inorganic cation transmembrane transport
TrpA1	7227.FBpp0304207	GO Process	GO:0120168	Detection of hot stimulus involved in thermoception
TrpA1	7227.FBpp0304207	GO Process	GO:0141124	Intracellular signaling cassette
TrpA1	7227.FBpp0304207	GO Process	GO:1902531	Regulation of intracellular signal transduction
TrpA1	7227.FBpp0304207	GO Process	GO:1902533	Positive regulation of intracellular signal transduction
TrpA1	7227.FBpp0304207	GO Function	GO:0004888	Transmembrane signaling receptor activity
TrpA1	7227.FBpp0304207	GO Function	GO:0005215	Transporter activity
TrpA1	7227.FBpp0304207	GO Function	GO:0005216	Monoatomic ion channel activity
TrpA1	7227.FBpp0304207	GO Function	GO:0005217	Intracellularly ligand-gated monoatomic ion channel activity
TrpA1	7227.FBpp0304207	GO Function	GO:0005261	Monoatomic cation channel activity
TrpA1	7227.FBpp0304207	GO Function	GO:0005262	Calcium channel activity
TrpA1	7227.FBpp0304207	GO Function	GO:0008324	Monoatomic cation transmembrane transporter activity
TrpA1	7227.FBpp0304207	GO Function	GO:0008527	Taste receptor activity
TrpA1	7227.FBpp0304207	GO Function	GO:0015075	Monoatomic ion transmembrane transporter activity
TrpA1	7227.FBpp0304207	GO Function	GO:0015085	Calcium ion transmembrane transporter activity
TrpA1	7227.FBpp0304207	GO Function	GO:0015267	Channel activity
TrpA1	7227.FBpp0304207	GO Function	GO:0015276	Ligand-gated monoatomic ion channel activity
TrpA1	7227.FBpp0304207	GO Function	GO:0015278	Intracellularly gated calcium channel activity
TrpA1	7227.FBpp0304207	GO Function	GO:0015318	Inorganic molecular entity transmembrane transporter activity
TrpA1	7227.FBpp0304207	GO Function	GO:0022803	Passive transmembrane transporter activity
TrpA1	7227.FBpp0304207	GO Function	GO:0022834	Ligand-gated channel activity
TrpA1	7227.FBpp0304207	GO Function	GO:0022836	Gated channel activity
TrpA1	7227.FBpp0304207	GO Function	GO:0022857	Transmembrane transporter activity
TrpA1	7227.FBpp0304207	GO Function	GO:0022890	Inorganic cation transmembrane transporter activity
TrpA1	7227.FBpp0304207	GO Function	GO:0038023	Signaling receptor activity
TrpA1	7227.FBpp0304207	GO Function	GO:0046873	Metal ion transmembrane transporter activity
TrpA1	7227.FBpp0304207	GO Function	GO:0060089	Molecular transducer activity
TrpA1	7227.FBpp0304207	GO Function	GO:0099094	Ligand-gated monoatomic cation channel activity
TrpA1	7227.FBpp0304207	GO Function	GO:0099604	Ligand-gated calcium channel activity
TrpA1	7227.FBpp0304207	GO Component	GO:0005886	Plasma membrane
TrpA1	7227.FBpp0304207	GO Component	GO:0016020	Membrane
TrpA1	7227.FBpp0304207	GO Component	GO:0032991	Protein-containing complex
TrpA1	7227.FBpp0304207	GO Component	GO:0034702	Monoatomic ion channel complex
TrpA1	7227.FBpp0304207	GO Component	GO:0034703	Cation channel complex
TrpA1	7227.FBpp0304207	GO Component	GO:0071944	Cell periphery
TrpA1	7227.FBpp0304207	GO Component	GO:0098796	Membrane protein complex
TrpA1	7227.FBpp0304207	GO Component	GO:0110165	Cellular anatomical structure
TrpA1	7227.FBpp0304207	GO Component	GO:1902495	Transmembrane transporter complex
TrpA1	7227.FBpp0304207	GO Component	GO:1990351	Transporter complex
TrpA1	7227.FBpp0304207	STRING clusters	CL:12460	Mixed, incl. Muscle protein, and Myosin complex
TrpA1	7227.FBpp0304207	STRING clusters	CL:12461	Mixed, incl. Myosin complex, and Ion transport protein
TrpA1	7227.FBpp0304207	STRING clusters	CL:12463	Mixed, incl. Ion transport protein, and Store-operated calcium channel activity
TrpA1	7227.FBpp0304207	STRING clusters	CL:12494	TRP channels, and Startle response
TrpA1	7227.FBpp0304207	Reactome	DME-2672351	Stimuli-sensing channels
TrpA1	7227.FBpp0304207	Reactome	DME-3295583	TRP channels
TrpA1	7227.FBpp0304207	Reactome	DME-382551	Transport of small molecules
TrpA1	7227.FBpp0304207	Reactome	DME-983712	Ion channel transport
TrpA1	7227.FBpp0304207	COMPARTMENTS	GOCC:0005886	Plasma membrane
TrpA1	7227.FBpp0304207	COMPARTMENTS	GOCC:0016020	Membrane
TrpA1	7227.FBpp0304207	COMPARTMENTS	GOCC:0031224	Obsolete intrinsic component of membrane
TrpA1	7227.FBpp0304207	COMPARTMENTS	GOCC:0032991	Protein-containing complex
TrpA1	7227.FBpp0304207	COMPARTMENTS	GOCC:0034702	Monoatomic ion channel complex
TrpA1	7227.FBpp0304207	COMPARTMENTS	GOCC:0034703	Cation channel complex
TrpA1	7227.FBpp0304207	COMPARTMENTS	GOCC:0071944	Cell periphery
TrpA1	7227.FBpp0304207	COMPARTMENTS	GOCC:0110165	Cellular anatomical structure
TrpA1	7227.FBpp0304207	COMPARTMENTS	GOCC:1902495	Transmembrane transporter complex
TrpA1	7227.FBpp0304207	Monarch	FBcv:0000002	Abnormal thermotaxis
TrpA1	7227.FBpp0304207	Monarch	FBcv:0000349	Viable
TrpA1	7227.FBpp0304207	Monarch	FBcv:0000351	Lethal
TrpA1	7227.FBpp0304207	Monarch	FBcv:0000352	Partially lethal - majority die
TrpA1	7227.FBpp0304207	Monarch	FBcv:0000354	Visible
TrpA1	7227.FBpp0304207	Monarch	FBcv:0000387	Abnormal behavior
TrpA1	7227.FBpp0304207	Monarch	FBcv:0000388	Abnormal gravitaxis
TrpA1	7227.FBpp0304207	Monarch	FBcv:0000389	Paralytic
TrpA1	7227.FBpp0304207	Monarch	FBcv:0000390	Decreased rate of movement
TrpA1	7227.FBpp0304207	Monarch	FBcv:0000392	Increased rate of movement
TrpA1	7227.FBpp0304207	Monarch	FBcv:0000393	Abnormal pain response
TrpA1	7227.FBpp0304207	Monarch	FBcv:0000399	Abnormal courtship behavior
TrpA1	7227.FBpp0304207	Monarch	FBcv:0000400	Abnormal mating
TrpA1	7227.FBpp0304207	Monarch	FBcv:0000402	Abnormal song
TrpA1	7227.FBpp0304207	Monarch	FBcv:0000403	Abnormal chemosensory behavior
TrpA1	7227.FBpp0304207	Monarch	FBcv:0000404	Abnormal smell perception
TrpA1	7227.FBpp0304207	Monarch	FBcv:0000405	Abnormal taste perception
TrpA1	7227.FBpp0304207	Monarch	FBcv:0000406	Abnormal tarsal response
TrpA1	7227.FBpp0304207	Monarch	FBcv:0000408	Abnormal stress response
TrpA1	7227.FBpp0304207	Monarch	FBcv:0000414	Abnormal locomotor behavior
TrpA1	7227.FBpp0304207	Monarch	FBcv:0000416	Uncoordinated
TrpA1	7227.FBpp0304207	Monarch	FBcv:0000420	Abnormal grooming behavior
TrpA1	7227.FBpp0304207	Monarch	FBcv:0000434	Abnormal neurophysiology
TrpA1	7227.FBpp0304207	Monarch	FBcv:0000435	Abnormal neuroanatomy
TrpA1	7227.FBpp0304207	Monarch	FBcv:0000440	Chemical sensitive
TrpA1	7227.FBpp0304207	Monarch	FBcv:0000450	Abnormal developmental rate
TrpA1	7227.FBpp0304207	Monarch	FBcv:0000680	Abnormal proboscis extension reflex
TrpA1	7227.FBpp0304207	Monarch	FBcv:0000681	Abnormal sensory perception
TrpA1	7227.FBpp0304207	Monarch	FBcv:0000683	Abnormal temperature response
TrpA1	7227.FBpp0304207	Monarch	FBcv:0000721	Abnormal mating behavior
TrpA1	7227.FBpp0304207	Monarch	FBcv:0002004	Increased mortality
TrpA1	7227.FBpp0304207	Monarch	FBcv:0002015	Partially lethal
TrpA1	7227.FBpp0304207	Monarch	FBcv:0002019	Increased mortality during development
TrpA1	7227.FBpp0304207	Monarch	FBcv:0002020	Some die during P-stage
TrpA1	7227.FBpp0304207	Monarch	FBcv:0002039	Some die during pupal stage
TrpA1	7227.FBpp0304207	Monarch	FBcv:0006000	Abnormal copulation
TrpA1	7227.FBpp0304207	Monarch	FBcv:0006004	Abnormal oviposition
TrpA1	7227.FBpp0304207	UniProt Keywords	KW-0040	ANK repeat
TrpA1	7227.FBpp0304207	UniProt Keywords	KW-0325	Glycoprotein
TrpA1	7227.FBpp0304207	UniProt Keywords	KW-0406	Ion transport
TrpA1	7227.FBpp0304207	UniProt Keywords	KW-0407	Ion channel
TrpA1	7227.FBpp0304207	UniProt Keywords	KW-0472	Membrane
TrpA1	7227.FBpp0304207	UniProt Keywords	KW-0675	Receptor
TrpA1	7227.FBpp0304207	UniProt Keywords	KW-0677	Repeat
TrpA1	7227.FBpp0304207	UniProt Keywords	KW-0716	Sensory transduction
TrpA1	7227.FBpp0304207	UniProt Keywords	KW-0812	Transmembrane
TrpA1	7227.FBpp0304207	UniProt Keywords	KW-0813	Transport
TrpA1	7227.FBpp0304207	UniProt Keywords	KW-1003	Cell membrane
TrpA1	7227.FBpp0304207	UniProt Keywords	KW-1133	Transmembrane helix
TrpA1	7227.FBpp0304207	Pfam	PF00520	Ion transport protein
TrpA1	7227.FBpp0304207	InterPro	IPR002110	Ankyrin repeat
TrpA1	7227.FBpp0304207	InterPro	IPR005821	Ion transport domain
TrpA1	7227.FBpp0304207	InterPro	IPR036770	Ankyrin repeat-containing domain superfamily
TrpA1	7227.FBpp0304207	InterPro	IPR052076	Transient receptor potential cation channel
TrpA1	7227.FBpp0304207	SMART	SM00248	Ankyrin repeats
Xrp1	7227.FBpp0083114	GO Process	GO:0006996	Organelle organization
Xrp1	7227.FBpp0083114	GO Process	GO:0009987	Cellular process
Xrp1	7227.FBpp0083114	GO Process	GO:0016043	Cellular component organization
Xrp1	7227.FBpp0083114	GO Process	GO:0051276	Chromosome organization
Xrp1	7227.FBpp0083114	GO Process	GO:0071840	Cellular component organization or biogenesis
Xrp1	7227.FBpp0083114	GO Function	GO:0003682	Chromatin binding
Xrp1	7227.FBpp0083114	GO Function	GO:0005488	Binding
Xrp1	7227.FBpp0083114	GO Component	GO:0005622	Intracellular anatomical structure
Xrp1	7227.FBpp0083114	GO Component	GO:0005634	Nucleus
Xrp1	7227.FBpp0083114	GO Component	GO:0043226	Organelle
Xrp1	7227.FBpp0083114	GO Component	GO:0043227	Membrane-bounded organelle
Xrp1	7227.FBpp0083114	GO Component	GO:0043229	Intracellular organelle
Xrp1	7227.FBpp0083114	GO Component	GO:0043231	Intracellular membrane-bounded organelle
Xrp1	7227.FBpp0083114	GO Component	GO:0110165	Cellular anatomical structure
Xrp1	7227.FBpp0083114	STRING clusters	CL:20911	Mostly uncharacterized, incl. GPCR, family 2-like, 7TM, and MFS transporter superfamily
Xrp1	7227.FBpp0083114	STRING clusters	CL:21123	Mostly uncharacterized, incl. DNA repair complex, and Protein of unknown function DUF4799
Xrp1	7227.FBpp0083114	STRING clusters	CL:21124	Mostly uncharacterized, incl. DNA repair complex, and Intestinal stem cell homeostasis
Xrp1	7227.FBpp0083114	STRING clusters	CL:21125	Mostly uncharacterized, incl. DNA repair complex, and tRNA processing
Xrp1	7227.FBpp0083114	STRING clusters	CL:21146	Mixed, incl. DNA repair complex, and Thiamine pyrophosphate transmembrane transport
Xrp1	7227.FBpp0083114	COMPARTMENTS	GOCC:0005622	Intracellular anatomical structure
Xrp1	7227.FBpp0083114	COMPARTMENTS	GOCC:0005634	Nucleus
Xrp1	7227.FBpp0083114	COMPARTMENTS	GOCC:0032991	Protein-containing complex
Xrp1	7227.FBpp0083114	COMPARTMENTS	GOCC:0043226	Organelle
Xrp1	7227.FBpp0083114	COMPARTMENTS	GOCC:0043227	Membrane-bounded organelle
Xrp1	7227.FBpp0083114	COMPARTMENTS	GOCC:0043229	Intracellular organelle
Xrp1	7227.FBpp0083114	COMPARTMENTS	GOCC:0043231	Intracellular membrane-bounded organelle
Xrp1	7227.FBpp0083114	COMPARTMENTS	GOCC:0110165	Cellular anatomical structure
Xrp1	7227.FBpp0083114	COMPARTMENTS	GOCC:1990391	DNA repair complex
Xrp1	7227.FBpp0083114	Monarch	FBcv:0000349	Viable
Xrp1	7227.FBpp0083114	Monarch	FBcv:0000351	Lethal
Xrp1	7227.FBpp0083114	Monarch	FBcv:0000352	Partially lethal - majority die
Xrp1	7227.FBpp0083114	Monarch	FBcv:0000354	Visible
Xrp1	7227.FBpp0083114	Monarch	FBcv:0000374	Fertile
Xrp1	7227.FBpp0083114	Monarch	FBcv:0000385	Short lived
Xrp1	7227.FBpp0083114	Monarch	FBcv:0000386	Long lived
Xrp1	7227.FBpp0083114	Monarch	FBcv:0000404	Abnormal smell perception
Xrp1	7227.FBpp0083114	Monarch	FBcv:0000681	Abnormal sensory perception
Xrp1	7227.FBpp0083114	Monarch	FBcv:0002004	Increased mortality
Xrp1	7227.FBpp0083114	Monarch	FBcv:0002015	Partially lethal
Xrp1	7227.FBpp0083114	Monarch	FBcv:0002019	Increased mortality during development
Xrp1	7227.FBpp0083114	SMART	SM00384	DNA binding domain with preference for A/T rich regions
bsk	7227.FBpp0291573	GO Process	GO:0000165	MAPK cascade
bsk	7227.FBpp0291573	GO Process	GO:0000302	Response to reactive oxygen species
bsk	7227.FBpp0291573	GO Process	GO:0000902	Cell morphogenesis
bsk	7227.FBpp0291573	GO Process	GO:0001700	Embryonic development via the syncytial blastoderm
bsk	7227.FBpp0291573	GO Process	GO:0002009	Morphogenesis of an epithelium
bsk	7227.FBpp0291573	GO Process	GO:0002011	Morphogenesis of an epithelial sheet
bsk	7227.FBpp0291573	GO Process	GO:0002064	Epithelial cell development
bsk	7227.FBpp0291573	GO Process	GO:0002165	Instar larval or pupal development
bsk	7227.FBpp0291573	GO Process	GO:0002218	Activation of innate immune response
bsk	7227.FBpp0291573	GO Process	GO:0002221	Pattern recognition receptor signaling pathway
bsk	7227.FBpp0291573	GO Process	GO:0002253	Activation of immune response
bsk	7227.FBpp0291573	GO Process	GO:0002376	Immune system process
bsk	7227.FBpp0291573	GO Process	GO:0002682	Regulation of immune system process
bsk	7227.FBpp0291573	GO Process	GO:0002684	Positive regulation of immune system process
bsk	7227.FBpp0291573	GO Process	GO:0002757	Immune response-activating signaling pathway
bsk	7227.FBpp0291573	GO Process	GO:0002758	Innate immune response-activating signaling pathway
bsk	7227.FBpp0291573	GO Process	GO:0002764	Immune response-regulating signaling pathway
bsk	7227.FBpp0291573	GO Process	GO:0002831	Regulation of response to biotic stimulus
bsk	7227.FBpp0291573	GO Process	GO:0002833	Positive regulation of response to biotic stimulus
bsk	7227.FBpp0291573	GO Process	GO:0003002	Regionalization
bsk	7227.FBpp0291573	GO Process	GO:0003006	Developmental process involved in reproduction
bsk	7227.FBpp0291573	GO Process	GO:0003008	System process
bsk	7227.FBpp0291573	GO Process	GO:0006582	Melanin metabolic process
bsk	7227.FBpp0291573	GO Process	GO:0006810	Transport
bsk	7227.FBpp0291573	GO Process	GO:0006897	Endocytosis
bsk	7227.FBpp0291573	GO Process	GO:0006909	Phagocytosis
bsk	7227.FBpp0291573	GO Process	GO:0006911	Phagocytosis, engulfment
bsk	7227.FBpp0291573	GO Process	GO:0006950	Response to stress
bsk	7227.FBpp0291573	GO Process	GO:0006952	Defense response
bsk	7227.FBpp0291573	GO Process	GO:0006955	Immune response
bsk	7227.FBpp0291573	GO Process	GO:0006959	Humoral immune response
bsk	7227.FBpp0291573	GO Process	GO:0006979	Response to oxidative stress
bsk	7227.FBpp0291573	GO Process	GO:0007154	Cell communication
bsk	7227.FBpp0291573	GO Process	GO:0007163	Establishment or maintenance of cell polarity
bsk	7227.FBpp0291573	GO Process	GO:0007165	Signal transduction
bsk	7227.FBpp0291573	GO Process	GO:0007166	Cell surface receptor signaling pathway
bsk	7227.FBpp0291573	GO Process	GO:0007167	Enzyme-linked receptor protein signaling pathway
bsk	7227.FBpp0291573	GO Process	GO:0007169	Cell surface receptor protein tyrosine kinase signaling pathway
bsk	7227.FBpp0291573	GO Process	GO:0007254	JNK cascade
bsk	7227.FBpp0291573	GO Process	GO:0007275	Multicellular organism development
bsk	7227.FBpp0291573	GO Process	GO:0007276	Gamete generation
bsk	7227.FBpp0291573	GO Process	GO:0007281	Germ cell development
bsk	7227.FBpp0291573	GO Process	GO:0007292	Female gamete generation
bsk	7227.FBpp0291573	GO Process	GO:0007306	Egg chorion assembly
bsk	7227.FBpp0291573	GO Process	GO:0007368	Determination of left/right symmetry
bsk	7227.FBpp0291573	GO Process	GO:0007389	Pattern specification process
bsk	7227.FBpp0291573	GO Process	GO:0007391	Dorsal closure
bsk	7227.FBpp0291573	GO Process	GO:0007395	Dorsal closure, spreading of leading edge cells
bsk	7227.FBpp0291573	GO Process	GO:0007399	Nervous system development
bsk	7227.FBpp0291573	GO Process	GO:0007409	Axonogenesis
bsk	7227.FBpp0291573	GO Process	GO:0007411	Axon guidance
bsk	7227.FBpp0291573	GO Process	GO:0007417	Central nervous system development
bsk	7227.FBpp0291573	GO Process	GO:0007420	Brain development
bsk	7227.FBpp0291573	GO Process	GO:0007439	Ectodermal digestive tract development
bsk	7227.FBpp0291573	GO Process	GO:0007441	Anterior midgut (ectodermal) morphogenesis
bsk	7227.FBpp0291573	GO Process	GO:0007444	Imaginal disc development
bsk	7227.FBpp0291573	GO Process	GO:0007483	Genital disc morphogenesis
bsk	7227.FBpp0291573	GO Process	GO:0007484	Imaginal disc-derived genitalia development
bsk	7227.FBpp0291573	GO Process	GO:0007485	Imaginal disc-derived male genitalia development
bsk	7227.FBpp0291573	GO Process	GO:0007548	Sex differentiation
bsk	7227.FBpp0291573	GO Process	GO:0007552	Metamorphosis
bsk	7227.FBpp0291573	GO Process	GO:0007560	Imaginal disc morphogenesis
bsk	7227.FBpp0291573	GO Process	GO:0007610	Behavior
bsk	7227.FBpp0291573	GO Process	GO:0007611	Learning or memory
bsk	7227.FBpp0291573	GO Process	GO:0007613	Memory
bsk	7227.FBpp0291573	GO Process	GO:0007616	Long-term memory
bsk	7227.FBpp0291573	GO Process	GO:0008152	Metabolic process
bsk	7227.FBpp0291573	GO Process	GO:0008284	Positive regulation of cell population proliferation
bsk	7227.FBpp0291573	GO Process	GO:0008360	Regulation of cell shape
bsk	7227.FBpp0291573	GO Process	GO:0009266	Response to temperature stimulus
bsk	7227.FBpp0291573	GO Process	GO:0009267	Cellular response to starvation
bsk	7227.FBpp0291573	GO Process	GO:0009408	Response to heat
bsk	7227.FBpp0291573	GO Process	GO:0009605	Response to external stimulus
bsk	7227.FBpp0291573	GO Process	GO:0009607	Response to biotic stimulus
bsk	7227.FBpp0291573	GO Process	GO:0009611	Response to wounding
bsk	7227.FBpp0291573	GO Process	GO:0009617	Response to bacterium
bsk	7227.FBpp0291573	GO Process	GO:0009628	Response to abiotic stimulus
bsk	7227.FBpp0291573	GO Process	GO:0009653	Anatomical structure morphogenesis
bsk	7227.FBpp0291573	GO Process	GO:0009790	Embryo development
bsk	7227.FBpp0291573	GO Process	GO:0009791	Post-embryonic development
bsk	7227.FBpp0291573	GO Process	GO:0009792	Embryo development ending in birth or egg hatching
bsk	7227.FBpp0291573	GO Process	GO:0009799	Specification of symmetry
bsk	7227.FBpp0291573	GO Process	GO:0009855	Determination of bilateral symmetry
bsk	7227.FBpp0291573	GO Process	GO:0009886	Post-embryonic animal morphogenesis
bsk	7227.FBpp0291573	GO Process	GO:0009887	Animal organ morphogenesis
bsk	7227.FBpp0291573	GO Process	GO:0009888	Tissue development
bsk	7227.FBpp0291573	GO Process	GO:0009889	Regulation of biosynthetic process
bsk	7227.FBpp0291573	GO Process	GO:0009891	Positive regulation of biosynthetic process
bsk	7227.FBpp0291573	GO Process	GO:0009893	Positive regulation of metabolic process
bsk	7227.FBpp0291573	GO Process	GO:0009894	Regulation of catabolic process
bsk	7227.FBpp0291573	GO Process	GO:0009896	Positive regulation of catabolic process
bsk	7227.FBpp0291573	GO Process	GO:0009987	Cellular process
bsk	7227.FBpp0291573	GO Process	GO:0010038	Response to metal ion
bsk	7227.FBpp0291573	GO Process	GO:0010324	Membrane invagination
bsk	7227.FBpp0291573	GO Process	GO:0010468	Regulation of gene expression
bsk	7227.FBpp0291573	GO Process	GO:0010506	Regulation of autophagy
bsk	7227.FBpp0291573	GO Process	GO:0010508	Positive regulation of autophagy
bsk	7227.FBpp0291573	GO Process	GO:0010556	Regulation of macromolecule biosynthetic process
bsk	7227.FBpp0291573	GO Process	GO:0010557	Positive regulation of macromolecule biosynthetic process
bsk	7227.FBpp0291573	GO Process	GO:0010604	Positive regulation of macromolecule metabolic process
bsk	7227.FBpp0291573	GO Process	GO:0010628	Positive regulation of gene expression
bsk	7227.FBpp0291573	GO Process	GO:0010632	Regulation of epithelial cell migration
bsk	7227.FBpp0291573	GO Process	GO:0010634	Positive regulation of epithelial cell migration
bsk	7227.FBpp0291573	GO Process	GO:0010720	Positive regulation of cell development
bsk	7227.FBpp0291573	GO Process	GO:0010927	Cellular component assembly involved in morphogenesis
bsk	7227.FBpp0291573	GO Process	GO:0014041	Regulation of neuron maturation
bsk	7227.FBpp0291573	GO Process	GO:0014042	Positive regulation of neuron maturation
bsk	7227.FBpp0291573	GO Process	GO:0016043	Cellular component organization
bsk	7227.FBpp0291573	GO Process	GO:0016049	Cell growth
bsk	7227.FBpp0291573	GO Process	GO:0016192	Vesicle-mediated transport
bsk	7227.FBpp0291573	GO Process	GO:0016319	Mushroom body development
bsk	7227.FBpp0291573	GO Process	GO:0016331	Morphogenesis of embryonic epithelium
bsk	7227.FBpp0291573	GO Process	GO:0016477	Cell migration
bsk	7227.FBpp0291573	GO Process	GO:0018958	Phenol-containing compound metabolic process
bsk	7227.FBpp0291573	GO Process	GO:0019221	Cytokine-mediated signaling pathway
bsk	7227.FBpp0291573	GO Process	GO:0019222	Regulation of metabolic process
bsk	7227.FBpp0291573	GO Process	GO:0019730	Antimicrobial humoral response
bsk	7227.FBpp0291573	GO Process	GO:0019731	Antibacterial humoral response
bsk	7227.FBpp0291573	GO Process	GO:0019748	Secondary metabolic process
bsk	7227.FBpp0291573	GO Process	GO:0019953	Sexual reproduction
bsk	7227.FBpp0291573	GO Process	GO:0022008	Neurogenesis
bsk	7227.FBpp0291573	GO Process	GO:0022412	Cellular process involved in reproduction in multicellular organism
bsk	7227.FBpp0291573	GO Process	GO:0022414	Reproductive process
bsk	7227.FBpp0291573	GO Process	GO:0022603	Regulation of anatomical structure morphogenesis
bsk	7227.FBpp0291573	GO Process	GO:0022604	Regulation of cell morphogenesis
bsk	7227.FBpp0291573	GO Process	GO:0022607	Cellular component assembly
bsk	7227.FBpp0291573	GO Process	GO:0023052	Signaling
bsk	7227.FBpp0291573	GO Process	GO:0030030	Cell projection organization
bsk	7227.FBpp0291573	GO Process	GO:0030154	Cell differentiation
bsk	7227.FBpp0291573	GO Process	GO:0030182	Neuron differentiation
bsk	7227.FBpp0291573	GO Process	GO:0030334	Regulation of cell migration
bsk	7227.FBpp0291573	GO Process	GO:0030335	Positive regulation of cell migration
bsk	7227.FBpp0291573	GO Process	GO:0030539	Male genitalia development
bsk	7227.FBpp0291573	GO Process	GO:0030707	Follicle cell of egg chamber development
bsk	7227.FBpp0291573	GO Process	GO:0030855	Epithelial cell differentiation
bsk	7227.FBpp0291573	GO Process	GO:0031099	Regeneration
bsk	7227.FBpp0291573	GO Process	GO:0031102	Neuron projection regeneration
bsk	7227.FBpp0291573	GO Process	GO:0031103	Axon regeneration
bsk	7227.FBpp0291573	GO Process	GO:0031175	Neuron projection development
bsk	7227.FBpp0291573	GO Process	GO:0031347	Regulation of defense response
bsk	7227.FBpp0291573	GO Process	GO:0031349	Positive regulation of defense response
bsk	7227.FBpp0291573	GO Process	GO:0031667	Response to nutrient levels
bsk	7227.FBpp0291573	GO Process	GO:0031669	Cellular response to nutrient levels
bsk	7227.FBpp0291573	GO Process	GO:0032101	Regulation of response to external stimulus
bsk	7227.FBpp0291573	GO Process	GO:0032103	Positive regulation of response to external stimulus
bsk	7227.FBpp0291573	GO Process	GO:0032107	Regulation of response to nutrient levels
bsk	7227.FBpp0291573	GO Process	GO:0032501	Multicellular organismal process
bsk	7227.FBpp0291573	GO Process	GO:0032502	Developmental process
bsk	7227.FBpp0291573	GO Process	GO:0032989	Cellular anatomical entity morphogenesis
bsk	7227.FBpp0291573	GO Process	GO:0033209	Tumor necrosis factor-mediated signaling pathway
bsk	7227.FBpp0291573	GO Process	GO:0033554	Cellular response to stress
bsk	7227.FBpp0291573	GO Process	GO:0034097	Response to cytokine
bsk	7227.FBpp0291573	GO Process	GO:0034599	Cellular response to oxidative stress
bsk	7227.FBpp0291573	GO Process	GO:0034612	Response to tumor necrosis factor
bsk	7227.FBpp0291573	GO Process	GO:0034614	Cellular response to reactive oxygen species
bsk	7227.FBpp0291573	GO Process	GO:0035006	Melanization defense response
bsk	7227.FBpp0291573	GO Process	GO:0035112	Genitalia morphogenesis
bsk	7227.FBpp0291573	GO Process	GO:0035126	Post-embryonic genitalia morphogenesis
bsk	7227.FBpp0291573	GO Process	GO:0035215	Genital disc development
bsk	7227.FBpp0291573	GO Process	GO:0035239	Tube morphogenesis
bsk	7227.FBpp0291573	GO Process	GO:0035295	Tube development
bsk	7227.FBpp0291573	GO Process	GO:0035313	Wound healing, spreading of epidermal cells
bsk	7227.FBpp0291573	GO Process	GO:0035556	Intracellular signal transduction
bsk	7227.FBpp0291573	GO Process	GO:0040007	Growth
bsk	7227.FBpp0291573	GO Process	GO:0040012	Regulation of locomotion
bsk	7227.FBpp0291573	GO Process	GO:0040017	Positive regulation of locomotion
bsk	7227.FBpp0291573	GO Process	GO:0042060	Wound healing
bsk	7227.FBpp0291573	GO Process	GO:0042127	Regulation of cell population proliferation
bsk	7227.FBpp0291573	GO Process	GO:0042221	Response to chemical
bsk	7227.FBpp0291573	GO Process	GO:0042440	Pigment metabolic process
bsk	7227.FBpp0291573	GO Process	GO:0042594	Response to starvation
bsk	7227.FBpp0291573	GO Process	GO:0042742	Defense response to bacterium
bsk	7227.FBpp0291573	GO Process	GO:0042981	Regulation of apoptotic process
bsk	7227.FBpp0291573	GO Process	GO:0043065	Positive regulation of apoptotic process
bsk	7227.FBpp0291573	GO Process	GO:0043067	Regulation of programmed cell death
bsk	7227.FBpp0291573	GO Process	GO:0043068	Positive regulation of programmed cell death
bsk	7227.FBpp0291573	GO Process	GO:0043207	Response to external biotic stimulus
bsk	7227.FBpp0291573	GO Process	GO:0043277	Apoptotic cell clearance
bsk	7227.FBpp0291573	GO Process	GO:0043652	Engulfment of apoptotic cell
bsk	7227.FBpp0291573	GO Process	GO:0044085	Cellular component biogenesis
bsk	7227.FBpp0291573	GO Process	GO:0044319	Wound healing, spreading of cells
bsk	7227.FBpp0291573	GO Process	GO:0044419	Biological process involved in interspecies interaction between organisms
bsk	7227.FBpp0291573	GO Process	GO:0045087	Innate immune response
bsk	7227.FBpp0291573	GO Process	GO:0045088	Regulation of innate immune response
bsk	7227.FBpp0291573	GO Process	GO:0045089	Positive regulation of innate immune response
bsk	7227.FBpp0291573	GO Process	GO:0045229	External encapsulating structure organization
bsk	7227.FBpp0291573	GO Process	GO:0045595	Regulation of cell differentiation
bsk	7227.FBpp0291573	GO Process	GO:0045597	Positive regulation of cell differentiation
bsk	7227.FBpp0291573	GO Process	GO:0045664	Regulation of neuron differentiation
bsk	7227.FBpp0291573	GO Process	GO:0046528	Imaginal disc fusion
bsk	7227.FBpp0291573	GO Process	GO:0046529	Imaginal disc fusion, thorax closure
bsk	7227.FBpp0291573	GO Process	GO:0046661	Male sex differentiation
bsk	7227.FBpp0291573	GO Process	GO:0046685	Response to arsenic-containing substance
bsk	7227.FBpp0291573	GO Process	GO:0046686	Response to cadmium ion
bsk	7227.FBpp0291573	GO Process	GO:0046843	Dorsal appendage formation
bsk	7227.FBpp0291573	GO Process	GO:0046844	Chorion micropyle formation
bsk	7227.FBpp0291573	GO Process	GO:0048010	Vascular endothelial growth factor receptor signaling pathway
bsk	7227.FBpp0291573	GO Process	GO:0048468	Cell development
bsk	7227.FBpp0291573	GO Process	GO:0048477	Oogenesis
bsk	7227.FBpp0291573	GO Process	GO:0048513	Animal organ development
bsk	7227.FBpp0291573	GO Process	GO:0048518	Positive regulation of biological process
bsk	7227.FBpp0291573	GO Process	GO:0048522	Positive regulation of cellular process
bsk	7227.FBpp0291573	GO Process	GO:0048546	Digestive tract morphogenesis
bsk	7227.FBpp0291573	GO Process	GO:0048557	Embryonic digestive tract morphogenesis
bsk	7227.FBpp0291573	GO Process	GO:0048562	Embryonic organ morphogenesis
bsk	7227.FBpp0291573	GO Process	GO:0048565	Digestive tract development
bsk	7227.FBpp0291573	GO Process	GO:0048566	Embryonic digestive tract development
bsk	7227.FBpp0291573	GO Process	GO:0048567	Ectodermal digestive tract morphogenesis
bsk	7227.FBpp0291573	GO Process	GO:0048568	Embryonic organ development
bsk	7227.FBpp0291573	GO Process	GO:0048583	Regulation of response to stimulus
bsk	7227.FBpp0291573	GO Process	GO:0048584	Positive regulation of response to stimulus
bsk	7227.FBpp0291573	GO Process	GO:0048588	Developmental cell growth
bsk	7227.FBpp0291573	GO Process	GO:0048589	Developmental growth
bsk	7227.FBpp0291573	GO Process	GO:0048598	Embryonic morphogenesis
bsk	7227.FBpp0291573	GO Process	GO:0048608	Reproductive structure development
bsk	7227.FBpp0291573	GO Process	GO:0048609	Multicellular organismal reproductive process
bsk	7227.FBpp0291573	GO Process	GO:0048611	Embryonic ectodermal digestive tract development
bsk	7227.FBpp0291573	GO Process	GO:0048613	Embryonic ectodermal digestive tract morphogenesis
bsk	7227.FBpp0291573	GO Process	GO:0048615	Embryonic anterior midgut (ectodermal) morphogenesis
bsk	7227.FBpp0291573	GO Process	GO:0048646	Anatomical structure formation involved in morphogenesis
bsk	7227.FBpp0291573	GO Process	GO:0048666	Neuron development
bsk	7227.FBpp0291573	GO Process	GO:0048667	Cell morphogenesis involved in neuron differentiation
bsk	7227.FBpp0291573	GO Process	GO:0048668	Collateral sprouting
bsk	7227.FBpp0291573	GO Process	GO:0048674	Collateral sprouting of injured axon
bsk	7227.FBpp0291573	GO Process	GO:0048675	Axon extension
bsk	7227.FBpp0291573	GO Process	GO:0048678	Response to axon injury
bsk	7227.FBpp0291573	GO Process	GO:0048682	Sprouting of injured axon
bsk	7227.FBpp0291573	GO Process	GO:0048699	Generation of neurons
bsk	7227.FBpp0291573	GO Process	GO:0048707	Instar larval or pupal morphogenesis
bsk	7227.FBpp0291573	GO Process	GO:0048729	Tissue morphogenesis
bsk	7227.FBpp0291573	GO Process	GO:0048731	System development
bsk	7227.FBpp0291573	GO Process	GO:0048803	Imaginal disc-derived male genitalia morphogenesis
bsk	7227.FBpp0291573	GO Process	GO:0048805	Imaginal disc-derived genitalia morphogenesis
bsk	7227.FBpp0291573	GO Process	GO:0048806	Genitalia development
bsk	7227.FBpp0291573	GO Process	GO:0048808	Male genitalia morphogenesis
bsk	7227.FBpp0291573	GO Process	GO:0048812	Neuron projection morphogenesis
bsk	7227.FBpp0291573	GO Process	GO:0048856	Anatomical structure development
bsk	7227.FBpp0291573	GO Process	GO:0048858	Cell projection morphogenesis
bsk	7227.FBpp0291573	GO Process	GO:0048869	Cellular developmental process
bsk	7227.FBpp0291573	GO Process	GO:0048870	Cell motility
bsk	7227.FBpp0291573	GO Process	GO:0050776	Regulation of immune response
bsk	7227.FBpp0291573	GO Process	GO:0050778	Positive regulation of immune response
bsk	7227.FBpp0291573	GO Process	GO:0050789	Regulation of biological process
bsk	7227.FBpp0291573	GO Process	GO:0050793	Regulation of developmental process
bsk	7227.FBpp0291573	GO Process	GO:0050794	Regulation of cellular process
bsk	7227.FBpp0291573	GO Process	GO:0050829	Defense response to Gram-negative bacterium
bsk	7227.FBpp0291573	GO Process	GO:0050877	Nervous system process
bsk	7227.FBpp0291573	GO Process	GO:0050890	Cognition
bsk	7227.FBpp0291573	GO Process	GO:0050896	Response to stimulus
bsk	7227.FBpp0291573	GO Process	GO:0051094	Positive regulation of developmental process
bsk	7227.FBpp0291573	GO Process	GO:0051179	Localization
bsk	7227.FBpp0291573	GO Process	GO:0051234	Establishment of localization
bsk	7227.FBpp0291573	GO Process	GO:0051239	Regulation of multicellular organismal process
bsk	7227.FBpp0291573	GO Process	GO:0051707	Response to other organism
bsk	7227.FBpp0291573	GO Process	GO:0051716	Cellular response to stimulus
bsk	7227.FBpp0291573	GO Process	GO:0055123	Digestive system development
bsk	7227.FBpp0291573	GO Process	GO:0060255	Regulation of macromolecule metabolic process
bsk	7227.FBpp0291573	GO Process	GO:0060284	Regulation of cell development
bsk	7227.FBpp0291573	GO Process	GO:0060322	Head development
bsk	7227.FBpp0291573	GO Process	GO:0060429	Epithelium development
bsk	7227.FBpp0291573	GO Process	GO:0060560	Developmental growth involved in morphogenesis
bsk	7227.FBpp0291573	GO Process	GO:0060972	Left/right pattern formation
bsk	7227.FBpp0291573	GO Process	GO:0061024	Membrane organization
bsk	7227.FBpp0291573	GO Process	GO:0061041	Regulation of wound healing
bsk	7227.FBpp0291573	GO Process	GO:0061057	Peptidoglycan recognition protein signaling pathway
bsk	7227.FBpp0291573	GO Process	GO:0061458	Reproductive system development
bsk	7227.FBpp0291573	GO Process	GO:0061564	Axon development
bsk	7227.FBpp0291573	GO Process	GO:0062197	Cellular response to chemical stress
bsk	7227.FBpp0291573	GO Process	GO:0065007	Biological regulation
bsk	7227.FBpp0291573	GO Process	GO:0065008	Regulation of biological quality
bsk	7227.FBpp0291573	GO Process	GO:0070887	Cellular response to chemical stimulus
bsk	7227.FBpp0291573	GO Process	GO:0071243	Cellular response to arsenic-containing substance
bsk	7227.FBpp0291573	GO Process	GO:0071248	Cellular response to metal ion
bsk	7227.FBpp0291573	GO Process	GO:0071276	Cellular response to cadmium ion
bsk	7227.FBpp0291573	GO Process	GO:0071345	Cellular response to cytokine stimulus
bsk	7227.FBpp0291573	GO Process	GO:0071356	Cellular response to tumor necrosis factor
bsk	7227.FBpp0291573	GO Process	GO:0071840	Cellular component organization or biogenesis
bsk	7227.FBpp0291573	GO Process	GO:0071907	Determination of digestive tract left/right asymmetry
bsk	7227.FBpp0291573	GO Process	GO:0071963	Establishment or maintenance of cell polarity regulating cell shape
bsk	7227.FBpp0291573	GO Process	GO:0080134	Regulation of response to stress
bsk	7227.FBpp0291573	GO Process	GO:0080135	Regulation of cellular response to stress
bsk	7227.FBpp0291573	GO Process	GO:0090504	Epiboly
bsk	7227.FBpp0291573	GO Process	GO:0090505	Epiboly involved in wound healing
bsk	7227.FBpp0291573	GO Process	GO:0090598	Male anatomical structure morphogenesis
bsk	7227.FBpp0291573	GO Process	GO:0097485	Neuron projection guidance
bsk	7227.FBpp0291573	GO Process	GO:0098542	Defense response to other organism
bsk	7227.FBpp0291573	GO Process	GO:0098657	Import into cell
bsk	7227.FBpp0291573	GO Process	GO:0099024	Plasma membrane invagination
bsk	7227.FBpp0291573	GO Process	GO:0120036	Plasma membrane bounded cell projection organization
bsk	7227.FBpp0291573	GO Process	GO:0120039	Plasma membrane bounded cell projection morphogenesis
bsk	7227.FBpp0291573	GO Process	GO:0140255	Regulation of cellular response to phosphate starvation
bsk	7227.FBpp0291573	GO Process	GO:0140546	Defense response to symbiont
bsk	7227.FBpp0291573	GO Process	GO:0141124	Intracellular signaling cassette
bsk	7227.FBpp0291573	GO Process	GO:1901652	Response to peptide
bsk	7227.FBpp0291573	GO Process	GO:1901700	Response to oxygen-containing compound
bsk	7227.FBpp0291573	GO Process	GO:1901701	Cellular response to oxygen-containing compound
bsk	7227.FBpp0291573	GO Process	GO:1903034	Regulation of response to wounding
bsk	7227.FBpp0291573	GO Process	GO:1903429	Regulation of cell maturation
bsk	7227.FBpp0291573	GO Process	GO:1903431	Positive regulation of cell maturation
bsk	7227.FBpp0291573	GO Process	GO:1903684	Regulation of border follicle cell migration
bsk	7227.FBpp0291573	GO Process	GO:1903688	Positive regulation of border follicle cell migration
bsk	7227.FBpp0291573	GO Process	GO:1903689	Regulation of wound healing, spreading of epidermal cells
bsk	7227.FBpp0291573	GO Process	GO:1904799	Regulation of neuron remodeling
bsk	7227.FBpp0291573	GO Process	GO:1904801	Positive regulation of neuron remodeling
bsk	7227.FBpp0291573	GO Process	GO:1990138	Neuron projection extension
bsk	7227.FBpp0291573	GO Process	GO:2000145	Regulation of cell motility
bsk	7227.FBpp0291573	GO Process	GO:2000147	Positive regulation of cell motility
bsk	7227.FBpp0291573	GO Function	GO:0000166	Nucleotide binding
bsk	7227.FBpp0291573	GO Function	GO:0003824	Catalytic activity
bsk	7227.FBpp0291573	GO Function	GO:0004672	Protein kinase activity
bsk	7227.FBpp0291573	GO Function	GO:0004674	Protein serine/threonine kinase activity
bsk	7227.FBpp0291573	GO Function	GO:0004707	MAP kinase activity
bsk	7227.FBpp0291573	GO Function	GO:0005488	Binding
bsk	7227.FBpp0291573	GO Function	GO:0005515	Protein binding
bsk	7227.FBpp0291573	GO Function	GO:0005524	ATP binding
bsk	7227.FBpp0291573	GO Function	GO:0016301	Kinase activity
bsk	7227.FBpp0291573	GO Function	GO:0016740	Transferase activity
bsk	7227.FBpp0291573	GO Function	GO:0016772	Transferase activity, transferring phosphorus-containing groups
bsk	7227.FBpp0291573	GO Function	GO:0016773	Phosphotransferase activity, alcohol group as acceptor
bsk	7227.FBpp0291573	GO Function	GO:0017076	Purine nucleotide binding
bsk	7227.FBpp0291573	GO Function	GO:0030554	Adenyl nucleotide binding
bsk	7227.FBpp0291573	GO Function	GO:0032553	Ribonucleotide binding
bsk	7227.FBpp0291573	GO Function	GO:0032555	Purine ribonucleotide binding
bsk	7227.FBpp0291573	GO Function	GO:0032559	Adenyl ribonucleotide binding
bsk	7227.FBpp0291573	GO Function	GO:0035639	Purine ribonucleoside triphosphate binding
bsk	7227.FBpp0291573	GO Function	GO:0036094	Small molecule binding
bsk	7227.FBpp0291573	GO Function	GO:0043167	Ion binding
bsk	7227.FBpp0291573	GO Function	GO:0043168	Anion binding
bsk	7227.FBpp0291573	GO Function	GO:0097367	Carbohydrate derivative binding
bsk	7227.FBpp0291573	GO Function	GO:0106310	Protein serine kinase activity
bsk	7227.FBpp0291573	GO Function	GO:0140096	Catalytic activity, acting on a protein
bsk	7227.FBpp0291573	GO Function	GO:1901265	Nucleoside phosphate binding
bsk	7227.FBpp0291573	GO Function	GO:1901363	Heterocyclic compound binding
bsk	7227.FBpp0291573	GO Component	GO:0005622	Intracellular anatomical structure
bsk	7227.FBpp0291573	GO Component	GO:0005634	Nucleus
bsk	7227.FBpp0291573	GO Component	GO:0005654	Nucleoplasm
bsk	7227.FBpp0291573	GO Component	GO:0005737	Cytoplasm
bsk	7227.FBpp0291573	GO Component	GO:0005829	Cytosol
bsk	7227.FBpp0291573	GO Component	GO:0030424	Axon
bsk	7227.FBpp0291573	GO Component	GO:0030425	Dendrite
bsk	7227.FBpp0291573	GO Component	GO:0031974	Membrane-enclosed lumen
bsk	7227.FBpp0291573	GO Component	GO:0031981	Nuclear lumen
bsk	7227.FBpp0291573	GO Component	GO:0036477	Somatodendritic compartment
bsk	7227.FBpp0291573	GO Component	GO:0042995	Cell projection
bsk	7227.FBpp0291573	GO Component	GO:0043005	Neuron projection
bsk	7227.FBpp0291573	GO Component	GO:0043226	Organelle
bsk	7227.FBpp0291573	GO Component	GO:0043227	Membrane-bounded organelle
bsk	7227.FBpp0291573	GO Component	GO:0043229	Intracellular organelle
bsk	7227.FBpp0291573	GO Component	GO:0043231	Intracellular membrane-bounded organelle
bsk	7227.FBpp0291573	GO Component	GO:0043233	Organelle lumen
bsk	7227.FBpp0291573	GO Component	GO:0070013	Intracellular organelle lumen
bsk	7227.FBpp0291573	GO Component	GO:0097447	Dendritic tree
bsk	7227.FBpp0291573	GO Component	GO:0110165	Cellular anatomical structure
bsk	7227.FBpp0291573	GO Component	GO:0120025	Plasma membrane bounded cell projection
bsk	7227.FBpp0291573	STRING clusters	CL:11137	Mixed, incl. MAPK signaling pathway - fly, and Cell surface receptor protein tyrosine kinase signaling pathway
bsk	7227.FBpp0291573	STRING clusters	CL:11138	Mixed, incl. Cell surface receptor protein tyrosine kinase signaling pathway, and MAPK signaling pathway - fly
bsk	7227.FBpp0291573	STRING clusters	CL:11280	Mixed, incl. Cytokine-mediated signaling pathway, and MAPK cascade
bsk	7227.FBpp0291573	STRING clusters	CL:11282	MAPK cascade, and Response to tumor necrosis factor
bsk	7227.FBpp0291573	STRING clusters	CL:11283	Mixed, incl. Response to tumor necrosis factor, and p38MAPK events
bsk	7227.FBpp0291573	STRING clusters	CL:11285	Response to tumor necrosis factor, and JUN kinase phosphatase activity
bsk	7227.FBpp0291573	STRING clusters	CL:11287	Chorion micropyle formation, and JUN kinase kinase kinase activity
bsk	7227.FBpp0291573	KEGG	dme04013	MAPK signaling pathway - fly
bsk	7227.FBpp0291573	KEGG	dme04068	FoxO signaling pathway
bsk	7227.FBpp0291573	KEGG	dme04137	Mitophagy - animal
bsk	7227.FBpp0291573	KEGG	dme04140	Autophagy - animal
bsk	7227.FBpp0291573	KEGG	dme04141	Protein processing in endoplasmic reticulum
bsk	7227.FBpp0291573	KEGG	dme04214	Apoptosis - fly
bsk	7227.FBpp0291573	KEGG	dme04215	Apoptosis - multiple species
bsk	7227.FBpp0291573	KEGG	dme04310	Wnt signaling pathway
bsk	7227.FBpp0291573	KEGG	dme04391	Hippo signaling pathway - fly
bsk	7227.FBpp0291573	KEGG	dme04620	Toll-like receptor signaling pathway
bsk	7227.FBpp0291573	KEGG	dme04624	Toll and Imd signaling pathway
bsk	7227.FBpp0291573	Reactome	DME-1280215	Cytokine Signaling in Immune system
bsk	7227.FBpp0291573	Reactome	DME-162582	Signal Transduction
bsk	7227.FBpp0291573	Reactome	DME-166016	Toll Like Receptor 4 (TLR4) Cascade
bsk	7227.FBpp0291573	Reactome	DME-166058	MyD88:MAL(TIRAP) cascade initiated on plasma membrane
bsk	7227.FBpp0291573	Reactome	DME-166166	MyD88-independent TLR4 cascade
bsk	7227.FBpp0291573	Reactome	DME-168138	Toll Like Receptor 9 (TLR9) Cascade
bsk	7227.FBpp0291573	Reactome	DME-168142	Toll Like Receptor 10 (TLR10) Cascade
bsk	7227.FBpp0291573	Reactome	DME-168164	Toll Like Receptor 3 (TLR3) Cascade
bsk	7227.FBpp0291573	Reactome	DME-168176	Toll Like Receptor 5 (TLR5) Cascade
bsk	7227.FBpp0291573	Reactome	DME-168179	Toll Like Receptor TLR1:TLR2 Cascade
bsk	7227.FBpp0291573	Reactome	DME-168181	Toll Like Receptor 7/8 (TLR7/8) Cascade
bsk	7227.FBpp0291573	Reactome	DME-168188	Toll Like Receptor TLR6:TLR2 Cascade
bsk	7227.FBpp0291573	Reactome	DME-168249	Innate Immune System
bsk	7227.FBpp0291573	Reactome	DME-168256	Immune System
bsk	7227.FBpp0291573	Reactome	DME-168898	Toll-like Receptor Cascades
bsk	7227.FBpp0291573	Reactome	DME-181438	Toll Like Receptor 2 (TLR2) Cascade
bsk	7227.FBpp0291573	Reactome	DME-193648	NRAGE signals death through JNK
bsk	7227.FBpp0291573	Reactome	DME-193704	p75 NTR receptor-mediated signalling
bsk	7227.FBpp0291573	Reactome	DME-204998	Cell death signalling via NRAGE, NRIF and NADE
bsk	7227.FBpp0291573	Reactome	DME-209397	Formation of the cytosolic BSK scaffolding complex
bsk	7227.FBpp0291573	Reactome	DME-209409	Formation of the nuclear AP-1 transcription factor scaffolding complex
bsk	7227.FBpp0291573	Reactome	DME-209425	Transcriptional activtion by AP-1 transcription factor
bsk	7227.FBpp0291573	Reactome	DME-209459	Imd pathway
bsk	7227.FBpp0291573	Reactome	DME-2262752	Cellular responses to stress
bsk	7227.FBpp0291573	Reactome	DME-2454202	Fc epsilon receptor (FCERI) signaling
bsk	7227.FBpp0291573	Reactome	DME-2559580	Oxidative Stress Induced Senescence
bsk	7227.FBpp0291573	Reactome	DME-2559583	Cellular Senescence
bsk	7227.FBpp0291573	Reactome	DME-2871796	FCERI mediated MAPK activation
bsk	7227.FBpp0291573	Reactome	DME-350431	Planar Cell Polarity pathway
bsk	7227.FBpp0291573	Reactome	DME-446652	Interleukin-1 family signaling
bsk	7227.FBpp0291573	Reactome	DME-448424	Interleukin-17 signaling
bsk	7227.FBpp0291573	Reactome	DME-449147	Signaling by Interleukins
bsk	7227.FBpp0291573	Reactome	DME-450282	MAPK targets/ Nuclear events mediated by MAP kinases
bsk	7227.FBpp0291573	Reactome	DME-450294	MAP kinase activation
bsk	7227.FBpp0291573	Reactome	DME-450321	JNK (c-Jun kinases) phosphorylation and  activation mediated by activated human TAK1
bsk	7227.FBpp0291573	Reactome	DME-450341	Activation of the AP-1 family of transcription factors
bsk	7227.FBpp0291573	Reactome	DME-450724	JNK signalling
bsk	7227.FBpp0291573	Reactome	DME-450736	Activation of Downstream Effectors
bsk	7227.FBpp0291573	Reactome	DME-5252538	Drosophila signaling pathways
bsk	7227.FBpp0291573	Reactome	DME-73887	Death Receptor Signaling
bsk	7227.FBpp0291573	Reactome	DME-8953897	Cellular responses to stimuli
bsk	7227.FBpp0291573	Reactome	DME-937061	TRIF (TICAM1)-mediated TLR4 signaling
bsk	7227.FBpp0291573	Reactome	DME-975138	TRAF6 mediated induction of NFkB and MAP kinases upon TLR7/8 or 9 activation
bsk	7227.FBpp0291573	Reactome	DME-975155	MyD88 dependent cascade initiated on endosome
bsk	7227.FBpp0291573	Reactome	DME-975871	MyD88 cascade initiated on plasma membrane
bsk	7227.FBpp0291573	WikiPathways	WP3830	Toll IMD JAK STAT pathways for immune response to pathogens
bsk	7227.FBpp0291573	COMPARTMENTS	GOCC:0005622	Intracellular anatomical structure
bsk	7227.FBpp0291573	COMPARTMENTS	GOCC:0005634	Nucleus
bsk	7227.FBpp0291573	COMPARTMENTS	GOCC:0005737	Cytoplasm
bsk	7227.FBpp0291573	COMPARTMENTS	GOCC:0005829	Cytosol
bsk	7227.FBpp0291573	COMPARTMENTS	GOCC:0030424	Axon
bsk	7227.FBpp0291573	COMPARTMENTS	GOCC:0030425	Dendrite
bsk	7227.FBpp0291573	COMPARTMENTS	GOCC:0036477	Somatodendritic compartment
bsk	7227.FBpp0291573	COMPARTMENTS	GOCC:0042995	Cell projection
bsk	7227.FBpp0291573	COMPARTMENTS	GOCC:0043005	Neuron projection
bsk	7227.FBpp0291573	COMPARTMENTS	GOCC:0043226	Organelle
bsk	7227.FBpp0291573	COMPARTMENTS	GOCC:0043227	Membrane-bounded organelle
bsk	7227.FBpp0291573	COMPARTMENTS	GOCC:0043229	Intracellular organelle
bsk	7227.FBpp0291573	COMPARTMENTS	GOCC:0043231	Intracellular membrane-bounded organelle
bsk	7227.FBpp0291573	COMPARTMENTS	GOCC:0097447	Dendritic tree
bsk	7227.FBpp0291573	COMPARTMENTS	GOCC:0110165	Cellular anatomical structure
bsk	7227.FBpp0291573	COMPARTMENTS	GOCC:0120025	Plasma membrane bounded cell projection
bsk	7227.FBpp0291573	Monarch	FBcv:0000349	Viable
bsk	7227.FBpp0291573	Monarch	FBcv:0000351	Lethal
bsk	7227.FBpp0291573	Monarch	FBcv:0000354	Visible
bsk	7227.FBpp0291573	Monarch	FBcv:0000357	Abnormal size
bsk	7227.FBpp0291573	Monarch	FBcv:0000359	Decreased cell number
bsk	7227.FBpp0291573	Monarch	FBcv:0000360	Decreased cell size
bsk	7227.FBpp0291573	Monarch	FBcv:0000365	Semi-sterile
bsk	7227.FBpp0291573	Monarch	FBcv:0000367	Female semi-sterile
bsk	7227.FBpp0291573	Monarch	FBcv:0000374	Fertile
bsk	7227.FBpp0291573	Monarch	FBcv:0000385	Short lived
bsk	7227.FBpp0291573	Monarch	FBcv:0000386	Long lived
bsk	7227.FBpp0291573	Monarch	FBcv:0000424	Abnormal cell death
bsk	7227.FBpp0291573	Monarch	FBcv:0000425	Increased cell death
bsk	7227.FBpp0291573	Monarch	FBcv:0000427	Abnormal cell growth
bsk	7227.FBpp0291573	Monarch	FBcv:0000428	Abnormal cell size
bsk	7227.FBpp0291573	Monarch	FBcv:0000434	Abnormal neurophysiology
bsk	7227.FBpp0291573	Monarch	FBcv:0000435	Abnormal neuroanatomy
bsk	7227.FBpp0291573	Monarch	FBcv:0000439	Chemical resistant
bsk	7227.FBpp0291573	Monarch	FBcv:0000440	Chemical sensitive
bsk	7227.FBpp0291573	Monarch	FBcv:0000449	Abnormal planar polarity
bsk	7227.FBpp0291573	Monarch	FBcv:0000709	Abnormal cell number
bsk	7227.FBpp0291573	Monarch	FBcv:0000718	Decreased cell growth rate
bsk	7227.FBpp0291573	Monarch	FBcv:0002000	Lethal - all die before end of P-stage
bsk	7227.FBpp0291573	Monarch	FBcv:0002001	Lethal - all die before end of first instar larval stage
bsk	7227.FBpp0291573	Monarch	FBcv:0002002	Lethal - all die before end of larval stage
bsk	7227.FBpp0291573	Monarch	FBcv:0002003	Lethal - all die before end of second instar larval stage
bsk	7227.FBpp0291573	Monarch	FBcv:0002004	Increased mortality
bsk	7227.FBpp0291573	Monarch	FBcv:0002019	Increased mortality during development
bsk	7227.FBpp0291573	Monarch	FBcv:0002026	Lethal - all die before end of prepupal stage
bsk	7227.FBpp0291573	Monarch	FBcv:0002027	Lethal - all die before end of pupal stage
bsk	7227.FBpp0291573	Monarch	FBcv:0002033	Lethal - all die during embryonic stage
bsk	7227.FBpp0291573	Monarch	FBcv:0002037	Majority die during embryonic stage
bsk	7227.FBpp0291573	Monarch	FBcv:0002041	Some die during embryonic stage
bsk	7227.FBpp0291573	UniProt Keywords	KW-0067	ATP-binding
bsk	7227.FBpp0291573	UniProt Keywords	KW-0217	Developmental protein
bsk	7227.FBpp0291573	UniProt Keywords	KW-0418	Kinase
bsk	7227.FBpp0291573	UniProt Keywords	KW-0539	Nucleus
bsk	7227.FBpp0291573	UniProt Keywords	KW-0547	Nucleotide-binding
bsk	7227.FBpp0291573	UniProt Keywords	KW-0597	Phosphoprotein
bsk	7227.FBpp0291573	UniProt Keywords	KW-0723	Serine/threonine-protein kinase
bsk	7227.FBpp0291573	UniProt Keywords	KW-0808	Transferase
bsk	7227.FBpp0291573	UniProt Keywords	KW-0963	Cytoplasm
bsk	7227.FBpp0291573	InterPro	IPR000719	Protein kinase domain
bsk	7227.FBpp0291573	InterPro	IPR003527	Mitogen-activated protein (MAP) kinase, conserved site
bsk	7227.FBpp0291573	InterPro	IPR008271	Serine/threonine-protein kinase, active site
bsk	7227.FBpp0291573	InterPro	IPR011009	Protein kinase-like domain superfamily
bsk	7227.FBpp0291573	InterPro	IPR050117	Mitogen-activated protein (MAP) kinase
bsk	7227.FBpp0291573	SMART	SM00220	Serine/Threonine protein kinases, catalytic domain
dmrt99B	7227.FBpp0084820	GO Process	GO:0003006	Developmental process involved in reproduction
dmrt99B	7227.FBpp0084820	GO Process	GO:0006355	Regulation of DNA-templated transcription
dmrt99B	7227.FBpp0084820	GO Process	GO:0006357	Regulation of transcription by RNA polymerase II
dmrt99B	7227.FBpp0084820	GO Process	GO:0007548	Sex differentiation
dmrt99B	7227.FBpp0084820	GO Process	GO:0009889	Regulation of biosynthetic process
dmrt99B	7227.FBpp0084820	GO Process	GO:0009891	Positive regulation of biosynthetic process
dmrt99B	7227.FBpp0084820	GO Process	GO:0009893	Positive regulation of metabolic process
dmrt99B	7227.FBpp0084820	GO Process	GO:0010468	Regulation of gene expression
dmrt99B	7227.FBpp0084820	GO Process	GO:0010556	Regulation of macromolecule biosynthetic process
dmrt99B	7227.FBpp0084820	GO Process	GO:0010557	Positive regulation of macromolecule biosynthetic process
dmrt99B	7227.FBpp0084820	GO Process	GO:0010604	Positive regulation of macromolecule metabolic process
dmrt99B	7227.FBpp0084820	GO Process	GO:0019219	Regulation of nucleobase-containing compound metabolic process
dmrt99B	7227.FBpp0084820	GO Process	GO:0019222	Regulation of metabolic process
dmrt99B	7227.FBpp0084820	GO Process	GO:0022414	Reproductive process
dmrt99B	7227.FBpp0084820	GO Process	GO:0032502	Developmental process
dmrt99B	7227.FBpp0084820	GO Process	GO:0045893	Positive regulation of DNA-templated transcription
dmrt99B	7227.FBpp0084820	GO Process	GO:0045935	Positive regulation of nucleobase-containing compound metabolic process
dmrt99B	7227.FBpp0084820	GO Process	GO:0045944	Positive regulation of transcription by RNA polymerase II
dmrt99B	7227.FBpp0084820	GO Process	GO:0048518	Positive regulation of biological process
dmrt99B	7227.FBpp0084820	GO Process	GO:0048522	Positive regulation of cellular process
dmrt99B	7227.FBpp0084820	GO Process	GO:0050789	Regulation of biological process
dmrt99B	7227.FBpp0084820	GO Process	GO:0050794	Regulation of cellular process
dmrt99B	7227.FBpp0084820	GO Process	GO:0051252	Regulation of RNA metabolic process
dmrt99B	7227.FBpp0084820	GO Process	GO:0051254	Positive regulation of RNA metabolic process
dmrt99B	7227.FBpp0084820	GO Process	GO:0060255	Regulation of macromolecule metabolic process
dmrt99B	7227.FBpp0084820	GO Process	GO:0065007	Biological regulation
dmrt99B	7227.FBpp0084820	GO Process	GO:0080090	Regulation of primary metabolic process
dmrt99B	7227.FBpp0084820	GO Process	GO:1902680	Positive regulation of RNA biosynthetic process
dmrt99B	7227.FBpp0084820	GO Process	GO:2001141	Regulation of RNA biosynthetic process
dmrt99B	7227.FBpp0084820	GO Function	GO:0000976	Transcription cis-regulatory region binding
dmrt99B	7227.FBpp0084820	GO Function	GO:0000977	RNA polymerase II transcription regulatory region sequence-specific DNA binding
dmrt99B	7227.FBpp0084820	GO Function	GO:0000978	RNA polymerase II cis-regulatory region sequence-specific DNA binding
dmrt99B	7227.FBpp0084820	GO Function	GO:0000981	DNA-binding transcription factor activity, RNA polymerase II-specific
dmrt99B	7227.FBpp0084820	GO Function	GO:0000987	Cis-regulatory region sequence-specific DNA binding
dmrt99B	7227.FBpp0084820	GO Function	GO:0001067	Transcription regulatory region nucleic acid binding
dmrt99B	7227.FBpp0084820	GO Function	GO:0001216	DNA-binding transcription activator activity
dmrt99B	7227.FBpp0084820	GO Function	GO:0001228	DNA-binding transcription activator activity, RNA polymerase II-specific
dmrt99B	7227.FBpp0084820	GO Function	GO:0003676	Nucleic acid binding
dmrt99B	7227.FBpp0084820	GO Function	GO:0003677	DNA binding
dmrt99B	7227.FBpp0084820	GO Function	GO:0003690	Double-stranded DNA binding
dmrt99B	7227.FBpp0084820	GO Function	GO:0003700	DNA-binding transcription factor activity
dmrt99B	7227.FBpp0084820	GO Function	GO:0005488	Binding
dmrt99B	7227.FBpp0084820	GO Function	GO:0036094	Small molecule binding
dmrt99B	7227.FBpp0084820	GO Function	GO:0043167	Ion binding
dmrt99B	7227.FBpp0084820	GO Function	GO:0043169	Cation binding
dmrt99B	7227.FBpp0084820	GO Function	GO:0043565	Sequence-specific DNA binding
dmrt99B	7227.FBpp0084820	GO Function	GO:0046872	Metal ion binding
dmrt99B	7227.FBpp0084820	GO Function	GO:0140110	Transcription regulator activity
dmrt99B	7227.FBpp0084820	GO Function	GO:1990837	Sequence-specific double-stranded DNA binding
dmrt99B	7227.FBpp0084820	GO Component	GO:0005622	Intracellular anatomical structure
dmrt99B	7227.FBpp0084820	GO Component	GO:0005634	Nucleus
dmrt99B	7227.FBpp0084820	GO Component	GO:0043226	Organelle
dmrt99B	7227.FBpp0084820	GO Component	GO:0043227	Membrane-bounded organelle
dmrt99B	7227.FBpp0084820	GO Component	GO:0043229	Intracellular organelle
dmrt99B	7227.FBpp0084820	GO Component	GO:0043231	Intracellular membrane-bounded organelle
dmrt99B	7227.FBpp0084820	GO Component	GO:0110165	Cellular anatomical structure
dmrt99B	7227.FBpp0084820	STRING clusters	CL:10440	Mostly uncharacterized, incl. Protein of unknown function DUF1091, and Alkaline-phosphatase-like, core domain superfamily
dmrt99B	7227.FBpp0084820	STRING clusters	CL:10441	Mostly uncharacterized, incl. Protein of unknown function DUF1091, and Alkaline-phosphatase-like, core domain superfamily
dmrt99B	7227.FBpp0084820	STRING clusters	CL:10442	Mostly uncharacterized, incl. Protein of unknown function DUF1091, and Alkaline-phosphatase-like, core domain superfamily
dmrt99B	7227.FBpp0084820	STRING clusters	CL:10444	Mostly uncharacterized, incl. Protein of unknown function DUF1091, and Alkaline-phosphatase-like, core domain superfamily
dmrt99B	7227.FBpp0084820	UniProt Keywords	KW-0238	DNA-binding
dmrt99B	7227.FBpp0084820	UniProt Keywords	KW-0479	Metal-binding
dmrt99B	7227.FBpp0084820	UniProt Keywords	KW-0539	Nucleus
dmrt99B	7227.FBpp0084820	UniProt Keywords	KW-0862	Zinc
dmrt99B	7227.FBpp0084820	Pfam	PF03474	DMRTA motif
dmrt99B	7227.FBpp0084820	InterPro	IPR001275	DM DNA-binding domain
dmrt99B	7227.FBpp0084820	InterPro	IPR005173	DMRTA motif
dmrt99B	7227.FBpp0084820	InterPro	IPR009060	UBA-like superfamily
dmrt99B	7227.FBpp0084820	InterPro	IPR026607	DMRT family
dmrt99B	7227.FBpp0084820	InterPro	IPR036407	DM DNA-binding domain superfamily
dmrt99B	7227.FBpp0084820	SMART	SM00301	Doublesex DNA-binding motif
dpp	7227.FBpp0077453	GO Process	GO:0000578	Embryonic axis specification
dpp	7227.FBpp0077453	GO Process	GO:0001654	Eye development
dpp	7227.FBpp0077453	GO Process	GO:0001667	Ameboidal-type cell migration
dpp	7227.FBpp0077453	GO Process	GO:0001700	Embryonic development via the syncytial blastoderm
dpp	7227.FBpp0077453	GO Process	GO:0001703	Gastrulation with mouth forming first
dpp	7227.FBpp0077453	GO Process	GO:0001704	Formation of primary germ layer
dpp	7227.FBpp0077453	GO Process	GO:0001705	Ectoderm formation
dpp	7227.FBpp0077453	GO Process	GO:0001708	Cell fate specification
dpp	7227.FBpp0077453	GO Process	GO:0001712	Ectodermal cell fate commitment
dpp	7227.FBpp0077453	GO Process	GO:0001745	Compound eye morphogenesis
dpp	7227.FBpp0077453	GO Process	GO:0001751	Compound eye photoreceptor cell differentiation
dpp	7227.FBpp0077453	GO Process	GO:0001752	Compound eye photoreceptor fate commitment
dpp	7227.FBpp0077453	GO Process	GO:0001754	Eye photoreceptor cell differentiation
dpp	7227.FBpp0077453	GO Process	GO:0002009	Morphogenesis of an epithelium
dpp	7227.FBpp0077453	GO Process	GO:0002064	Epithelial cell development
dpp	7227.FBpp0077453	GO Process	GO:0002164	Larval development
dpp	7227.FBpp0077453	GO Process	GO:0002165	Instar larval or pupal development
dpp	7227.FBpp0077453	GO Process	GO:0002376	Immune system process
dpp	7227.FBpp0077453	GO Process	GO:0002520	Immune system development
dpp	7227.FBpp0077453	GO Process	GO:0003002	Regionalization
dpp	7227.FBpp0077453	GO Process	GO:0003006	Developmental process involved in reproduction
dpp	7227.FBpp0077453	GO Process	GO:0006935	Chemotaxis
dpp	7227.FBpp0077453	GO Process	GO:0006996	Organelle organization
dpp	7227.FBpp0077453	GO Process	GO:0007154	Cell communication
dpp	7227.FBpp0077453	GO Process	GO:0007165	Signal transduction
dpp	7227.FBpp0077453	GO Process	GO:0007166	Cell surface receptor signaling pathway
dpp	7227.FBpp0077453	GO Process	GO:0007167	Enzyme-linked receptor protein signaling pathway
dpp	7227.FBpp0077453	GO Process	GO:0007178	Cell surface receptor protein serine/threonine kinase signaling pathway
dpp	7227.FBpp0077453	GO Process	GO:0007275	Multicellular organism development
dpp	7227.FBpp0077453	GO Process	GO:0007276	Gamete generation
dpp	7227.FBpp0077453	GO Process	GO:0007281	Germ cell development
dpp	7227.FBpp0077453	GO Process	GO:0007292	Female gamete generation
dpp	7227.FBpp0077453	GO Process	GO:0007304	Chorion-containing eggshell formation
dpp	7227.FBpp0077453	GO Process	GO:0007306	Egg chorion assembly
dpp	7227.FBpp0077453	GO Process	GO:0007308	Oocyte construction
dpp	7227.FBpp0077453	GO Process	GO:0007309	Oocyte axis specification
dpp	7227.FBpp0077453	GO Process	GO:0007310	Oocyte dorsal/ventral axis specification
dpp	7227.FBpp0077453	GO Process	GO:0007313	Maternal specification of dorsal/ventral axis, oocyte, soma encoded
dpp	7227.FBpp0077453	GO Process	GO:0007352	Zygotic specification of dorsal/ventral axis
dpp	7227.FBpp0077453	GO Process	GO:0007369	Gastrulation
dpp	7227.FBpp0077453	GO Process	GO:0007378	Amnioserosa formation
dpp	7227.FBpp0077453	GO Process	GO:0007389	Pattern specification process
dpp	7227.FBpp0077453	GO Process	GO:0007391	Dorsal closure
dpp	7227.FBpp0077453	GO Process	GO:0007398	Ectoderm development
dpp	7227.FBpp0077453	GO Process	GO:0007399	Nervous system development
dpp	7227.FBpp0077453	GO Process	GO:0007423	Sensory organ development
dpp	7227.FBpp0077453	GO Process	GO:0007424	Open tracheal system development
dpp	7227.FBpp0077453	GO Process	GO:0007427	Epithelial cell migration, open tracheal system
dpp	7227.FBpp0077453	GO Process	GO:0007442	Hindgut morphogenesis
dpp	7227.FBpp0077453	GO Process	GO:0007443	Malpighian tubule morphogenesis
dpp	7227.FBpp0077453	GO Process	GO:0007444	Imaginal disc development
dpp	7227.FBpp0077453	GO Process	GO:0007447	Imaginal disc pattern formation
dpp	7227.FBpp0077453	GO Process	GO:0007448	Anterior/posterior pattern specification, imaginal disc
dpp	7227.FBpp0077453	GO Process	GO:0007455	Eye-antennal disc morphogenesis
dpp	7227.FBpp0077453	GO Process	GO:0007458	Progression of morphogenetic furrow involved in compound eye morphogenesis
dpp	7227.FBpp0077453	GO Process	GO:0007460	R8 cell fate commitment
dpp	7227.FBpp0077453	GO Process	GO:0007472	Wing disc morphogenesis
dpp	7227.FBpp0077453	GO Process	GO:0007474	Imaginal disc-derived wing vein specification
dpp	7227.FBpp0077453	GO Process	GO:0007476	Imaginal disc-derived wing morphogenesis
dpp	7227.FBpp0077453	GO Process	GO:0007498	Mesoderm development
dpp	7227.FBpp0077453	GO Process	GO:0007507	Heart development
dpp	7227.FBpp0077453	GO Process	GO:0007516	Hemocyte development
dpp	7227.FBpp0077453	GO Process	GO:0007548	Sex differentiation
dpp	7227.FBpp0077453	GO Process	GO:0007552	Metamorphosis
dpp	7227.FBpp0077453	GO Process	GO:0007560	Imaginal disc morphogenesis
dpp	7227.FBpp0077453	GO Process	GO:0008354	Germ cell migration
dpp	7227.FBpp0077453	GO Process	GO:0008360	Regulation of cell shape
dpp	7227.FBpp0077453	GO Process	GO:0008586	Imaginal disc-derived wing vein morphogenesis
dpp	7227.FBpp0077453	GO Process	GO:0009605	Response to external stimulus
dpp	7227.FBpp0077453	GO Process	GO:0009653	Anatomical structure morphogenesis
dpp	7227.FBpp0077453	GO Process	GO:0009719	Response to endogenous stimulus
dpp	7227.FBpp0077453	GO Process	GO:0009790	Embryo development
dpp	7227.FBpp0077453	GO Process	GO:0009791	Post-embryonic development
dpp	7227.FBpp0077453	GO Process	GO:0009792	Embryo development ending in birth or egg hatching
dpp	7227.FBpp0077453	GO Process	GO:0009798	Axis specification
dpp	7227.FBpp0077453	GO Process	GO:0009880	Embryonic pattern specification
dpp	7227.FBpp0077453	GO Process	GO:0009886	Post-embryonic animal morphogenesis
dpp	7227.FBpp0077453	GO Process	GO:0009887	Animal organ morphogenesis
dpp	7227.FBpp0077453	GO Process	GO:0009888	Tissue development
dpp	7227.FBpp0077453	GO Process	GO:0009889	Regulation of biosynthetic process
dpp	7227.FBpp0077453	GO Process	GO:0009890	Negative regulation of biosynthetic process
dpp	7227.FBpp0077453	GO Process	GO:0009891	Positive regulation of biosynthetic process
dpp	7227.FBpp0077453	GO Process	GO:0009892	Negative regulation of metabolic process
dpp	7227.FBpp0077453	GO Process	GO:0009893	Positive regulation of metabolic process
dpp	7227.FBpp0077453	GO Process	GO:0009950	Dorsal/ventral axis specification
dpp	7227.FBpp0077453	GO Process	GO:0009952	Anterior/posterior pattern specification
dpp	7227.FBpp0077453	GO Process	GO:0009953	Dorsal/ventral pattern formation
dpp	7227.FBpp0077453	GO Process	GO:0009966	Regulation of signal transduction
dpp	7227.FBpp0077453	GO Process	GO:0009967	Positive regulation of signal transduction
dpp	7227.FBpp0077453	GO Process	GO:0009987	Cellular process
dpp	7227.FBpp0077453	GO Process	GO:0009994	Oocyte differentiation
dpp	7227.FBpp0077453	GO Process	GO:0010002	Cardioblast differentiation
dpp	7227.FBpp0077453	GO Process	GO:0010004	Gastrulation involving germ band extension
dpp	7227.FBpp0077453	GO Process	GO:0010171	Body morphogenesis
dpp	7227.FBpp0077453	GO Process	GO:0010468	Regulation of gene expression
dpp	7227.FBpp0077453	GO Process	GO:0010556	Regulation of macromolecule biosynthetic process
dpp	7227.FBpp0077453	GO Process	GO:0010557	Positive regulation of macromolecule biosynthetic process
dpp	7227.FBpp0077453	GO Process	GO:0010558	Negative regulation of macromolecule biosynthetic process
dpp	7227.FBpp0077453	GO Process	GO:0010604	Positive regulation of macromolecule metabolic process
dpp	7227.FBpp0077453	GO Process	GO:0010605	Negative regulation of macromolecule metabolic process
dpp	7227.FBpp0077453	GO Process	GO:0010628	Positive regulation of gene expression
dpp	7227.FBpp0077453	GO Process	GO:0010629	Negative regulation of gene expression
dpp	7227.FBpp0077453	GO Process	GO:0010631	Epithelial cell migration
dpp	7227.FBpp0077453	GO Process	GO:0010646	Regulation of cell communication
dpp	7227.FBpp0077453	GO Process	GO:0010647	Positive regulation of cell communication
dpp	7227.FBpp0077453	GO Process	GO:0010668	Ectodermal cell differentiation
dpp	7227.FBpp0077453	GO Process	GO:0010927	Cellular component assembly involved in morphogenesis
dpp	7227.FBpp0077453	GO Process	GO:0016043	Cellular component organization
dpp	7227.FBpp0077453	GO Process	GO:0016331	Morphogenesis of embryonic epithelium
dpp	7227.FBpp0077453	GO Process	GO:0016477	Cell migration
dpp	7227.FBpp0077453	GO Process	GO:0017145	Stem cell division
dpp	7227.FBpp0077453	GO Process	GO:0019222	Regulation of metabolic process
dpp	7227.FBpp0077453	GO Process	GO:0019827	Stem cell population maintenance
dpp	7227.FBpp0077453	GO Process	GO:0019953	Sexual reproduction
dpp	7227.FBpp0077453	GO Process	GO:0021700	Developmental maturation
dpp	7227.FBpp0077453	GO Process	GO:0022008	Neurogenesis
dpp	7227.FBpp0077453	GO Process	GO:0022412	Cellular process involved in reproduction in multicellular organism
dpp	7227.FBpp0077453	GO Process	GO:0022414	Reproductive process
dpp	7227.FBpp0077453	GO Process	GO:0022603	Regulation of anatomical structure morphogenesis
dpp	7227.FBpp0077453	GO Process	GO:0022604	Regulation of cell morphogenesis
dpp	7227.FBpp0077453	GO Process	GO:0022607	Cellular component assembly
dpp	7227.FBpp0077453	GO Process	GO:0023051	Regulation of signaling
dpp	7227.FBpp0077453	GO Process	GO:0023052	Signaling
dpp	7227.FBpp0077453	GO Process	GO:0023056	Positive regulation of signaling
dpp	7227.FBpp0077453	GO Process	GO:0030097	Hemopoiesis
dpp	7227.FBpp0077453	GO Process	GO:0030154	Cell differentiation
dpp	7227.FBpp0077453	GO Process	GO:0030182	Neuron differentiation
dpp	7227.FBpp0077453	GO Process	GO:0030509	BMP signaling pathway
dpp	7227.FBpp0077453	GO Process	GO:0030703	Eggshell formation
dpp	7227.FBpp0077453	GO Process	GO:0030707	Follicle cell of egg chamber development
dpp	7227.FBpp0077453	GO Process	GO:0030718	Germ-line stem cell population maintenance
dpp	7227.FBpp0077453	GO Process	GO:0030721	Spectrosome organization
dpp	7227.FBpp0077453	GO Process	GO:0030855	Epithelial cell differentiation
dpp	7227.FBpp0077453	GO Process	GO:0032501	Multicellular organismal process
dpp	7227.FBpp0077453	GO Process	GO:0032502	Developmental process
dpp	7227.FBpp0077453	GO Process	GO:0032989	Cellular anatomical entity morphogenesis
dpp	7227.FBpp0077453	GO Process	GO:0035051	Cardiocyte differentiation
dpp	7227.FBpp0077453	GO Process	GO:0035107	Appendage morphogenesis
dpp	7227.FBpp0077453	GO Process	GO:0035114	Imaginal disc-derived appendage morphogenesis
dpp	7227.FBpp0077453	GO Process	GO:0035120	Post-embryonic appendage morphogenesis
dpp	7227.FBpp0077453	GO Process	GO:0035150	Regulation of tube size
dpp	7227.FBpp0077453	GO Process	GO:0035151	Regulation of tube size, open tracheal system
dpp	7227.FBpp0077453	GO Process	GO:0035152	Regulation of tube architecture, open tracheal system
dpp	7227.FBpp0077453	GO Process	GO:0035153	Epithelial cell type specification, open tracheal system
dpp	7227.FBpp0077453	GO Process	GO:0035156	Fusion cell fate specification
dpp	7227.FBpp0077453	GO Process	GO:0035158	Regulation of tube diameter, open tracheal system
dpp	7227.FBpp0077453	GO Process	GO:0035166	Post-embryonic hemopoiesis
dpp	7227.FBpp0077453	GO Process	GO:0035167	Larval lymph gland hemopoiesis
dpp	7227.FBpp0077453	GO Process	GO:0035168	Larval lymph gland hemocyte differentiation
dpp	7227.FBpp0077453	GO Process	GO:0035214	Eye-antennal disc development
dpp	7227.FBpp0077453	GO Process	GO:0035215	Genital disc development
dpp	7227.FBpp0077453	GO Process	GO:0035217	Labial disc development
dpp	7227.FBpp0077453	GO Process	GO:0035220	Wing disc development
dpp	7227.FBpp0077453	GO Process	GO:0035221	Genital disc pattern formation
dpp	7227.FBpp0077453	GO Process	GO:0035222	Wing disc pattern formation
dpp	7227.FBpp0077453	GO Process	GO:0035224	Genital disc anterior/posterior pattern formation
dpp	7227.FBpp0077453	GO Process	GO:0035239	Tube morphogenesis
dpp	7227.FBpp0077453	GO Process	GO:0035263	Genital disc sexually dimorphic development
dpp	7227.FBpp0077453	GO Process	GO:0035295	Tube development
dpp	7227.FBpp0077453	GO Process	GO:0035296	Regulation of tube diameter
dpp	7227.FBpp0077453	GO Process	GO:0035309	Wing and notum subfield formation
dpp	7227.FBpp0077453	GO Process	GO:0036098	Male germ-line stem cell population maintenance
dpp	7227.FBpp0077453	GO Process	GO:0036099	Female germ-line stem cell population maintenance
dpp	7227.FBpp0077453	GO Process	GO:0036335	Intestinal stem cell homeostasis
dpp	7227.FBpp0077453	GO Process	GO:0040008	Regulation of growth
dpp	7227.FBpp0077453	GO Process	GO:0040011	Locomotion
dpp	7227.FBpp0077453	GO Process	GO:0042078	Germ-line stem cell division
dpp	7227.FBpp0077453	GO Process	GO:0042221	Response to chemical
dpp	7227.FBpp0077453	GO Process	GO:0042330	Taxis
dpp	7227.FBpp0077453	GO Process	GO:0042386	Hemocyte differentiation
dpp	7227.FBpp0077453	GO Process	GO:0042592	Homeostatic process
dpp	7227.FBpp0077453	GO Process	GO:0042706	Eye photoreceptor cell fate commitment
dpp	7227.FBpp0077453	GO Process	GO:0043704	Photoreceptor cell fate specification
dpp	7227.FBpp0077453	GO Process	GO:0044085	Cellular component biogenesis
dpp	7227.FBpp0077453	GO Process	GO:0045165	Cell fate commitment
dpp	7227.FBpp0077453	GO Process	GO:0045229	External encapsulating structure organization
dpp	7227.FBpp0077453	GO Process	GO:0045464	R8 cell fate specification
dpp	7227.FBpp0077453	GO Process	GO:0045465	R8 cell differentiation
dpp	7227.FBpp0077453	GO Process	GO:0045570	Regulation of imaginal disc growth
dpp	7227.FBpp0077453	GO Process	GO:0045572	Positive regulation of imaginal disc growth
dpp	7227.FBpp0077453	GO Process	GO:0045595	Regulation of cell differentiation
dpp	7227.FBpp0077453	GO Process	GO:0045704	Regulation of salivary gland boundary specification
dpp	7227.FBpp0077453	GO Process	GO:0045705	Negative regulation of salivary gland boundary specification
dpp	7227.FBpp0077453	GO Process	GO:0045927	Positive regulation of growth
dpp	7227.FBpp0077453	GO Process	GO:0046528	Imaginal disc fusion
dpp	7227.FBpp0077453	GO Process	GO:0046529	Imaginal disc fusion, thorax closure
dpp	7227.FBpp0077453	GO Process	GO:0046530	Photoreceptor cell differentiation
dpp	7227.FBpp0077453	GO Process	GO:0046552	Photoreceptor cell fate commitment
dpp	7227.FBpp0077453	GO Process	GO:0046843	Dorsal appendage formation
dpp	7227.FBpp0077453	GO Process	GO:0048468	Cell development
dpp	7227.FBpp0077453	GO Process	GO:0048469	Cell maturation
dpp	7227.FBpp0077453	GO Process	GO:0048477	Oogenesis
dpp	7227.FBpp0077453	GO Process	GO:0048513	Animal organ development
dpp	7227.FBpp0077453	GO Process	GO:0048518	Positive regulation of biological process
dpp	7227.FBpp0077453	GO Process	GO:0048519	Negative regulation of biological process
dpp	7227.FBpp0077453	GO Process	GO:0048522	Positive regulation of cellular process
dpp	7227.FBpp0077453	GO Process	GO:0048523	Negative regulation of cellular process
dpp	7227.FBpp0077453	GO Process	GO:0048534	Hematopoietic or lymphoid organ development
dpp	7227.FBpp0077453	GO Process	GO:0048542	Lymph gland development
dpp	7227.FBpp0077453	GO Process	GO:0048546	Digestive tract morphogenesis
dpp	7227.FBpp0077453	GO Process	GO:0048565	Digestive tract development
dpp	7227.FBpp0077453	GO Process	GO:0048583	Regulation of response to stimulus
dpp	7227.FBpp0077453	GO Process	GO:0048584	Positive regulation of response to stimulus
dpp	7227.FBpp0077453	GO Process	GO:0048592	Eye morphogenesis
dpp	7227.FBpp0077453	GO Process	GO:0048598	Embryonic morphogenesis
dpp	7227.FBpp0077453	GO Process	GO:0048599	Oocyte development
dpp	7227.FBpp0077453	GO Process	GO:0048609	Multicellular organismal reproductive process
dpp	7227.FBpp0077453	GO Process	GO:0048619	Embryonic hindgut morphogenesis
dpp	7227.FBpp0077453	GO Process	GO:0048634	Regulation of muscle organ development
dpp	7227.FBpp0077453	GO Process	GO:0048636	Positive regulation of muscle organ development
dpp	7227.FBpp0077453	GO Process	GO:0048638	Regulation of developmental growth
dpp	7227.FBpp0077453	GO Process	GO:0048639	Positive regulation of developmental growth
dpp	7227.FBpp0077453	GO Process	GO:0048646	Anatomical structure formation involved in morphogenesis
dpp	7227.FBpp0077453	GO Process	GO:0048663	Neuron fate commitment
dpp	7227.FBpp0077453	GO Process	GO:0048665	Neuron fate specification
dpp	7227.FBpp0077453	GO Process	GO:0048699	Generation of neurons
dpp	7227.FBpp0077453	GO Process	GO:0048707	Instar larval or pupal morphogenesis
dpp	7227.FBpp0077453	GO Process	GO:0048729	Tissue morphogenesis
dpp	7227.FBpp0077453	GO Process	GO:0048731	System development
dpp	7227.FBpp0077453	GO Process	GO:0048732	Gland development
dpp	7227.FBpp0077453	GO Process	GO:0048736	Appendage development
dpp	7227.FBpp0077453	GO Process	GO:0048737	Imaginal disc-derived appendage development
dpp	7227.FBpp0077453	GO Process	GO:0048749	Compound eye development
dpp	7227.FBpp0077453	GO Process	GO:0048856	Anatomical structure development
dpp	7227.FBpp0077453	GO Process	GO:0048863	Stem cell differentiation
dpp	7227.FBpp0077453	GO Process	GO:0048869	Cellular developmental process
dpp	7227.FBpp0077453	GO Process	GO:0048870	Cell motility
dpp	7227.FBpp0077453	GO Process	GO:0048871	Multicellular organismal-level homeostasis
dpp	7227.FBpp0077453	GO Process	GO:0048872	Homeostasis of number of cells
dpp	7227.FBpp0077453	GO Process	GO:0048880	Sensory system development
dpp	7227.FBpp0077453	GO Process	GO:0050789	Regulation of biological process
dpp	7227.FBpp0077453	GO Process	GO:0050793	Regulation of developmental process
dpp	7227.FBpp0077453	GO Process	GO:0050794	Regulation of cellular process
dpp	7227.FBpp0077453	GO Process	GO:0050896	Response to stimulus
dpp	7227.FBpp0077453	GO Process	GO:0051093	Negative regulation of developmental process
dpp	7227.FBpp0077453	GO Process	GO:0051094	Positive regulation of developmental process
dpp	7227.FBpp0077453	GO Process	GO:0051239	Regulation of multicellular organismal process
dpp	7227.FBpp0077453	GO Process	GO:0051240	Positive regulation of multicellular organismal process
dpp	7227.FBpp0077453	GO Process	GO:0051241	Negative regulation of multicellular organismal process
dpp	7227.FBpp0077453	GO Process	GO:0051301	Cell division
dpp	7227.FBpp0077453	GO Process	GO:0051716	Cellular response to stimulus
dpp	7227.FBpp0077453	GO Process	GO:0055123	Digestive system development
dpp	7227.FBpp0077453	GO Process	GO:0060255	Regulation of macromolecule metabolic process
dpp	7227.FBpp0077453	GO Process	GO:0060322	Head development
dpp	7227.FBpp0077453	GO Process	GO:0060323	Head morphogenesis
dpp	7227.FBpp0077453	GO Process	GO:0060326	Cell chemotaxis
dpp	7227.FBpp0077453	GO Process	GO:0060390	Regulation of SMAD protein signal transduction
dpp	7227.FBpp0077453	GO Process	GO:0060391	Positive regulation of SMAD protein signal transduction
dpp	7227.FBpp0077453	GO Process	GO:0060429	Epithelium development
dpp	7227.FBpp0077453	GO Process	GO:0060541	Respiratory system development
dpp	7227.FBpp0077453	GO Process	GO:0060562	Epithelial tube morphogenesis
dpp	7227.FBpp0077453	GO Process	GO:0060795	Cell fate commitment involved in formation of primary germ layer
dpp	7227.FBpp0077453	GO Process	GO:0061318	Renal filtration cell differentiation
dpp	7227.FBpp0077453	GO Process	GO:0061319	Nephrocyte differentiation
dpp	7227.FBpp0077453	GO Process	GO:0061320	Pericardial nephrocyte differentiation
dpp	7227.FBpp0077453	GO Process	GO:0061326	Renal tubule development
dpp	7227.FBpp0077453	GO Process	GO:0061327	Anterior Malpighian tubule development
dpp	7227.FBpp0077453	GO Process	GO:0061333	Renal tubule morphogenesis
dpp	7227.FBpp0077453	GO Process	GO:0061525	Hindgut development
dpp	7227.FBpp0077453	GO Process	GO:0065007	Biological regulation
dpp	7227.FBpp0077453	GO Process	GO:0065008	Regulation of biological quality
dpp	7227.FBpp0077453	GO Process	GO:0070848	Response to growth factor
dpp	7227.FBpp0077453	GO Process	GO:0070887	Cellular response to chemical stimulus
dpp	7227.FBpp0077453	GO Process	GO:0071363	Cellular response to growth factor stimulus
dpp	7227.FBpp0077453	GO Process	GO:0071495	Cellular response to endogenous stimulus
dpp	7227.FBpp0077453	GO Process	GO:0071695	Anatomical structure maturation
dpp	7227.FBpp0077453	GO Process	GO:0071772	Response to BMP
dpp	7227.FBpp0077453	GO Process	GO:0071773	Cellular response to BMP stimulus
dpp	7227.FBpp0077453	GO Process	GO:0071840	Cellular component organization or biogenesis
dpp	7227.FBpp0077453	GO Process	GO:0072001	Renal system development
dpp	7227.FBpp0077453	GO Process	GO:0072002	Malpighian tubule development
dpp	7227.FBpp0077453	GO Process	GO:0072359	Circulatory system development
dpp	7227.FBpp0077453	GO Process	GO:0090066	Regulation of anatomical structure size
dpp	7227.FBpp0077453	GO Process	GO:0090092	Regulation of transmembrane receptor protein serine/threonine kinase signaling pathway
dpp	7227.FBpp0077453	GO Process	GO:0090100	Positive regulation of transmembrane receptor protein serine/threonine kinase signaling pathway
dpp	7227.FBpp0077453	GO Process	GO:0090130	Tissue migration
dpp	7227.FBpp0077453	GO Process	GO:0090132	Epithelium migration
dpp	7227.FBpp0077453	GO Process	GO:0090596	Sensory organ morphogenesis
dpp	7227.FBpp0077453	GO Process	GO:0098727	Maintenance of cell number
dpp	7227.FBpp0077453	GO Process	GO:0141091	Transforming growth factor beta receptor superfamily signaling pathway
dpp	7227.FBpp0077453	GO Process	GO:0150063	Visual system development
dpp	7227.FBpp0077453	GO Process	GO:1902531	Regulation of intracellular signal transduction
dpp	7227.FBpp0077453	GO Process	GO:1902533	Positive regulation of intracellular signal transduction
dpp	7227.FBpp0077453	GO Process	GO:2000736	Regulation of stem cell differentiation
dpp	7227.FBpp0077453	GO Function	GO:0005102	Signaling receptor binding
dpp	7227.FBpp0077453	GO Function	GO:0005125	Cytokine activity
dpp	7227.FBpp0077453	GO Function	GO:0005488	Binding
dpp	7227.FBpp0077453	GO Function	GO:0005515	Protein binding
dpp	7227.FBpp0077453	GO Function	GO:0005518	Collagen binding
dpp	7227.FBpp0077453	GO Function	GO:0005539	Glycosaminoglycan binding
dpp	7227.FBpp0077453	GO Function	GO:0008083	Growth factor activity
dpp	7227.FBpp0077453	GO Function	GO:0008201	Heparin binding
dpp	7227.FBpp0077453	GO Function	GO:0016015	Morphogen activity
dpp	7227.FBpp0077453	GO Function	GO:0030545	Signaling receptor regulator activity
dpp	7227.FBpp0077453	GO Function	GO:0030546	Signaling receptor activator activity
dpp	7227.FBpp0077453	GO Function	GO:0033612	Receptor serine/threonine kinase binding
dpp	7227.FBpp0077453	GO Function	GO:0042802	Identical protein binding
dpp	7227.FBpp0077453	GO Function	GO:0042803	Protein homodimerization activity
dpp	7227.FBpp0077453	GO Function	GO:0044877	Protein-containing complex binding
dpp	7227.FBpp0077453	GO Function	GO:0046982	Protein heterodimerization activity
dpp	7227.FBpp0077453	GO Function	GO:0046983	Protein dimerization activity
dpp	7227.FBpp0077453	GO Function	GO:0048018	Receptor ligand activity
dpp	7227.FBpp0077453	GO Function	GO:0070696	Transmembrane receptor protein serine/threonine kinase binding
dpp	7227.FBpp0077453	GO Function	GO:0070700	BMP receptor binding
dpp	7227.FBpp0077453	GO Function	GO:0097367	Carbohydrate derivative binding
dpp	7227.FBpp0077453	GO Function	GO:0098772	Molecular function regulator activity
dpp	7227.FBpp0077453	GO Function	GO:0140677	Molecular function activator activity
dpp	7227.FBpp0077453	GO Function	GO:1901681	Sulfur compound binding
dpp	7227.FBpp0077453	GO Component	GO:0005576	Extracellular region
dpp	7227.FBpp0077453	GO Component	GO:0005615	Extracellular space
dpp	7227.FBpp0077453	GO Component	GO:0005622	Intracellular anatomical structure
dpp	7227.FBpp0077453	GO Component	GO:0005737	Cytoplasm
dpp	7227.FBpp0077453	GO Component	GO:0012505	Endomembrane system
dpp	7227.FBpp0077453	GO Component	GO:0030141	Secretory granule
dpp	7227.FBpp0077453	GO Component	GO:0031045	Dense core granule
dpp	7227.FBpp0077453	GO Component	GO:0031252	Cell leading edge
dpp	7227.FBpp0077453	GO Component	GO:0031410	Cytoplasmic vesicle
dpp	7227.FBpp0077453	GO Component	GO:0031974	Membrane-enclosed lumen
dpp	7227.FBpp0077453	GO Component	GO:0031982	Vesicle
dpp	7227.FBpp0077453	GO Component	GO:0031983	Vesicle lumen
dpp	7227.FBpp0077453	GO Component	GO:0035230	Cytoneme
dpp	7227.FBpp0077453	GO Component	GO:0042995	Cell projection
dpp	7227.FBpp0077453	GO Component	GO:0043226	Organelle
dpp	7227.FBpp0077453	GO Component	GO:0043227	Membrane-bounded organelle
dpp	7227.FBpp0077453	GO Component	GO:0043229	Intracellular organelle
dpp	7227.FBpp0077453	GO Component	GO:0043231	Intracellular membrane-bounded organelle
dpp	7227.FBpp0077453	GO Component	GO:0043233	Organelle lumen
dpp	7227.FBpp0077453	GO Component	GO:0070013	Intracellular organelle lumen
dpp	7227.FBpp0077453	GO Component	GO:0097708	Intracellular vesicle
dpp	7227.FBpp0077453	GO Component	GO:0099503	Secretory vesicle
dpp	7227.FBpp0077453	GO Component	GO:0110165	Cellular anatomical structure
dpp	7227.FBpp0077453	GO Component	GO:0120025	Plasma membrane bounded cell projection
dpp	7227.FBpp0077453	STRING clusters	CL:11416	Mixed, incl. Wnt signaling pathway, and Transforming growth factor beta receptor superfamily signaling pathway
dpp	7227.FBpp0077453	STRING clusters	CL:11536	Mixed, incl. Transforming growth factor beta receptor superfamily signaling pathway, and Regulation of activin receptor signaling pathway
dpp	7227.FBpp0077453	STRING clusters	CL:11537	Transforming growth factor beta receptor superfamily signaling pathway, and Amnioserosa formation
dpp	7227.FBpp0077453	STRING clusters	CL:11538	Transforming growth factor beta receptor superfamily signaling pathway, and Amnioserosa formation
dpp	7227.FBpp0077453	STRING clusters	CL:11539	Transforming growth factor beta receptor superfamily signaling pathway, and Regulation of activin receptor signaling pathway
dpp	7227.FBpp0077453	STRING clusters	CL:11542	Transforming growth factor beta receptor superfamily signaling pathway
dpp	7227.FBpp0077453	STRING clusters	CL:11545	BMP receptor complex, and Morphogen activity
dpp	7227.FBpp0077453	KEGG	dme04013	MAPK signaling pathway - fly
dpp	7227.FBpp0077453	KEGG	dme04341	Hedgehog signaling pathway - fly
dpp	7227.FBpp0077453	KEGG	dme04350	TGF-beta signaling pathway
dpp	7227.FBpp0077453	Reactome	DME-109582	Hemostasis
dpp	7227.FBpp0077453	Reactome	DME-114608	Platelet degranulation
dpp	7227.FBpp0077453	Reactome	DME-1474244	Extracellular matrix organization
dpp	7227.FBpp0077453	Reactome	DME-1502540	Signaling by Activin
dpp	7227.FBpp0077453	Reactome	DME-1566948	Elastic fibre formation
dpp	7227.FBpp0077453	Reactome	DME-162582	Signal Transduction
dpp	7227.FBpp0077453	Reactome	DME-170834	Signaling by TGF-beta Receptor Complex
dpp	7227.FBpp0077453	Reactome	DME-201451	Signaling by BMP
dpp	7227.FBpp0077453	Reactome	DME-212436	Generic Transcription Pathway
dpp	7227.FBpp0077453	Reactome	DME-2129379	Molecules associated with elastic fibres
dpp	7227.FBpp0077453	Reactome	DME-2173788	Downregulation of TGF-beta receptor signaling
dpp	7227.FBpp0077453	Reactome	DME-2173789	TGF-beta receptor signaling activates SMADs
dpp	7227.FBpp0077453	Reactome	DME-2173791	TGF-beta receptor signaling in EMT (epithelial to mesenchymal transition)
dpp	7227.FBpp0077453	Reactome	DME-3000170	Syndecan interactions
dpp	7227.FBpp0077453	Reactome	DME-3000171	Non-integrin membrane-ECM interactions
dpp	7227.FBpp0077453	Reactome	DME-381426	Regulation of Insulin-like Growth Factor (IGF) transport and uptake by Insulin-like Growth Factor Binding Proteins (IGFBPs)
dpp	7227.FBpp0077453	Reactome	DME-392499	Metabolism of proteins
dpp	7227.FBpp0077453	Reactome	DME-597592	Post-translational protein modification
dpp	7227.FBpp0077453	Reactome	DME-73857	RNA Polymerase II Transcription
dpp	7227.FBpp0077453	Reactome	DME-74160	Gene expression (Transcription)
dpp	7227.FBpp0077453	Reactome	DME-76002	Platelet activation, signaling and aggregation
dpp	7227.FBpp0077453	Reactome	DME-76005	Response to elevated platelet cytosolic Ca2+
dpp	7227.FBpp0077453	Reactome	DME-8878159	Transcriptional regulation by RUNX3
dpp	7227.FBpp0077453	Reactome	DME-8941855	RUNX3 regulates CDKN1A transcription
dpp	7227.FBpp0077453	Reactome	DME-8941858	Regulation of RUNX3 expression and activity
dpp	7227.FBpp0077453	Reactome	DME-8951936	RUNX3 regulates p14-ARF
dpp	7227.FBpp0077453	Reactome	DME-8957275	Post-translational protein phosphorylation
dpp	7227.FBpp0077453	Reactome	DME-9006936	Signaling by TGFB family members
dpp	7227.FBpp0077453	Reactome	DME-9839373	Signaling by TGFBR3
dpp	7227.FBpp0077453	Reactome	DME-9839389	TGFBR3 regulates TGF-beta signaling
dpp	7227.FBpp0077453	COMPARTMENTS	GOCC:0005576	Extracellular region
dpp	7227.FBpp0077453	COMPARTMENTS	GOCC:0005615	Extracellular space
dpp	7227.FBpp0077453	COMPARTMENTS	GOCC:0005622	Intracellular anatomical structure
dpp	7227.FBpp0077453	COMPARTMENTS	GOCC:0005737	Cytoplasm
dpp	7227.FBpp0077453	COMPARTMENTS	GOCC:0012505	Endomembrane system
dpp	7227.FBpp0077453	COMPARTMENTS	GOCC:0030141	Secretory granule
dpp	7227.FBpp0077453	COMPARTMENTS	GOCC:0031045	Dense core granule
dpp	7227.FBpp0077453	COMPARTMENTS	GOCC:0031252	Cell leading edge
dpp	7227.FBpp0077453	COMPARTMENTS	GOCC:0031410	Cytoplasmic vesicle
dpp	7227.FBpp0077453	COMPARTMENTS	GOCC:0031974	Membrane-enclosed lumen
dpp	7227.FBpp0077453	COMPARTMENTS	GOCC:0031982	Vesicle
dpp	7227.FBpp0077453	COMPARTMENTS	GOCC:0031983	Vesicle lumen
dpp	7227.FBpp0077453	COMPARTMENTS	GOCC:0043226	Organelle
dpp	7227.FBpp0077453	COMPARTMENTS	GOCC:0043227	Membrane-bounded organelle
dpp	7227.FBpp0077453	COMPARTMENTS	GOCC:0043229	Intracellular organelle
dpp	7227.FBpp0077453	COMPARTMENTS	GOCC:0043231	Intracellular membrane-bounded organelle
dpp	7227.FBpp0077453	COMPARTMENTS	GOCC:0043233	Organelle lumen
dpp	7227.FBpp0077453	COMPARTMENTS	GOCC:0070013	Intracellular organelle lumen
dpp	7227.FBpp0077453	COMPARTMENTS	GOCC:0097708	Intracellular vesicle
dpp	7227.FBpp0077453	COMPARTMENTS	GOCC:0099503	Secretory vesicle
dpp	7227.FBpp0077453	COMPARTMENTS	GOCC:0110165	Cellular anatomical structure
dpp	7227.FBpp0077453	Monarch	FBcv:0000349	Viable
dpp	7227.FBpp0077453	Monarch	FBcv:0000350	Partially lethal - majority live
dpp	7227.FBpp0077453	Monarch	FBcv:0000351	Lethal
dpp	7227.FBpp0077453	Monarch	FBcv:0000352	Partially lethal - majority die
dpp	7227.FBpp0077453	Monarch	FBcv:0000354	Visible
dpp	7227.FBpp0077453	Monarch	FBcv:0000357	Abnormal size
dpp	7227.FBpp0077453	Monarch	FBcv:0000359	Decreased cell number
dpp	7227.FBpp0077453	Monarch	FBcv:0000362	Increased cell number
dpp	7227.FBpp0077453	Monarch	FBcv:0000364	Sterile
dpp	7227.FBpp0077453	Monarch	FBcv:0000366	Female sterile
dpp	7227.FBpp0077453	Monarch	FBcv:0000374	Fertile
dpp	7227.FBpp0077453	Monarch	FBcv:0000377	Female fertile
dpp	7227.FBpp0077453	Monarch	FBcv:0000385	Short lived
dpp	7227.FBpp0077453	Monarch	FBcv:0000387	Abnormal behavior
dpp	7227.FBpp0077453	Monarch	FBcv:0000403	Abnormal chemosensory behavior
dpp	7227.FBpp0077453	Monarch	FBcv:0000424	Abnormal cell death
dpp	7227.FBpp0077453	Monarch	FBcv:0000425	Increased cell death
dpp	7227.FBpp0077453	Monarch	FBcv:0000444	Hyperplasia
dpp	7227.FBpp0077453	Monarch	FBcv:0000680	Abnormal proboscis extension reflex
dpp	7227.FBpp0077453	Monarch	FBcv:0000709	Abnormal cell number
dpp	7227.FBpp0077453	Monarch	FBcv:0002000	Lethal - all die before end of P-stage
dpp	7227.FBpp0077453	Monarch	FBcv:0002001	Lethal - all die before end of first instar larval stage
dpp	7227.FBpp0077453	Monarch	FBcv:0002002	Lethal - all die before end of larval stage
dpp	7227.FBpp0077453	Monarch	FBcv:0002003	Lethal - all die before end of second instar larval stage
dpp	7227.FBpp0077453	Monarch	FBcv:0002004	Increased mortality
dpp	7227.FBpp0077453	Monarch	FBcv:0002015	Partially lethal
dpp	7227.FBpp0077453	Monarch	FBcv:0002019	Increased mortality during development
dpp	7227.FBpp0077453	Monarch	FBcv:0002020	Some die during P-stage
dpp	7227.FBpp0077453	Monarch	FBcv:0002023	Some die during larval stage
dpp	7227.FBpp0077453	Monarch	FBcv:0002026	Lethal - all die before end of prepupal stage
dpp	7227.FBpp0077453	Monarch	FBcv:0002027	Lethal - all die before end of pupal stage
dpp	7227.FBpp0077453	Monarch	FBcv:0002033	Lethal - all die during embryonic stage
dpp	7227.FBpp0077453	Monarch	FBcv:0002037	Majority die during embryonic stage
dpp	7227.FBpp0077453	Monarch	FBcv:0002038	Some die during pharate adult stage
dpp	7227.FBpp0077453	Monarch	FBcv:0002039	Some die during pupal stage
dpp	7227.FBpp0077453	Monarch	FBcv:0002041	Some die during embryonic stage
dpp	7227.FBpp0077453	Monarch	FBcv:0006001	Increased fecundity
dpp	7227.FBpp0077453	UniProt Keywords	KW-0217	Developmental protein
dpp	7227.FBpp0077453	UniProt Keywords	KW-0221	Differentiation
dpp	7227.FBpp0077453	UniProt Keywords	KW-0325	Glycoprotein
dpp	7227.FBpp0077453	UniProt Keywords	KW-0339	Growth factor
dpp	7227.FBpp0077453	UniProt Keywords	KW-0732	Signal
dpp	7227.FBpp0077453	UniProt Keywords	KW-0964	Secreted
dpp	7227.FBpp0077453	UniProt Keywords	KW-1015	Disulfide bond
dpp	7227.FBpp0077453	Pfam	PF00688	TGF-beta propeptide
dpp	7227.FBpp0077453	InterPro	IPR001111	TGF-beta, propeptide
dpp	7227.FBpp0077453	InterPro	IPR001839	Transforming growth factor-beta, C-terminal
dpp	7227.FBpp0077453	InterPro	IPR015615	Transforming growth factor-beta-related
dpp	7227.FBpp0077453	InterPro	IPR017948	Transforming growth factor beta, conserved site
dpp	7227.FBpp0077453	InterPro	IPR029034	Cystine-knot cytokine
dpp	7227.FBpp0077453	SMART	SM00204	Transforming growth  factor-beta (TGF-beta) family
scrib	7227.FBpp0300852	GO Process	GO:0000578	Embryonic axis specification
scrib	7227.FBpp0300852	GO Process	GO:0000902	Cell morphogenesis
scrib	7227.FBpp0300852	GO Process	GO:0001654	Eye development
scrib	7227.FBpp0300852	GO Process	GO:0001700	Embryonic development via the syncytial blastoderm
scrib	7227.FBpp0300852	GO Process	GO:0001708	Cell fate specification
scrib	7227.FBpp0300852	GO Process	GO:0001736	Establishment of planar polarity
scrib	7227.FBpp0300852	GO Process	GO:0001737	Establishment of imaginal disc-derived wing hair orientation
scrib	7227.FBpp0300852	GO Process	GO:0001738	Morphogenesis of a polarized epithelium
scrib	7227.FBpp0300852	GO Process	GO:0001745	Compound eye morphogenesis
scrib	7227.FBpp0300852	GO Process	GO:0001751	Compound eye photoreceptor cell differentiation
scrib	7227.FBpp0300852	GO Process	GO:0001752	Compound eye photoreceptor fate commitment
scrib	7227.FBpp0300852	GO Process	GO:0001754	Eye photoreceptor cell differentiation
scrib	7227.FBpp0300852	GO Process	GO:0002009	Morphogenesis of an epithelium
scrib	7227.FBpp0300852	GO Process	GO:0002064	Epithelial cell development
scrib	7227.FBpp0300852	GO Process	GO:0002164	Larval development
scrib	7227.FBpp0300852	GO Process	GO:0002165	Instar larval or pupal development
scrib	7227.FBpp0300852	GO Process	GO:0002168	Instar larval development
scrib	7227.FBpp0300852	GO Process	GO:0003002	Regionalization
scrib	7227.FBpp0300852	GO Process	GO:0003006	Developmental process involved in reproduction
scrib	7227.FBpp0300852	GO Process	GO:0003008	System process
scrib	7227.FBpp0300852	GO Process	GO:0006810	Transport
scrib	7227.FBpp0300852	GO Process	GO:0006886	Intracellular protein transport
scrib	7227.FBpp0300852	GO Process	GO:0007028	Cytoplasm organization
scrib	7227.FBpp0300852	GO Process	GO:0007043	Cell-cell junction assembly
scrib	7227.FBpp0300852	GO Process	GO:0007155	Cell adhesion
scrib	7227.FBpp0300852	GO Process	GO:0007163	Establishment or maintenance of cell polarity
scrib	7227.FBpp0300852	GO Process	GO:0007164	Establishment of tissue polarity
scrib	7227.FBpp0300852	GO Process	GO:0007275	Multicellular organism development
scrib	7227.FBpp0300852	GO Process	GO:0007276	Gamete generation
scrib	7227.FBpp0300852	GO Process	GO:0007281	Germ cell development
scrib	7227.FBpp0300852	GO Process	GO:0007292	Female gamete generation
scrib	7227.FBpp0300852	GO Process	GO:0007308	Oocyte construction
scrib	7227.FBpp0300852	GO Process	GO:0007309	Oocyte axis specification
scrib	7227.FBpp0300852	GO Process	GO:0007314	Oocyte anterior/posterior axis specification
scrib	7227.FBpp0300852	GO Process	GO:0007315	Pole plasm assembly
scrib	7227.FBpp0300852	GO Process	GO:0007318	Pole plasm protein localization
scrib	7227.FBpp0300852	GO Process	GO:0007350	Blastoderm segmentation
scrib	7227.FBpp0300852	GO Process	GO:0007351	Tripartite regional subdivision
scrib	7227.FBpp0300852	GO Process	GO:0007389	Pattern specification process
scrib	7227.FBpp0300852	GO Process	GO:0007391	Dorsal closure
scrib	7227.FBpp0300852	GO Process	GO:0007399	Nervous system development
scrib	7227.FBpp0300852	GO Process	GO:0007423	Sensory organ development
scrib	7227.FBpp0300852	GO Process	GO:0007444	Imaginal disc development
scrib	7227.FBpp0300852	GO Process	GO:0007464	R3/R4 cell fate commitment
scrib	7227.FBpp0300852	GO Process	GO:0007472	Wing disc morphogenesis
scrib	7227.FBpp0300852	GO Process	GO:0007476	Imaginal disc-derived wing morphogenesis
scrib	7227.FBpp0300852	GO Process	GO:0007552	Metamorphosis
scrib	7227.FBpp0300852	GO Process	GO:0007560	Imaginal disc morphogenesis
scrib	7227.FBpp0300852	GO Process	GO:0007600	Sensory perception
scrib	7227.FBpp0300852	GO Process	GO:0007606	Sensory perception of chemical stimulus
scrib	7227.FBpp0300852	GO Process	GO:0007608	Sensory perception of smell
scrib	7227.FBpp0300852	GO Process	GO:0007610	Behavior
scrib	7227.FBpp0300852	GO Process	GO:0007611	Learning or memory
scrib	7227.FBpp0300852	GO Process	GO:0007613	Memory
scrib	7227.FBpp0300852	GO Process	GO:0007635	Chemosensory behavior
scrib	7227.FBpp0300852	GO Process	GO:0008104	Intracellular protein localization
scrib	7227.FBpp0300852	GO Process	GO:0008283	Cell population proliferation
scrib	7227.FBpp0300852	GO Process	GO:0008285	Negative regulation of cell population proliferation
scrib	7227.FBpp0300852	GO Process	GO:0008358	Maternal determination of anterior/posterior axis, embryo
scrib	7227.FBpp0300852	GO Process	GO:0008544	Epidermis development
scrib	7227.FBpp0300852	GO Process	GO:0008595	Anterior/posterior axis specification, embryo
scrib	7227.FBpp0300852	GO Process	GO:0009653	Anatomical structure morphogenesis
scrib	7227.FBpp0300852	GO Process	GO:0009790	Embryo development
scrib	7227.FBpp0300852	GO Process	GO:0009791	Post-embryonic development
scrib	7227.FBpp0300852	GO Process	GO:0009792	Embryo development ending in birth or egg hatching
scrib	7227.FBpp0300852	GO Process	GO:0009798	Axis specification
scrib	7227.FBpp0300852	GO Process	GO:0009880	Embryonic pattern specification
scrib	7227.FBpp0300852	GO Process	GO:0009886	Post-embryonic animal morphogenesis
scrib	7227.FBpp0300852	GO Process	GO:0009887	Animal organ morphogenesis
scrib	7227.FBpp0300852	GO Process	GO:0009888	Tissue development
scrib	7227.FBpp0300852	GO Process	GO:0009913	Epidermal cell differentiation
scrib	7227.FBpp0300852	GO Process	GO:0009948	Anterior/posterior axis specification
scrib	7227.FBpp0300852	GO Process	GO:0009952	Anterior/posterior pattern specification
scrib	7227.FBpp0300852	GO Process	GO:0009987	Cellular process
scrib	7227.FBpp0300852	GO Process	GO:0009994	Oocyte differentiation
scrib	7227.FBpp0300852	GO Process	GO:0015031	Protein transport
scrib	7227.FBpp0300852	GO Process	GO:0016043	Cellular component organization
scrib	7227.FBpp0300852	GO Process	GO:0016192	Vesicle-mediated transport
scrib	7227.FBpp0300852	GO Process	GO:0016197	Endosomal transport
scrib	7227.FBpp0300852	GO Process	GO:0016331	Morphogenesis of embryonic epithelium
scrib	7227.FBpp0300852	GO Process	GO:0016332	Establishment or maintenance of polarity of embryonic epithelium
scrib	7227.FBpp0300852	GO Process	GO:0016333	Morphogenesis of follicular epithelium
scrib	7227.FBpp0300852	GO Process	GO:0016334	Establishment or maintenance of polarity of follicular epithelium
scrib	7227.FBpp0300852	GO Process	GO:0016335	Morphogenesis of larval imaginal disc epithelium
scrib	7227.FBpp0300852	GO Process	GO:0016336	Establishment or maintenance of polarity of larval imaginal disc epithelium
scrib	7227.FBpp0300852	GO Process	GO:0019953	Sexual reproduction
scrib	7227.FBpp0300852	GO Process	GO:0019991	Septate junction assembly
scrib	7227.FBpp0300852	GO Process	GO:0021700	Developmental maturation
scrib	7227.FBpp0300852	GO Process	GO:0022008	Neurogenesis
scrib	7227.FBpp0300852	GO Process	GO:0022412	Cellular process involved in reproduction in multicellular organism
scrib	7227.FBpp0300852	GO Process	GO:0022414	Reproductive process
scrib	7227.FBpp0300852	GO Process	GO:0022607	Cellular component assembly
scrib	7227.FBpp0300852	GO Process	GO:0030010	Establishment of cell polarity
scrib	7227.FBpp0300852	GO Process	GO:0030030	Cell projection organization
scrib	7227.FBpp0300852	GO Process	GO:0030100	Regulation of endocytosis
scrib	7227.FBpp0300852	GO Process	GO:0030154	Cell differentiation
scrib	7227.FBpp0300852	GO Process	GO:0030182	Neuron differentiation
scrib	7227.FBpp0300852	GO Process	GO:0030707	Follicle cell of egg chamber development
scrib	7227.FBpp0300852	GO Process	GO:0030714	Anterior/posterior axis specification, follicular epithelium
scrib	7227.FBpp0300852	GO Process	GO:0030855	Epithelial cell differentiation
scrib	7227.FBpp0300852	GO Process	GO:0030859	Polarized epithelial cell differentiation
scrib	7227.FBpp0300852	GO Process	GO:0031503	Protein-containing complex localization
scrib	7227.FBpp0300852	GO Process	GO:0032456	Endocytic recycling
scrib	7227.FBpp0300852	GO Process	GO:0032501	Multicellular organismal process
scrib	7227.FBpp0300852	GO Process	GO:0032502	Developmental process
scrib	7227.FBpp0300852	GO Process	GO:0032879	Regulation of localization
scrib	7227.FBpp0300852	GO Process	GO:0033036	Macromolecule localization
scrib	7227.FBpp0300852	GO Process	GO:0034329	Cell junction assembly
scrib	7227.FBpp0300852	GO Process	GO:0034330	Cell junction organization
scrib	7227.FBpp0300852	GO Process	GO:0034332	Adherens junction organization
scrib	7227.FBpp0300852	GO Process	GO:0034333	Adherens junction assembly
scrib	7227.FBpp0300852	GO Process	GO:0035088	Establishment or maintenance of apical/basal cell polarity
scrib	7227.FBpp0300852	GO Process	GO:0035089	Establishment of apical/basal cell polarity
scrib	7227.FBpp0300852	GO Process	GO:0035107	Appendage morphogenesis
scrib	7227.FBpp0300852	GO Process	GO:0035114	Imaginal disc-derived appendage morphogenesis
scrib	7227.FBpp0300852	GO Process	GO:0035120	Post-embryonic appendage morphogenesis
scrib	7227.FBpp0300852	GO Process	GO:0035220	Wing disc development
scrib	7227.FBpp0300852	GO Process	GO:0035282	Segmentation
scrib	7227.FBpp0300852	GO Process	GO:0035295	Tube development
scrib	7227.FBpp0300852	GO Process	GO:0035315	Hair cell differentiation
scrib	7227.FBpp0300852	GO Process	GO:0035316	Non-sensory hair organization
scrib	7227.FBpp0300852	GO Process	GO:0035317	Imaginal disc-derived wing hair organization
scrib	7227.FBpp0300852	GO Process	GO:0035418	Protein localization to synapse
scrib	7227.FBpp0300852	GO Process	GO:0040008	Regulation of growth
scrib	7227.FBpp0300852	GO Process	GO:0042048	Olfactory behavior
scrib	7227.FBpp0300852	GO Process	GO:0042067	Establishment of ommatidial planar polarity
scrib	7227.FBpp0300852	GO Process	GO:0042127	Regulation of cell population proliferation
scrib	7227.FBpp0300852	GO Process	GO:0042221	Response to chemical
scrib	7227.FBpp0300852	GO Process	GO:0042706	Eye photoreceptor cell fate commitment
scrib	7227.FBpp0300852	GO Process	GO:0043113	Receptor clustering
scrib	7227.FBpp0300852	GO Process	GO:0043297	Apical junction assembly
scrib	7227.FBpp0300852	GO Process	GO:0044085	Cellular component biogenesis
scrib	7227.FBpp0300852	GO Process	GO:0045165	Cell fate commitment
scrib	7227.FBpp0300852	GO Process	GO:0045175	Basal protein localization
scrib	7227.FBpp0300852	GO Process	GO:0045184	Establishment of protein localization
scrib	7227.FBpp0300852	GO Process	GO:0045186	Zonula adherens assembly
scrib	7227.FBpp0300852	GO Process	GO:0045197	Establishment or maintenance of epithelial cell apical/basal polarity
scrib	7227.FBpp0300852	GO Process	GO:0045198	Establishment of epithelial cell apical/basal polarity
scrib	7227.FBpp0300852	GO Process	GO:0045216	Cell-cell junction organization
scrib	7227.FBpp0300852	GO Process	GO:0045570	Regulation of imaginal disc growth
scrib	7227.FBpp0300852	GO Process	GO:0045571	Negative regulation of imaginal disc growth
scrib	7227.FBpp0300852	GO Process	GO:0045926	Negative regulation of growth
scrib	7227.FBpp0300852	GO Process	GO:0046530	Photoreceptor cell differentiation
scrib	7227.FBpp0300852	GO Process	GO:0046552	Photoreceptor cell fate commitment
scrib	7227.FBpp0300852	GO Process	GO:0046907	Intracellular transport
scrib	7227.FBpp0300852	GO Process	GO:0048056	R3/R4 cell differentiation
scrib	7227.FBpp0300852	GO Process	GO:0048468	Cell development
scrib	7227.FBpp0300852	GO Process	GO:0048469	Cell maturation
scrib	7227.FBpp0300852	GO Process	GO:0048477	Oogenesis
scrib	7227.FBpp0300852	GO Process	GO:0048513	Animal organ development
scrib	7227.FBpp0300852	GO Process	GO:0048519	Negative regulation of biological process
scrib	7227.FBpp0300852	GO Process	GO:0048523	Negative regulation of cellular process
scrib	7227.FBpp0300852	GO Process	GO:0048592	Eye morphogenesis
scrib	7227.FBpp0300852	GO Process	GO:0048598	Embryonic morphogenesis
scrib	7227.FBpp0300852	GO Process	GO:0048599	Oocyte development
scrib	7227.FBpp0300852	GO Process	GO:0048609	Multicellular organismal reproductive process
scrib	7227.FBpp0300852	GO Process	GO:0048638	Regulation of developmental growth
scrib	7227.FBpp0300852	GO Process	GO:0048640	Negative regulation of developmental growth
scrib	7227.FBpp0300852	GO Process	GO:0048663	Neuron fate commitment
scrib	7227.FBpp0300852	GO Process	GO:0048699	Generation of neurons
scrib	7227.FBpp0300852	GO Process	GO:0048707	Instar larval or pupal morphogenesis
scrib	7227.FBpp0300852	GO Process	GO:0048729	Tissue morphogenesis
scrib	7227.FBpp0300852	GO Process	GO:0048731	System development
scrib	7227.FBpp0300852	GO Process	GO:0048736	Appendage development
scrib	7227.FBpp0300852	GO Process	GO:0048737	Imaginal disc-derived appendage development
scrib	7227.FBpp0300852	GO Process	GO:0048749	Compound eye development
scrib	7227.FBpp0300852	GO Process	GO:0048856	Anatomical structure development
scrib	7227.FBpp0300852	GO Process	GO:0048863	Stem cell differentiation
scrib	7227.FBpp0300852	GO Process	GO:0048869	Cellular developmental process
scrib	7227.FBpp0300852	GO Process	GO:0048880	Sensory system development
scrib	7227.FBpp0300852	GO Process	GO:0050678	Regulation of epithelial cell proliferation
scrib	7227.FBpp0300852	GO Process	GO:0050680	Negative regulation of epithelial cell proliferation
scrib	7227.FBpp0300852	GO Process	GO:0050789	Regulation of biological process
scrib	7227.FBpp0300852	GO Process	GO:0050793	Regulation of developmental process
scrib	7227.FBpp0300852	GO Process	GO:0050794	Regulation of cellular process
scrib	7227.FBpp0300852	GO Process	GO:0050803	Regulation of synapse structure or activity
scrib	7227.FBpp0300852	GO Process	GO:0050877	Nervous system process
scrib	7227.FBpp0300852	GO Process	GO:0050890	Cognition
scrib	7227.FBpp0300852	GO Process	GO:0050896	Response to stimulus
scrib	7227.FBpp0300852	GO Process	GO:0051049	Regulation of transport
scrib	7227.FBpp0300852	GO Process	GO:0051093	Negative regulation of developmental process
scrib	7227.FBpp0300852	GO Process	GO:0051128	Regulation of cellular component organization
scrib	7227.FBpp0300852	GO Process	GO:0051179	Localization
scrib	7227.FBpp0300852	GO Process	GO:0051234	Establishment of localization
scrib	7227.FBpp0300852	GO Process	GO:0051641	Cellular localization
scrib	7227.FBpp0300852	GO Process	GO:0051649	Establishment of localization in cell
scrib	7227.FBpp0300852	GO Process	GO:0051668	Localization within membrane
scrib	7227.FBpp0300852	GO Process	GO:0060429	Epithelium development
scrib	7227.FBpp0300852	GO Process	GO:0060581	Cell fate commitment involved in pattern specification
scrib	7227.FBpp0300852	GO Process	GO:0060627	Regulation of vesicle-mediated transport
scrib	7227.FBpp0300852	GO Process	GO:0061162	Establishment of monopolar cell polarity
scrib	7227.FBpp0300852	GO Process	GO:0061245	Establishment or maintenance of bipolar cell polarity
scrib	7227.FBpp0300852	GO Process	GO:0061326	Renal tubule development
scrib	7227.FBpp0300852	GO Process	GO:0061339	Establishment or maintenance of monopolar cell polarity
scrib	7227.FBpp0300852	GO Process	GO:0061951	Establishment of protein localization to plasma membrane
scrib	7227.FBpp0300852	GO Process	GO:0062237	Protein localization to postsynapse
scrib	7227.FBpp0300852	GO Process	GO:0065007	Biological regulation
scrib	7227.FBpp0300852	GO Process	GO:0065008	Regulation of biological quality
scrib	7227.FBpp0300852	GO Process	GO:0071695	Anatomical structure maturation
scrib	7227.FBpp0300852	GO Process	GO:0071705	Nitrogen compound transport
scrib	7227.FBpp0300852	GO Process	GO:0071840	Cellular component organization or biogenesis
scrib	7227.FBpp0300852	GO Process	GO:0072001	Renal system development
scrib	7227.FBpp0300852	GO Process	GO:0072002	Malpighian tubule development
scrib	7227.FBpp0300852	GO Process	GO:0072089	Stem cell proliferation
scrib	7227.FBpp0300852	GO Process	GO:0072657	Protein localization to membrane
scrib	7227.FBpp0300852	GO Process	GO:0072659	Protein localization to plasma membrane
scrib	7227.FBpp0300852	GO Process	GO:0090150	Establishment of protein localization to membrane
scrib	7227.FBpp0300852	GO Process	GO:0090162	Establishment of epithelial cell polarity
scrib	7227.FBpp0300852	GO Process	GO:0090596	Sensory organ morphogenesis
scrib	7227.FBpp0300852	GO Process	GO:0097120	Receptor localization to synapse
scrib	7227.FBpp0300852	GO Process	GO:0098609	Cell-cell adhesion
scrib	7227.FBpp0300852	GO Process	GO:0098876	Vesicle-mediated transport to the plasma membrane
scrib	7227.FBpp0300852	GO Process	GO:0098877	Neurotransmitter receptor transport to plasma membrane
scrib	7227.FBpp0300852	GO Process	GO:0098887	Neurotransmitter receptor transport, endosome to postsynaptic membrane
scrib	7227.FBpp0300852	GO Process	GO:0098969	Neurotransmitter receptor transport to postsynaptic membrane
scrib	7227.FBpp0300852	GO Process	GO:0099072	Regulation of postsynaptic membrane neurotransmitter receptor levels
scrib	7227.FBpp0300852	GO Process	GO:0099637	Neurotransmitter receptor transport
scrib	7227.FBpp0300852	GO Process	GO:0099638	Endosome to plasma membrane protein transport
scrib	7227.FBpp0300852	GO Process	GO:0099639	Neurotransmitter receptor transport, endosome to plasma membrane
scrib	7227.FBpp0300852	GO Process	GO:0120036	Plasma membrane bounded cell projection organization
scrib	7227.FBpp0300852	GO Process	GO:0120192	Tight junction assembly
scrib	7227.FBpp0300852	GO Process	GO:0120193	Tight junction organization
scrib	7227.FBpp0300852	GO Process	GO:0150063	Visual system development
scrib	7227.FBpp0300852	GO Process	GO:1902414	Protein localization to cell junction
scrib	7227.FBpp0300852	GO Process	GO:1903539	Protein localization to postsynaptic membrane
scrib	7227.FBpp0300852	GO Process	GO:1903540	Establishment of protein localization to postsynaptic membrane
scrib	7227.FBpp0300852	GO Process	GO:1990778	Protein localization to cell periphery
scrib	7227.FBpp0300852	GO Function	GO:0005488	Binding
scrib	7227.FBpp0300852	GO Function	GO:0005515	Protein binding
scrib	7227.FBpp0300852	GO Function	GO:0019899	Enzyme binding
scrib	7227.FBpp0300852	GO Function	GO:0019900	Kinase binding
scrib	7227.FBpp0300852	GO Function	GO:0019901	Protein kinase binding
scrib	7227.FBpp0300852	GO Component	GO:0005622	Intracellular anatomical structure
scrib	7227.FBpp0300852	GO Component	GO:0005737	Cytoplasm
scrib	7227.FBpp0300852	GO Component	GO:0005886	Plasma membrane
scrib	7227.FBpp0300852	GO Component	GO:0005911	Cell-cell junction
scrib	7227.FBpp0300852	GO Component	GO:0005912	Adherens junction
scrib	7227.FBpp0300852	GO Component	GO:0005918	Septate junction
scrib	7227.FBpp0300852	GO Component	GO:0005938	Cell cortex
scrib	7227.FBpp0300852	GO Component	GO:0009925	Basal plasma membrane
scrib	7227.FBpp0300852	GO Component	GO:0014069	Postsynaptic density
scrib	7227.FBpp0300852	GO Component	GO:0016020	Membrane
scrib	7227.FBpp0300852	GO Component	GO:0016323	Basolateral plasma membrane
scrib	7227.FBpp0300852	GO Component	GO:0016327	Apicolateral plasma membrane
scrib	7227.FBpp0300852	GO Component	GO:0016328	Lateral plasma membrane
scrib	7227.FBpp0300852	GO Component	GO:0030054	Cell junction
scrib	7227.FBpp0300852	GO Component	GO:0031594	Neuromuscular junction
scrib	7227.FBpp0300852	GO Component	GO:0032279	Asymmetric synapse
scrib	7227.FBpp0300852	GO Component	GO:0043226	Organelle
scrib	7227.FBpp0300852	GO Component	GO:0043296	Apical junction complex
scrib	7227.FBpp0300852	GO Component	GO:0045169	Fusome
scrib	7227.FBpp0300852	GO Component	GO:0045177	Apical part of cell
scrib	7227.FBpp0300852	GO Component	GO:0045178	Basal part of cell
scrib	7227.FBpp0300852	GO Component	GO:0045179	Apical cortex
scrib	7227.FBpp0300852	GO Component	GO:0045202	Synapse
scrib	7227.FBpp0300852	GO Component	GO:0045211	Postsynaptic membrane
scrib	7227.FBpp0300852	GO Component	GO:0070160	Tight junction
scrib	7227.FBpp0300852	GO Component	GO:0070161	Anchoring junction
scrib	7227.FBpp0300852	GO Component	GO:0071944	Cell periphery
scrib	7227.FBpp0300852	GO Component	GO:0097060	Synaptic membrane
scrib	7227.FBpp0300852	GO Component	GO:0097574	Lateral part of cell
scrib	7227.FBpp0300852	GO Component	GO:0098590	Plasma membrane region
scrib	7227.FBpp0300852	GO Component	GO:0098794	Postsynapse
scrib	7227.FBpp0300852	GO Component	GO:0098984	Neuron to neuron synapse
scrib	7227.FBpp0300852	GO Component	GO:0099568	Cytoplasmic region
scrib	7227.FBpp0300852	GO Component	GO:0099572	Postsynaptic specialization
scrib	7227.FBpp0300852	GO Component	GO:0099738	Cell cortex region
scrib	7227.FBpp0300852	GO Component	GO:0110165	Cellular anatomical structure
scrib	7227.FBpp0300852	GO Component	GO:1990794	Basolateral part of cell
scrib	7227.FBpp0300852	STRING clusters	CL:14239	Neuronal System, and Monoatomic ion channel complex
scrib	7227.FBpp0300852	STRING clusters	CL:14240	Mixed, incl. Transmitter-gated channel activity, and Dopamine Neurotransmitter Release Cycle
scrib	7227.FBpp0300852	STRING clusters	CL:14241	Transmission across Chemical Synapses, and Regulation of exocytosis
scrib	7227.FBpp0300852	STRING clusters	CL:14312	Ionotropic glutamate receptor, and Unblocking of NMDA receptors, glutamate binding and activation
scrib	7227.FBpp0300852	STRING clusters	CL:14349	Mixed, incl. Anterior/posterior axis specification, follicular epithelium, and SCAR/WAVE family
scrib	7227.FBpp0300852	KEGG	dme04391	Hippo signaling pathway - fly
scrib	7227.FBpp0300852	Reactome	DME-112314	Neurotransmitter receptors and postsynaptic signal transmission
scrib	7227.FBpp0300852	Reactome	DME-112315	Transmission across Chemical Synapses
scrib	7227.FBpp0300852	Reactome	DME-112316	Neuronal System
scrib	7227.FBpp0300852	Reactome	DME-162582	Signal Transduction
scrib	7227.FBpp0300852	Reactome	DME-168249	Innate Immune System
scrib	7227.FBpp0300852	Reactome	DME-168256	Immune System
scrib	7227.FBpp0300852	Reactome	DME-194315	Signaling by Rho GTPases
scrib	7227.FBpp0300852	Reactome	DME-438066	Unblocking of NMDA receptors, glutamate binding and activation
scrib	7227.FBpp0300852	Reactome	DME-442755	Activation of NMDA receptors and postsynaptic events
scrib	7227.FBpp0300852	Reactome	DME-6798695	Neutrophil degranulation
scrib	7227.FBpp0300852	Reactome	DME-9012999	RHO GTPase cycle
scrib	7227.FBpp0300852	Reactome	DME-9013406	RHOQ GTPase cycle
scrib	7227.FBpp0300852	Reactome	DME-9716542	Signaling by Rho GTPases, Miro GTPases and RHOBTB3
scrib	7227.FBpp0300852	COMPARTMENTS	GOCC:0005622	Intracellular anatomical structure
scrib	7227.FBpp0300852	COMPARTMENTS	GOCC:0005737	Cytoplasm
scrib	7227.FBpp0300852	COMPARTMENTS	GOCC:0005886	Plasma membrane
scrib	7227.FBpp0300852	COMPARTMENTS	GOCC:0005911	Cell-cell junction
scrib	7227.FBpp0300852	COMPARTMENTS	GOCC:0005912	Adherens junction
scrib	7227.FBpp0300852	COMPARTMENTS	GOCC:0005918	Septate junction
scrib	7227.FBpp0300852	COMPARTMENTS	GOCC:0005938	Cell cortex
scrib	7227.FBpp0300852	COMPARTMENTS	GOCC:0009925	Basal plasma membrane
scrib	7227.FBpp0300852	COMPARTMENTS	GOCC:0016020	Membrane
scrib	7227.FBpp0300852	COMPARTMENTS	GOCC:0016323	Basolateral plasma membrane
scrib	7227.FBpp0300852	COMPARTMENTS	GOCC:0016327	Apicolateral plasma membrane
scrib	7227.FBpp0300852	COMPARTMENTS	GOCC:0016328	Lateral plasma membrane
scrib	7227.FBpp0300852	COMPARTMENTS	GOCC:0030054	Cell junction
scrib	7227.FBpp0300852	COMPARTMENTS	GOCC:0031594	Neuromuscular junction
scrib	7227.FBpp0300852	COMPARTMENTS	GOCC:0043296	Apical junction complex
scrib	7227.FBpp0300852	COMPARTMENTS	GOCC:0045169	Fusome
scrib	7227.FBpp0300852	COMPARTMENTS	GOCC:0045177	Apical part of cell
scrib	7227.FBpp0300852	COMPARTMENTS	GOCC:0045178	Basal part of cell
scrib	7227.FBpp0300852	COMPARTMENTS	GOCC:0045179	Apical cortex
scrib	7227.FBpp0300852	COMPARTMENTS	GOCC:0045202	Synapse
scrib	7227.FBpp0300852	COMPARTMENTS	GOCC:0070160	Tight junction
scrib	7227.FBpp0300852	COMPARTMENTS	GOCC:0070161	Anchoring junction
scrib	7227.FBpp0300852	COMPARTMENTS	GOCC:0071944	Cell periphery
scrib	7227.FBpp0300852	COMPARTMENTS	GOCC:0097574	Lateral part of cell
scrib	7227.FBpp0300852	COMPARTMENTS	GOCC:0098590	Plasma membrane region
scrib	7227.FBpp0300852	COMPARTMENTS	GOCC:0099568	Cytoplasmic region
scrib	7227.FBpp0300852	COMPARTMENTS	GOCC:0099738	Cell cortex region
scrib	7227.FBpp0300852	COMPARTMENTS	GOCC:0110165	Cellular anatomical structure
scrib	7227.FBpp0300852	COMPARTMENTS	GOCC:1990794	Basolateral part of cell
scrib	7227.FBpp0300852	Monarch	FBcv:0000349	Viable
scrib	7227.FBpp0300852	Monarch	FBcv:0000351	Lethal
scrib	7227.FBpp0300852	Monarch	FBcv:0000352	Partially lethal - majority die
scrib	7227.FBpp0300852	Monarch	FBcv:0000354	Visible
scrib	7227.FBpp0300852	Monarch	FBcv:0000357	Abnormal size
scrib	7227.FBpp0300852	Monarch	FBcv:0000359	Decreased cell number
scrib	7227.FBpp0300852	Monarch	FBcv:0000361	Increased body size
scrib	7227.FBpp0300852	Monarch	FBcv:0000362	Increased cell number
scrib	7227.FBpp0300852	Monarch	FBcv:0000374	Fertile
scrib	7227.FBpp0300852	Monarch	FBcv:0000377	Female fertile
scrib	7227.FBpp0300852	Monarch	FBcv:0000404	Abnormal smell perception
scrib	7227.FBpp0300852	Monarch	FBcv:0000424	Abnormal cell death
scrib	7227.FBpp0300852	Monarch	FBcv:0000425	Increased cell death
scrib	7227.FBpp0300852	Monarch	FBcv:0000427	Abnormal cell growth
scrib	7227.FBpp0300852	Monarch	FBcv:0000429	Abnormal cell shape
scrib	7227.FBpp0300852	Monarch	FBcv:0000430	Abnormal cell polarity
scrib	7227.FBpp0300852	Monarch	FBcv:0000434	Abnormal neurophysiology
scrib	7227.FBpp0300852	Monarch	FBcv:0000435	Abnormal neuroanatomy
scrib	7227.FBpp0300852	Monarch	FBcv:0000444	Hyperplasia
scrib	7227.FBpp0300852	Monarch	FBcv:0000449	Abnormal planar polarity
scrib	7227.FBpp0300852	Monarch	FBcv:0000450	Abnormal developmental rate
scrib	7227.FBpp0300852	Monarch	FBcv:0000665	Abnormal body size
scrib	7227.FBpp0300852	Monarch	FBcv:0000681	Abnormal sensory perception
scrib	7227.FBpp0300852	Monarch	FBcv:0000709	Abnormal cell number
scrib	7227.FBpp0300852	Monarch	FBcv:0000723	Neoplasia
scrib	7227.FBpp0300852	Monarch	FBcv:0002000	Lethal - all die before end of P-stage
scrib	7227.FBpp0300852	Monarch	FBcv:0002002	Lethal - all die before end of larval stage
scrib	7227.FBpp0300852	Monarch	FBcv:0002004	Increased mortality
scrib	7227.FBpp0300852	Monarch	FBcv:0002005	Lethal - all die during P-stage
scrib	7227.FBpp0300852	Monarch	FBcv:0002010	Majority die during P-stage
scrib	7227.FBpp0300852	Monarch	FBcv:0002015	Partially lethal
scrib	7227.FBpp0300852	Monarch	FBcv:0002019	Increased mortality during development
scrib	7227.FBpp0300852	Monarch	FBcv:0002020	Some die during P-stage
scrib	7227.FBpp0300852	Monarch	FBcv:0002023	Some die during larval stage
scrib	7227.FBpp0300852	Monarch	FBcv:0002024	Some die during third instar larval stage
scrib	7227.FBpp0300852	Monarch	FBcv:0002026	Lethal - all die before end of prepupal stage
scrib	7227.FBpp0300852	Monarch	FBcv:0002027	Lethal - all die before end of pupal stage
scrib	7227.FBpp0300852	Monarch	FBcv:0002030	Lethal - all die during pupal stage
scrib	7227.FBpp0300852	Monarch	FBcv:0002034	Majority die during pupal stage
scrib	7227.FBpp0300852	Monarch	FBcv:0002038	Some die during pharate adult stage
scrib	7227.FBpp0300852	Monarch	FBcv:0002039	Some die during pupal stage
scrib	7227.FBpp0300852	Monarch	FBcv:0007507	Increased size
scrib	7227.FBpp0300852	UniProt Keywords	KW-0175	Coiled coil
scrib	7227.FBpp0300852	UniProt Keywords	KW-0217	Developmental protein
scrib	7227.FBpp0300852	UniProt Keywords	KW-0221	Differentiation
scrib	7227.FBpp0300852	UniProt Keywords	KW-0433	Leucine-rich repeat
scrib	7227.FBpp0300852	UniProt Keywords	KW-0472	Membrane
scrib	7227.FBpp0300852	UniProt Keywords	KW-0597	Phosphoprotein
scrib	7227.FBpp0300852	UniProt Keywords	KW-0677	Repeat
scrib	7227.FBpp0300852	UniProt Keywords	KW-0963	Cytoplasm
scrib	7227.FBpp0300852	UniProt Keywords	KW-0965	Cell junction
scrib	7227.FBpp0300852	UniProt Keywords	KW-1003	Cell membrane
scrib	7227.FBpp0300852	InterPro	IPR001478	PDZ domain
scrib	7227.FBpp0300852	InterPro	IPR001611	Leucine-rich repeat
scrib	7227.FBpp0300852	InterPro	IPR003591	Leucine-rich repeat, typical subtype
scrib	7227.FBpp0300852	InterPro	IPR032675	Leucine-rich repeat domain superfamily
scrib	7227.FBpp0300852	InterPro	IPR036034	PDZ superfamily
scrib	7227.FBpp0300852	InterPro	IPR050614	Synaptic Scaffolding LAP/MAGUK Families
scrib	7227.FBpp0300852	InterPro	IPR055414	Disease resistance R13L4/SHOC-2-like, LRR domain
scrib	7227.FBpp0300852	SMART	SM00228	Domain present in PSD-95, Dlg, and ZO-1/2.
scrib	7227.FBpp0300852	SMART	SM00370	Leucine-rich repeats, outliers
scw	7227.FBpp0310402	GO Process	GO:0001703	Gastrulation with mouth forming first
scw	7227.FBpp0310402	GO Process	GO:0002165	Instar larval or pupal development
scw	7227.FBpp0310402	GO Process	GO:0003002	Regionalization
scw	7227.FBpp0310402	GO Process	GO:0003006	Developmental process involved in reproduction
scw	7227.FBpp0310402	GO Process	GO:0007154	Cell communication
scw	7227.FBpp0310402	GO Process	GO:0007165	Signal transduction
scw	7227.FBpp0310402	GO Process	GO:0007166	Cell surface receptor signaling pathway
scw	7227.FBpp0310402	GO Process	GO:0007167	Enzyme-linked receptor protein signaling pathway
scw	7227.FBpp0310402	GO Process	GO:0007178	Cell surface receptor protein serine/threonine kinase signaling pathway
scw	7227.FBpp0310402	GO Process	GO:0007275	Multicellular organism development
scw	7227.FBpp0310402	GO Process	GO:0007369	Gastrulation
scw	7227.FBpp0310402	GO Process	GO:0007378	Amnioserosa formation
scw	7227.FBpp0310402	GO Process	GO:0007389	Pattern specification process
scw	7227.FBpp0310402	GO Process	GO:0007444	Imaginal disc development
scw	7227.FBpp0310402	GO Process	GO:0007472	Wing disc morphogenesis
scw	7227.FBpp0310402	GO Process	GO:0007476	Imaginal disc-derived wing morphogenesis
scw	7227.FBpp0310402	GO Process	GO:0007498	Mesoderm development
scw	7227.FBpp0310402	GO Process	GO:0007502	Digestive tract mesoderm development
scw	7227.FBpp0310402	GO Process	GO:0007548	Sex differentiation
scw	7227.FBpp0310402	GO Process	GO:0007552	Metamorphosis
scw	7227.FBpp0310402	GO Process	GO:0007560	Imaginal disc morphogenesis
scw	7227.FBpp0310402	GO Process	GO:0008406	Gonad development
scw	7227.FBpp0310402	GO Process	GO:0009653	Anatomical structure morphogenesis
scw	7227.FBpp0310402	GO Process	GO:0009719	Response to endogenous stimulus
scw	7227.FBpp0310402	GO Process	GO:0009790	Embryo development
scw	7227.FBpp0310402	GO Process	GO:0009791	Post-embryonic development
scw	7227.FBpp0310402	GO Process	GO:0009886	Post-embryonic animal morphogenesis
scw	7227.FBpp0310402	GO Process	GO:0009887	Animal organ morphogenesis
scw	7227.FBpp0310402	GO Process	GO:0009888	Tissue development
scw	7227.FBpp0310402	GO Process	GO:0009953	Dorsal/ventral pattern formation
scw	7227.FBpp0310402	GO Process	GO:0009987	Cellular process
scw	7227.FBpp0310402	GO Process	GO:0010004	Gastrulation involving germ band extension
scw	7227.FBpp0310402	GO Process	GO:0022414	Reproductive process
scw	7227.FBpp0310402	GO Process	GO:0023052	Signaling
scw	7227.FBpp0310402	GO Process	GO:0030154	Cell differentiation
scw	7227.FBpp0310402	GO Process	GO:0030509	BMP signaling pathway
scw	7227.FBpp0310402	GO Process	GO:0032501	Multicellular organismal process
scw	7227.FBpp0310402	GO Process	GO:0032502	Developmental process
scw	7227.FBpp0310402	GO Process	GO:0035107	Appendage morphogenesis
scw	7227.FBpp0310402	GO Process	GO:0035114	Imaginal disc-derived appendage morphogenesis
scw	7227.FBpp0310402	GO Process	GO:0035120	Post-embryonic appendage morphogenesis
scw	7227.FBpp0310402	GO Process	GO:0035220	Wing disc development
scw	7227.FBpp0310402	GO Process	GO:0035295	Tube development
scw	7227.FBpp0310402	GO Process	GO:0045137	Development of primary sexual characteristics
scw	7227.FBpp0310402	GO Process	GO:0048513	Animal organ development
scw	7227.FBpp0310402	GO Process	GO:0048565	Digestive tract development
scw	7227.FBpp0310402	GO Process	GO:0048598	Embryonic morphogenesis
scw	7227.FBpp0310402	GO Process	GO:0048608	Reproductive structure development
scw	7227.FBpp0310402	GO Process	GO:0048646	Anatomical structure formation involved in morphogenesis
scw	7227.FBpp0310402	GO Process	GO:0048707	Instar larval or pupal morphogenesis
scw	7227.FBpp0310402	GO Process	GO:0048731	System development
scw	7227.FBpp0310402	GO Process	GO:0048736	Appendage development
scw	7227.FBpp0310402	GO Process	GO:0048737	Imaginal disc-derived appendage development
scw	7227.FBpp0310402	GO Process	GO:0048856	Anatomical structure development
scw	7227.FBpp0310402	GO Process	GO:0048869	Cellular developmental process
scw	7227.FBpp0310402	GO Process	GO:0050789	Regulation of biological process
scw	7227.FBpp0310402	GO Process	GO:0050794	Regulation of cellular process
scw	7227.FBpp0310402	GO Process	GO:0050896	Response to stimulus
scw	7227.FBpp0310402	GO Process	GO:0051716	Cellular response to stimulus
scw	7227.FBpp0310402	GO Process	GO:0055123	Digestive system development
scw	7227.FBpp0310402	GO Process	GO:0061458	Reproductive system development
scw	7227.FBpp0310402	GO Process	GO:0065007	Biological regulation
scw	7227.FBpp0310402	GO Process	GO:0070848	Response to growth factor
scw	7227.FBpp0310402	GO Process	GO:0071363	Cellular response to growth factor stimulus
scw	7227.FBpp0310402	GO Process	GO:0071495	Cellular response to endogenous stimulus
scw	7227.FBpp0310402	GO Process	GO:0071772	Response to BMP
scw	7227.FBpp0310402	GO Process	GO:0071773	Cellular response to BMP stimulus
scw	7227.FBpp0310402	GO Process	GO:0141091	Transforming growth factor beta receptor superfamily signaling pathway
scw	7227.FBpp0310402	GO Function	GO:0005102	Signaling receptor binding
scw	7227.FBpp0310402	GO Function	GO:0005125	Cytokine activity
scw	7227.FBpp0310402	GO Function	GO:0005488	Binding
scw	7227.FBpp0310402	GO Function	GO:0005515	Protein binding
scw	7227.FBpp0310402	GO Function	GO:0008083	Growth factor activity
scw	7227.FBpp0310402	GO Function	GO:0030545	Signaling receptor regulator activity
scw	7227.FBpp0310402	GO Function	GO:0030546	Signaling receptor activator activity
scw	7227.FBpp0310402	GO Function	GO:0046982	Protein heterodimerization activity
scw	7227.FBpp0310402	GO Function	GO:0046983	Protein dimerization activity
scw	7227.FBpp0310402	GO Function	GO:0048018	Receptor ligand activity
scw	7227.FBpp0310402	GO Function	GO:0098772	Molecular function regulator activity
scw	7227.FBpp0310402	GO Function	GO:0140677	Molecular function activator activity
scw	7227.FBpp0310402	GO Component	GO:0005576	Extracellular region
scw	7227.FBpp0310402	GO Component	GO:0005615	Extracellular space
scw	7227.FBpp0310402	GO Component	GO:0110165	Cellular anatomical structure
scw	7227.FBpp0310402	STRING clusters	CL:11416	Mixed, incl. Wnt signaling pathway, and Transforming growth factor beta receptor superfamily signaling pathway
scw	7227.FBpp0310402	STRING clusters	CL:11536	Mixed, incl. Transforming growth factor beta receptor superfamily signaling pathway, and Regulation of activin receptor signaling pathway
scw	7227.FBpp0310402	STRING clusters	CL:11537	Transforming growth factor beta receptor superfamily signaling pathway, and Amnioserosa formation
scw	7227.FBpp0310402	STRING clusters	CL:11538	Transforming growth factor beta receptor superfamily signaling pathway, and Amnioserosa formation
scw	7227.FBpp0310402	STRING clusters	CL:11577	Amnioserosa formation
scw	7227.FBpp0310402	COMPARTMENTS	GOCC:0005576	Extracellular region
scw	7227.FBpp0310402	COMPARTMENTS	GOCC:0005615	Extracellular space
scw	7227.FBpp0310402	COMPARTMENTS	GOCC:0110165	Cellular anatomical structure
scw	7227.FBpp0310402	Monarch	FBcv:0000349	Viable
scw	7227.FBpp0310402	Monarch	FBcv:0000351	Lethal
scw	7227.FBpp0310402	Monarch	FBcv:0000352	Partially lethal - majority die
scw	7227.FBpp0310402	Monarch	FBcv:0000354	Visible
scw	7227.FBpp0310402	Monarch	FBcv:0002000	Lethal - all die before end of P-stage
scw	7227.FBpp0310402	Monarch	FBcv:0002001	Lethal - all die before end of first instar larval stage
scw	7227.FBpp0310402	Monarch	FBcv:0002002	Lethal - all die before end of larval stage
scw	7227.FBpp0310402	Monarch	FBcv:0002003	Lethal - all die before end of second instar larval stage
scw	7227.FBpp0310402	Monarch	FBcv:0002004	Increased mortality
scw	7227.FBpp0310402	Monarch	FBcv:0002015	Partially lethal
scw	7227.FBpp0310402	Monarch	FBcv:0002019	Increased mortality during development
scw	7227.FBpp0310402	Monarch	FBcv:0002020	Some die during P-stage
scw	7227.FBpp0310402	Monarch	FBcv:0002026	Lethal - all die before end of prepupal stage
scw	7227.FBpp0310402	Monarch	FBcv:0002027	Lethal - all die before end of pupal stage
scw	7227.FBpp0310402	Monarch	FBcv:0002033	Lethal - all die during embryonic stage
scw	7227.FBpp0310402	Monarch	FBcv:0002037	Majority die during embryonic stage
scw	7227.FBpp0310402	Monarch	FBcv:0002039	Some die during pupal stage
scw	7227.FBpp0310402	Monarch	FBcv:0002041	Some die during embryonic stage
scw	7227.FBpp0310402	UniProt Keywords	KW-0165	Cleavage on pair of basic residues
scw	7227.FBpp0310402	UniProt Keywords	KW-0217	Developmental protein
scw	7227.FBpp0310402	UniProt Keywords	KW-0221	Differentiation
scw	7227.FBpp0310402	UniProt Keywords	KW-0325	Glycoprotein
scw	7227.FBpp0310402	UniProt Keywords	KW-0339	Growth factor
scw	7227.FBpp0310402	UniProt Keywords	KW-0732	Signal
scw	7227.FBpp0310402	UniProt Keywords	KW-0964	Secreted
scw	7227.FBpp0310402	UniProt Keywords	KW-1015	Disulfide bond
scw	7227.FBpp0310402	Pfam	PF00688	TGF-beta propeptide
scw	7227.FBpp0310402	InterPro	IPR001111	TGF-beta, propeptide
scw	7227.FBpp0310402	InterPro	IPR001839	Transforming growth factor-beta, C-terminal
scw	7227.FBpp0310402	InterPro	IPR015615	Transforming growth factor-beta-related
scw	7227.FBpp0310402	InterPro	IPR017948	Transforming growth factor beta, conserved site
scw	7227.FBpp0310402	InterPro	IPR029034	Cystine-knot cytokine
scw	7227.FBpp0310402	SMART	SM00204	Transforming growth  factor-beta (TGF-beta) family
upd3	7227.FBpp0112376	GO Process	GO:0001700	Embryonic development via the syncytial blastoderm
upd3	7227.FBpp0112376	GO Process	GO:0001894	Tissue homeostasis
upd3	7227.FBpp0112376	GO Process	GO:0002164	Larval development
upd3	7227.FBpp0112376	GO Process	GO:0002376	Immune system process
upd3	7227.FBpp0112376	GO Process	GO:0002520	Immune system development
upd3	7227.FBpp0112376	GO Process	GO:0003006	Developmental process involved in reproduction
upd3	7227.FBpp0112376	GO Process	GO:0003008	System process
upd3	7227.FBpp0112376	GO Process	GO:0006950	Response to stress
upd3	7227.FBpp0112376	GO Process	GO:0006952	Defense response
upd3	7227.FBpp0112376	GO Process	GO:0006955	Immune response
upd3	7227.FBpp0112376	GO Process	GO:0006959	Humoral immune response
upd3	7227.FBpp0112376	GO Process	GO:0007154	Cell communication
upd3	7227.FBpp0112376	GO Process	GO:0007165	Signal transduction
upd3	7227.FBpp0112376	GO Process	GO:0007166	Cell surface receptor signaling pathway
upd3	7227.FBpp0112376	GO Process	GO:0007259	Cell surface receptor signaling pathway via JAK-STAT
upd3	7227.FBpp0112376	GO Process	GO:0007267	Cell-cell signaling
upd3	7227.FBpp0112376	GO Process	GO:0007275	Multicellular organism development
upd3	7227.FBpp0112376	GO Process	GO:0007276	Gamete generation
upd3	7227.FBpp0112376	GO Process	GO:0007281	Germ cell development
upd3	7227.FBpp0112376	GO Process	GO:0007292	Female gamete generation
upd3	7227.FBpp0112376	GO Process	GO:0007586	Digestion
upd3	7227.FBpp0112376	GO Process	GO:0008284	Positive regulation of cell population proliferation
upd3	7227.FBpp0112376	GO Process	GO:0009605	Response to external stimulus
upd3	7227.FBpp0112376	GO Process	GO:0009607	Response to biotic stimulus
upd3	7227.FBpp0112376	GO Process	GO:0009611	Response to wounding
upd3	7227.FBpp0112376	GO Process	GO:0009790	Embryo development
upd3	7227.FBpp0112376	GO Process	GO:0009791	Post-embryonic development
upd3	7227.FBpp0112376	GO Process	GO:0009792	Embryo development ending in birth or egg hatching
upd3	7227.FBpp0112376	GO Process	GO:0009987	Cellular process
upd3	7227.FBpp0112376	GO Process	GO:0010669	Epithelial structure maintenance
upd3	7227.FBpp0112376	GO Process	GO:0019730	Antimicrobial humoral response
upd3	7227.FBpp0112376	GO Process	GO:0019953	Sexual reproduction
upd3	7227.FBpp0112376	GO Process	GO:0022412	Cellular process involved in reproduction in multicellular organism
upd3	7227.FBpp0112376	GO Process	GO:0022414	Reproductive process
upd3	7227.FBpp0112376	GO Process	GO:0022600	Digestive system process
upd3	7227.FBpp0112376	GO Process	GO:0023052	Signaling
upd3	7227.FBpp0112376	GO Process	GO:0030097	Hemopoiesis
upd3	7227.FBpp0112376	GO Process	GO:0030154	Cell differentiation
upd3	7227.FBpp0112376	GO Process	GO:0030277	Maintenance of gastrointestinal epithelium
upd3	7227.FBpp0112376	GO Process	GO:0032501	Multicellular organismal process
upd3	7227.FBpp0112376	GO Process	GO:0032502	Developmental process
upd3	7227.FBpp0112376	GO Process	GO:0035166	Post-embryonic hemopoiesis
upd3	7227.FBpp0112376	GO Process	GO:0035167	Larval lymph gland hemopoiesis
upd3	7227.FBpp0112376	GO Process	GO:0035168	Larval lymph gland hemocyte differentiation
upd3	7227.FBpp0112376	GO Process	GO:0035171	Lamellocyte differentiation
upd3	7227.FBpp0112376	GO Process	GO:0036335	Intestinal stem cell homeostasis
upd3	7227.FBpp0112376	GO Process	GO:0038001	Paracrine signaling
upd3	7227.FBpp0112376	GO Process	GO:0042060	Wound healing
upd3	7227.FBpp0112376	GO Process	GO:0042127	Regulation of cell population proliferation
upd3	7227.FBpp0112376	GO Process	GO:0042386	Hemocyte differentiation
upd3	7227.FBpp0112376	GO Process	GO:0042592	Homeostatic process
upd3	7227.FBpp0112376	GO Process	GO:0043207	Response to external biotic stimulus
upd3	7227.FBpp0112376	GO Process	GO:0044419	Biological process involved in interspecies interaction between organisms
upd3	7227.FBpp0112376	GO Process	GO:0048468	Cell development
upd3	7227.FBpp0112376	GO Process	GO:0048477	Oogenesis
upd3	7227.FBpp0112376	GO Process	GO:0048513	Animal organ development
upd3	7227.FBpp0112376	GO Process	GO:0048518	Positive regulation of biological process
upd3	7227.FBpp0112376	GO Process	GO:0048522	Positive regulation of cellular process
upd3	7227.FBpp0112376	GO Process	GO:0048534	Hematopoietic or lymphoid organ development
upd3	7227.FBpp0112376	GO Process	GO:0048542	Lymph gland development
upd3	7227.FBpp0112376	GO Process	GO:0048609	Multicellular organismal reproductive process
upd3	7227.FBpp0112376	GO Process	GO:0048731	System development
upd3	7227.FBpp0112376	GO Process	GO:0048732	Gland development
upd3	7227.FBpp0112376	GO Process	GO:0048856	Anatomical structure development
upd3	7227.FBpp0112376	GO Process	GO:0048869	Cellular developmental process
upd3	7227.FBpp0112376	GO Process	GO:0048871	Multicellular organismal-level homeostasis
upd3	7227.FBpp0112376	GO Process	GO:0048872	Homeostasis of number of cells
upd3	7227.FBpp0112376	GO Process	GO:0050789	Regulation of biological process
upd3	7227.FBpp0112376	GO Process	GO:0050794	Regulation of cellular process
upd3	7227.FBpp0112376	GO Process	GO:0050896	Response to stimulus
upd3	7227.FBpp0112376	GO Process	GO:0051707	Response to other organism
upd3	7227.FBpp0112376	GO Process	GO:0051716	Cellular response to stimulus
upd3	7227.FBpp0112376	GO Process	GO:0060249	Anatomical structure homeostasis
upd3	7227.FBpp0112376	GO Process	GO:0060729	Intestinal epithelial structure maintenance
upd3	7227.FBpp0112376	GO Process	GO:0065007	Biological regulation
upd3	7227.FBpp0112376	GO Process	GO:0097696	Cell surface receptor signaling pathway via STAT
upd3	7227.FBpp0112376	GO Process	GO:0098542	Defense response to other organism
upd3	7227.FBpp0112376	GO Process	GO:0140546	Defense response to symbiont
upd3	7227.FBpp0112376	GO Function	GO:0005102	Signaling receptor binding
upd3	7227.FBpp0112376	GO Function	GO:0005125	Cytokine activity
upd3	7227.FBpp0112376	GO Function	GO:0005488	Binding
upd3	7227.FBpp0112376	GO Function	GO:0005515	Protein binding
upd3	7227.FBpp0112376	GO Function	GO:0030545	Signaling receptor regulator activity
upd3	7227.FBpp0112376	GO Function	GO:0030546	Signaling receptor activator activity
upd3	7227.FBpp0112376	GO Function	GO:0048018	Receptor ligand activity
upd3	7227.FBpp0112376	GO Function	GO:0098772	Molecular function regulator activity
upd3	7227.FBpp0112376	GO Function	GO:0140677	Molecular function activator activity
upd3	7227.FBpp0112376	GO Component	GO:0005576	Extracellular region
upd3	7227.FBpp0112376	GO Component	GO:0005615	Extracellular space
upd3	7227.FBpp0112376	GO Component	GO:0110165	Cellular anatomical structure
upd3	7227.FBpp0112376	STRING clusters	CL:11137	Mixed, incl. MAPK signaling pathway - fly, and Cell surface receptor protein tyrosine kinase signaling pathway
upd3	7227.FBpp0112376	STRING clusters	CL:11138	Mixed, incl. Cell surface receptor protein tyrosine kinase signaling pathway, and MAPK signaling pathway - fly
upd3	7227.FBpp0112376	STRING clusters	CL:11280	Mixed, incl. Cytokine-mediated signaling pathway, and MAPK cascade
upd3	7227.FBpp0112376	STRING clusters	CL:11352	Mixed, incl. Cell surface receptor signaling pathway via STAT, and Epithelial to mesenchymal transition
upd3	7227.FBpp0112376	STRING clusters	CL:11354	Cell surface receptor signaling pathway via STAT, and Somatic stem cell division
upd3	7227.FBpp0112376	KEGG	dme04391	Hippo signaling pathway - fly
upd3	7227.FBpp0112376	Reactome	DME-209209	Formation of the activated receptor complex
upd3	7227.FBpp0112376	Reactome	DME-209228	Formation of the activated STAT92E dimer and transport to the nucleus
upd3	7227.FBpp0112376	Reactome	DME-209405	JAK/STAT pathway
upd3	7227.FBpp0112376	Reactome	DME-210688	Dephosphorylation by PTP61F phosphatases
upd3	7227.FBpp0112376	Reactome	DME-5252538	Drosophila signaling pathways
upd3	7227.FBpp0112376	WikiPathways	WP3660	Humoral immune response to fungal and bacterial pathogens
upd3	7227.FBpp0112376	COMPARTMENTS	GOCC:0005576	Extracellular region
upd3	7227.FBpp0112376	COMPARTMENTS	GOCC:0005615	Extracellular space
upd3	7227.FBpp0112376	COMPARTMENTS	GOCC:0110165	Cellular anatomical structure
upd3	7227.FBpp0112376	Monarch	FBcv:0000349	Viable
upd3	7227.FBpp0112376	Monarch	FBcv:0000354	Visible
upd3	7227.FBpp0112376	Monarch	FBcv:0000357	Abnormal size
upd3	7227.FBpp0112376	Monarch	FBcv:0000364	Sterile
upd3	7227.FBpp0112376	Monarch	FBcv:0000370	Male sterile
upd3	7227.FBpp0112376	Monarch	FBcv:0000374	Fertile
upd3	7227.FBpp0112376	Monarch	FBcv:0000376	Male fertile
upd3	7227.FBpp0112376	Monarch	FBcv:0000377	Female fertile
upd3	7227.FBpp0112376	Monarch	FBcv:0000385	Short lived
upd3	7227.FBpp0112376	Monarch	FBcv:0000386	Long lived
upd3	7227.FBpp0112376	Monarch	FBcv:0002004	Increased mortality
upd3	7227.FBpp0112376	UniProt Keywords	KW-0472	Membrane
upd3	7227.FBpp0112376	UniProt Keywords	KW-0812	Transmembrane
upd3	7227.FBpp0112376	UniProt Keywords	KW-1133	Transmembrane helix
upd3	7227.FBpp0112376	Pfam	PF15972	Unpaired protein
upd3	7227.FBpp0112376	InterPro	IPR031901	Unpaired protein
